0	011d146e-6421-473c-9113-db799be619e8 runid=ed1de13037eb1bcfeefc20d46af38743bdac68e6 read=10775 ch=73 start_time=2020-02-10T17:15:26Z flow_cell_id=ACE547 protocol_group_id=barcode_test sample_id=barcodes_fish H-(2,9),H+(2,11) c1	CGGTAATAGCACGTTCAGTTACGTATTGCTCAGGTTAGCATGTCGCGATGGAACTACTTGCCTGTCGCTCTATCTTCCTAGACTTCTGGGTAGCCCGAAAAATCAGAATAAGTGTTGGTATAAATGGGATCACCTCCTCCAGCAGGAGTCAAGAAAGAAAGTATTAAGATACGGTCAGTTAGAAGTATTGTGATACCAGCTGCTAAGACGAGGGAGAGATAATAGTAGAGCACGGCTGTAGTAGTACTGCTCAAACAAATAGAGGTGTTTGGTACTGTGAAAGTGGGTTTCATATTAATAATTGTGGTAATAAAATTAATTGCCCCAGAGGTGATGAAATCCCTGCTAGATGAAGAAAAATAGTGAGATCTTAGATGCTAGCATGAGCGAGGTTTTCCGGCTAAAGGTGGATAGACAGTTCAGCCTGTTCAGCTAGCTTCTGCAGAGGATGCTAAAAGGCAGGAAAGATGGAGGAAAGTCAGAAACATGTTATTTATTCGAGAAAGCTATATCTGGTGCCGATCATTAGAGGAATGAGTCAGTTCCCAAAGCCTCAATTATTAGTGGTATTACTATAAGAAAGAATTGTTACGAAGCGTGCGCTGTAACGATCACATTATAAATTGATCATCGCCAAGAAGTGCACCAGGTTGACTTAGTCTGCTCGAATGAGCGAGCAGGGCTGTTCGGCTAGCCAGCTCAGGCACCAAATACGAGATAAAAGGTGTAATATCCTTGTGGTTGGTTGAGAAGCAATATCGCACCAACAGAAAGGTGTAAGTATTGGTAATGCTCAGTTAACAATACGTAACT	1$&$$#%(##$#?7+@',+=.45731(5@-:%))A&2168448=129133<2===21224>@;5197;>;9=7:<>$)1((:;;/7--58.$,2,(457=B6391(,1./(-15==951/.36:553=22:1687.5*1B6-+,-/*0)>>..330(37%-67%&)(+($%.3,'<==B@2(('#$$&''&,-35?*<4&)5;6@5+<++%*1-*('1:@B<773;7+*&,-*+1,.(*-*/'/5/36+:8=72$7:7;687''7A?:G4<BCAB@8/),((')$'-3<60+''''32//(*,*',5=:*05:<:>?5%%'&999(,3*/0242123A>78>--+$$,-1248,:8+@:(%&(1//<;7511//7//3$,-55113)&&',11>;0(.)/45;B+3:@A@.(((8=;@B1<4-345/=-4/--&%%-03/-$7/8;1HB>CE=>>2('134=;*:*8;33/.-,%.*-2?0-06*+:>@B@;8=@=K3;0-7&3,56/)$&3;2/%2#$'-*9:.=>00475()+&'1/<,8-28872*&(.'+?:../(+.')<:<<:-.;=<?>C@*4,$,%$#%$4..%%&%'--=ABEAF:7:379)$4(*//0/**%$%&/69,4=A0/00),01:<.&&'-')>>;8,$$('#$#'88,>523+,(&#%%$'(.03AD+=%5*&%&'%&'(&&(+(+.*))0/+223(()'3014.%')5*&2,26//2,57&$%9%33A5/+&(.*/=1./.5()),>7$:@47<-/2@2.2'&+/12)6881-,71:%%%3',06(&&&()+,#&	263.9924922499754	0.09322809244911466
1	6d115b36-df06-42ae-a85e-7a9c9c77f6a7 runid=ed1de13037eb1bcfeefc20d46af38743bdac68e6 read=18400 ch=40 start_time=2020-02-10T18:05:03Z flow_cell_id=ACE547 protocol_group_id=barcode_test sample_id=barcodes_fish H+(0,11),h-(2,-1) c1	CAGTACTTCGTTCAGTTGCGTATTGCTAACTCGAGCATTACCAATACTACACCTTTCTGTTGGTGCTGATGTTGCTTCTCCAACCAACCACAAGGACATCAGCACCCTTTATCTCGTATTTGGTGCCTGAGCCGGCATGGTCGGAACAGCCTAAGCCTGCTCATTCGAGCAGAGCTAAGTCAACCTGGTGCACTTCTTGGTGATGATCAGGGTATAATGTGATCGTTACAGCGCACGCTTTCGTAATAATTTTCTTTATAGTACCACTAATGGTGGAAGCTTTAGGAACTGACTCATTCCTCTAGTGATCAGTGCACCAGATATAGCTTTCCCTCAAATAAGTAACATAAGCACAGCTTCTTCCTCCATCTTTCCTGCTCCTTTTAGCATCCTCTGGTGTAGCTGGGGCTGGAACAGGCTGGAACATCTATCACCTTTGCCGGAAACCTCGCTCATGCTGGGGCATCTGTTGATCTCACTATTTTTCTCCTCATCTAGCAGGATTTCATCAATTCTTGGACAATTAATTTTATTACAATTATTAATATGGGAATATCGGCAGTTCACAGTACCAAACACCCTATTTGTTTGAGCAGTACTAATTACTGGCTGATAGCTTCTACTATTATCTCTCCCCGTCTTGGCAGCTGGTATCACAATGCTTCTAACGACCGTAATCTTGTACTTCTTTTCTTTGACCTGCTGGAAGAGGGTAGTCCCATTTTATACCAACACTTATTCTGGTTTTAAATACAGAAGTCTGAAGATAGAGCGACAGGCAGAAATGGTTCCATCGCGACATGCTAACTCGAGCAATACGTAGGC	,$$$&0554*=58$.$%$+,9124+$,&'114*)4101:),>?3/.11+()+*)-536:;6<9>0,45',*4))*286/)C8,%1:$//(++,'701..3'8<=;:6(6>364.812103329DB<:;7-0/-/-$(&%.-4*>5,''(770.+*>><?%*A113=0/,))+'/22,**.-&+;<*76@=;<11FDFF>2;3453(%7,($$&(.2..'+12233/4')/09500/10=DA60/.-/0-.45569;6267/5.79:<522((+4*1'$,56;6$)(.1,928A@>.IF(2134'046($<)6?.)*-1'''$&%,-EGJA?B?.1-.,*/(#&'&.,04/'$###%-;92;:2842?76269:*-)(::6;<=;:6@AB99<;+839?43$(--..<5BA77'/222*)(&%$&$&/1%'%5'''()*'&&(,#'1340,2DCGE??@=9/398655/'6$33856?;:37EEEB7359?9?-+:$#)')'($%9;=71+).(7522,&&%'&%)'/)546--0%$(($./34;.)))*$$&$%%%%$#&&()0/%$$.-,)+12,'7AAA03358/;D7-+(+,$4463;AFC0-00<53/'&/+**-*'*/6:48<7,'0&-7;;6;>77&,,/59<95:)%/))+*%%8:0741)&(-*+**,,5760%-,764+36;:=DD=%%%&+-9;A=-**%%0*''';<>E=KIG=,''''123-)34+++-082572%'*+0,)))3*'+--,,2E0++*$*,1.,,)(%'#(,*$$'B5-*)01++10*+'',,0.4/5.$'5:897,++$%$$	264.34678855071206	0.10202999123414358
2	5f2ce489-0cd1-407e-a55a-7ebfdfe801b3 runid=ed1de13037eb1bcfeefc20d46af38743bdac68e6 read=100 ch=71 start_time=2020-02-10T15:33:52Z flow_cell_id=ACE547 protocol_group_id=barcode_test sample_id=barcodes_fish H+(1,8),H-(0,11) h1	CATGCTTCATTGGGTATTATTCTTCATAGATTGAACCTGTCAGTTATTTCTGTTGGTGCTGATATTGCTTCTCAGCAACCACAAAGATATCAGCACCCTTTATCTTTGGTGCCTGAGCGGCATAGTCGGAACAGCCAGCCTACTCATTCGAGCAGAGCTAGAATCAACCTGGTGCACTTCTAGGTGATCAAATTTATAATGTGGTGTCACAGCACACACTTCGTAATAATTTTCTTTATAGTAATACCACCCCAATAATTGGAAGCTGGAAACTGACTCATTCACTCTAATGATTGGTGCCCCAGATATGGCTTTCCCTCAGATAAACAACATGAAGTTTCTGACTTCTTCCTCCCGCTTTTCTGCTTCTTTGCTAGCATCATCTGGAGTAGAAGCTGGAGCTGGCACAGGTTGAACTGTTTATCCCCCTTTAGCTGGGAAACCTCACTCATGCTGGGGCATCTGTTGACCTCACTATTTTTCTCTTCATCTAGCCGGAATTTCATCAATTCTTGGAGCAATTAATTTATTACCACAATTATTAATATAAAACCTCCTGCAATTTCAATATCAAACACCCCTTTTTGTTTGAGCGGTCTAATTACAGTATTAGCTGCTATTATCTCTTCCGTCCTAGCCGCCGGTATCTGTACTTTTAACTGATCGTAACCTCAATACTTCTTTCTTTGATCCTGCTGGAGGAGGTGACCCCATTTATATCAACATTTATTCTGATTTTCGGCCGCGAAGTCTAGAAGATAGGCGACAGGCAGAGTATCTTCTGAGCACGACACCGTAATGAAGCAATACGTAA	)&%#$%,/()+%&###$%##'))9<0++,')*6<B787+&B1>145<=C@(?A;;@?2-890))))++03/*=;&2-&1334=1.,6853;$355874$'(-(&&&&-8752+..*.0+<;1,,/+3,,))&&$$#&#$#$#'36+1-(('*%%&$-/1-%(%/762:==>86))**+1,))+0=*,(@@.*03168C<6553)89=>0233/-+*#&%+08**,,>C>BCF?@;;84;<0?D:67%%73$$$4.)*(()(3&&%%2&)&(%&(.*228;E*:%#&+*.++,599*.>,+**)09;77/1755::1@:)7()77==78B598$$0#84811-3@<=A=A9=A?06+%'.57:=@=<=?;;:8%"#&56??C=;DFA;-@?:/-*-@?B=30-.-/**++0%7$77:7B-:@F:8:?<41$..///.+&%$)-1+')$.049DD@EA9?>963.7987;84+-6;@>BEGJI@A<*@E?=;=:-%%&(,'.'6=<@=?,<4IDC>)/$.04,/5.,,/+6<=8:6446204;=@DCBBCGA8:5680/>1231/='3%,5+&;2)%($)))##'66552=:;95$$869:*2-0*$$,2001+*/1//5$*-.;B<:;6'')&&(0'.,-.:+7??-&6(*.,--3222'.3467?3:<3<;99:72298A>CBIBA@08:?BF0EAEE?>4).%'*,*---+4@BB;996??3:>>@=BH?1HECSOH3<30.++&$$563/'(+0-9/%%%,:A*%%&/((&$'13;::6428/43636)%0;<<:=1,/.&*)*'&&,1.,&	314.4046699672074	0.08685636308599044
3	c940fe70-3809-4d95-a3a2-85a879438017 runid=ed1de13037eb1bcfeefc20d46af38743bdac68e6 read=42 ch=90 start_time=2020-02-10T15:33:11Z flow_cell_id=ACE547 protocol_group_id=barcode_test sample_id=barcodes_fish H+(1,10),h-(4,-1) w1	GTTGTGCTTCGTTCGGTGCATTGCTATATCCTTGAGTGGATCGATCTGAGTGTTTCTGTTGGGTGCTGGCCTTCTCAGCCAACCACAGGATATCGGCGCCCTCTATCTCATGTTGGTGCTTGAGCCGGCATAGTCGCGGAACAGCCTAAGCCTACTCATCGAGCAGAACTTAGTCAACCAGGCGCACTCCTGGGCGACGATCAGGTATAACGTGATCGTCACGGCACACTGTCGTAATAATCTTCTTTATAGTAATACCGCTAATAATTGGAGGCTTCGAAGCGGCTCGTCCCCTGTGATCGGAGCCCCGACATGGCCTTCCCCGAATAGAAGCAACGCGAGCTTCTGACTCCTCCTCCATCGTTCCTGCTCCTCTAGCATCTTCCGGGGTGGAAGCCGGGCGGGACAGGCTGAACAGTCTATCCCCCTCTTGCAAATGTCTTGCCCTTGCTAGCGCTTCCGTTGACCTCACCATTTTCTCCTCACCTAGCAGGCGTTTCATCAATTCTGGGAGCAGTGGTACAATACTACCATCATCAACATAAAACCCCTGCCATTTCTAATACCAAACACCCTCTTTGTTTGATCCGTCCTTAATACAGCCGTACTCCTCCTATATCCCTGCCCGTCTAGCCTTAGCATCACAATACTACTAACCGACCGAAACCTCAACCTCTTTCTTTGACCCCGCCGGAGAGGGGGCCCAATCTGTACCAACACCTATTCTGATTCTTCGGCCGCAGAGATCTGAAGATAGGCGACAGTGAATGGGTCCTAGTAGTGGTGCCAGGAATAATCTGTAACT	%+,%$$'.-2:36/&.@.'&#%)()-<B44956(&8@DG6130&++$$$-')6E8@><?=3-5=;10*$"#$-.(11%#%5.1*''(*610-)'&%+,01+'<;4@B>=-/.>9/374((+;;=EC874+))*&)%%':,;77C:6-84&11-(*-4,+;.--'03/=55:*/8=8$&3/86&%%17C=?:;@612(00)++)+&++9E<>@C?56:0,<'+0(&%$%%##1/-/0/28978=*5)CA+%%+4;755/-$%(4-*+*+80+'.(--+6,&%'23-15:7676/'0((/-'&&,&),((&+)*.68:95)5+22$00637(/.',-'%$#')0%%'&%-+10('**,85708:=>=&+&0()8/*92,248@BB6(0&,0.=<.--44'244'&53,'''+0,01'$$+01.22469;0+3..%%/.%$$/-/,(&&%###"*$*%&&(),02;<869413,,-(6;<615;=,2%.//'212+(337A21)(5352:=54-1%*./%3$%,##)%*+858;<>>@76><0:>;@<62:29/-3-679>2.$$$$##(+.,-0021)'389+9::0855.312506*$-.01&)))+)9698;)63$*0((3.*133<)%:)%+*)#$$(*)/80;7*&&220*-//...*/-))+*0&&0)$$)/8>>E@GC495651.%$%&*$&#+-+-&-3)864.-*)&))/+$079879(C)A;;CEI6:2)$$$*'*$&#+/)*(2.6///*+)*&&%$()*'&)%)'00%/,((*%$-##%&%$%&%'%'$%##%#"#	201.9503144551962	0.1286333939255715
4	9705d183-4e1e-4a45-9a72-f569e0689833 runid=ed1de13037eb1bcfeefc20d46af38743bdac68e6 read=66424 ch=81 start_time=2020-02-11T01:12:00Z flow_cell_id=ACE547 protocol_group_id=barcode_test sample_id=barcodes_fish h-(1),h+(2) h1	GGTATGCTAAGTTCAGTGCAGTATTGCTTCATTACGGTGTCGTGCTCGAAGATACTTGCGCAATCGCTCTATCTTCTAGACTTCTGGGTGGCGAAAAATCCGAATAAATGTTGATATAAAACCGGTCACCTCCTCCAGCAAGTCAAAGAAAGAAGTATTGAGGTTACGATCAGTTAAAAATATTGTGATACCGGCTAAGACGGGAAGAGATAATAGCAGGCTTTGGCTGGTAGGACTGCTCAAGCAAAGGGATGTTTTGATATTGTGTGGTATAGGAGGTTTTATATTAATAATTGTGTTGACCAAATTAATTGCTCCAGAAATTGATGAAATTCAGCTAGATGAAGAAAAATGGTGAGGTCAGCAGTGCTGGCATGAGCAGGTTCAACTAAAGGGGATAAACTTAGTTCAACCTGTGCCAGCTCAGCTTCTACTCAGATGATGCTAAAAAAGAAATAGAAAAGATGGGAGAAGAAGTCAGAAACTTATGTTGTTTATTCGAGAGAAAGCCATATCTGGGGCACAATCATTAGACGAGTCAGTTCCAGCCTCATTATTAGTAGTATTACCCCATAAAGAAAATTATTGTGCGAGCGTGTGCTGTGACAATCACGGTATAGGGTGAAGTCATCACCTGAGTGCACCAGGTTGACTTAGCTCGGCTCGAATGAGCAGGCTTAAGGCTGTTCCGACTATGCCAAGCTCAGGCACCAAATACGAATAAAGGGTGCCGATGTCCTTGTAGTTGGTTGAAGCTTAATATCAGCACCAACAGAAATAACTGACAGGTTCAATCTGTAAGTAGCAATACGTAAC	%()(&%%,&(+++1$)7+**$%&#&-.1/8('*(,,0:0%)/4.896%%1'-&&&&')&#$$$)&&*/6.,8=?.=,67<;;/4/&)(-*''(,9465%%5%&,.69>23@3@:458?>3'%%%024/*+-*10&1'&%'%%,796(+--%()%$&&$')21.;+%$&(,(*-&)*A0/(%%$%$%/.00-((+($&(/,((*-'.*150))&&&(')('***'&6/.(%4+/71+>&%&'3.&431%)&&&''(+-'2.(((*)),%'&+'$%*645,%2,*-..''((%&%(2&)%"#%&#&1,(,/-%$'1/0%=;*.+236==268,2),1$,,3.0=6678)2-C<9000/20*4-90$%(&%''&$))+%%%%&%&'6*$'%'')2**,3:710*+$$$0.3376$77,/64/1,21(+%$$*-**#%,.&(.*,,('$'+8.)&&&()%#('88+&()''-&*%.3,62)&;$$(,/*,-.7684.:=6?A7=76+,&,+.(5<311.1&$))%##$4:9;+,,((#''%.58+2*0%/%%$#%$)"%,+-)'#$+4.&(-0//-.37:3'-..,24'''))$#$%&9@DB6>?=824+'1142-##&/+),%&&))%%'334;@740/*%'-*$$&-*7>B9D<?>;0*1*.$,+..&#$%%%&&&%$"##-,%,8<>C>().-%%'$$#$(($+,5**,))%&/1866//-3-.1%$*''#%&+*('''*(('#%%%''$%&%'),,,,53-,-4-36700='-..:I9>B58;;0--.-<4;7-0/+++(%'''(,2+**$&&'$#	131.21009212716763	0.15933317110923087
5	c6332280-c083-4e3e-a81f-0f27cfddca59 runid=ed1de13037eb1bcfeefc20d46af38743bdac68e6 read=14130 ch=7 start_time=2020-02-10T17:36:15Z flow_cell_id=ACE547 protocol_group_id=barcode_test sample_id=barcodes_fish h-(3),h+(2) c1	CGTGTGCTTCGTTCAGGTGCGTATTGTAGGTTAGCATGTCGCGATGGAACTGCCTGTCGCTCTGTCTTCTGGAGCTTCTGGTGGCCGAATCCAGGAGCCTCTGCTGTTTCTACACTCAGGTAATCTTCTTCAGGCATCCTTGTGAGATAATTGAACATCTGGGTGAGATGGTGAACGTACTTGTGAAACTGTGCACATCCTTGTGAGATGGTGGGGCGTACTGGTGAGCTGGTGATCATCTTAGTAGGATGGTGAACATCTCGTGACATGGTGAATATGGTGAAGGGTGAAAGTAGATGTCCCCTCCATAGCGTATTTACAATTTTACTTAATTATTTGCTGTCTGTTTCCCTTTTGAGAGAGAGAGAGGAGAGAGGAGGAGGAGGGAAGATAGCCTGACACCATGGGAGCAGATGGTGGGAGGTCCATCCTGGGTACTGCTCTAATGTAATGGATGGAATGGAGTAAATGTGTGTATCTTTCAAGATTGATTGGCTCACGTTCCATTTGCAGGACACGGGAGCCGATATCTTGTGGTTGGTTGAGAAGCAATATCAGCACCAACAGAAAGGTGTAGTATTGGTAATGCTCAAAGTTGGCAATGCGTAAT	%##'$%(*/..80.$.'5)*.40/0&$#&%2#(-*35;89,,39222(-,2&%&.00-)6::<%-05/03%&$$77<7<82/%,)*,(())=0,($46997)*<?<9B>;8*%%%':162B@=<>==011%&(*)211133(-/*.''##&)/6:;7<>?4/613./2--(4((*'(-,2347$'3+001)<2//$)89@;:1'2-0-+)+7073&3343=D20552.875291*/028;;<$0-$(-)*$,73/%88>?'.58;86>$$*1((101)%48933-+,0&(%%&'($1,+1176)(/3&%%%"$%%&'-$$&&)0.,-**,;--0,,,/--3&7:>86@@=??2?<=><9*,%)$'%/-8650(.+47@:6'=8=910&*)-.2.4438?@D@@443'$&#638/6121%-+%'/-.37++/....*)042673,,/&%,68AEE>?@A:-312%-2666&&4*8/1:=BDE85,',546-+/2/;64,&&5%A2+89<$2//7>-*)&$'+(,1,..25>?AB->C;I;')='@8048.6?57/*B;;:;<>,'*+*52*,48,**%))),-31+'$&%&$%'*+.1&%$-'%$..,*'#	175.38283714500898	0.10418158433697762
6	01d334ed-3ca3-4180-93c7-f177ac0781bc runid=ed1de13037eb1bcfeefc20d46af38743bdac68e6 read=14258 ch=41 start_time=2020-02-10T17:38:14Z flow_cell_id=ACE547 protocol_group_id=barcode_test sample_id=barcodes_fish H+(3,10),H-(5,11) c1	CGGTATGCTTCGTTCGGTGCGTGACACTTACTCGAGCATTACCAATACTACCTTTCTCTGTTGGTGCCTTGTACTTCTCAACCAACCACAAGGATATTGGTTTGGGAGGTGCCATCAATGGAATGACATGCTTTTGGAATTGCACTGGCATGGATTTTGGGGATTATTTTAACATAAAGTGGTATAATCAGTAGGTTCCACAATGGTATGCTCATAAAATCGAAAATACTTTTAACAAGAACAGAGGCTTTGTTTTAAATATTTATAAGAGGCCGATTTATATTCCACGTTGCTTTCACTCTGTCACTTATCATATTTGTGAGAGCTCTGCTACTCACATTTATTAATATTTTTATTTTATTAGAGAAAATAGTTGACCGAGAAGTTTCTGAAGAGATGAGACAAAGGCCATCACTATAGAAAATGCTAATAATGCGGAAATCACTTTTAGCCAAAACAATGTTCTTGATAAACCCTTTCAAACGTGGCTCCTTAACTAAATGCAATGTATACCTACTGCTTAATCTGAAGGGTTGCGTGTGGTTTTGCTAAGAAATTGCCTGCTACAAATTTTTGCAGGAGCTGCTCATACCCTCAAGACTGTGCTCCTAGTTTTCCTGATTTTCAGCCACCCAGAAGTCTAGAAGATGAGAGCGACAGGCAAAGTAGTTCCATCATGACATGCTAACAGCAATGCGTGGC	,%(0)**7>865:8.$'-%#$$'%%$#$%%()+&%&*,*,+(-5100//'(''**+&%%%/$(%($$##%%,&67;:7(?,*7;%6:.-5++)86766'($%&)65(3-.%&(20/+,-1<3001452%%+7:;?58--(./05972-+.,(,#)-1-%0+4,6:$37///-,.,-'($6%/326D1+</$,$*%(&#'%&--()/446446=:9>?D+(7-/8,-68449:49856%%&)--+*+388;91@DF>BECACDK=600$**&)1.4//2<<9:=5*/%"&(,%%&,18-%*1-53@2&&)4<>2---1>6/00(%')-9BABABA04*%3579314226:6<<;:;@@EF879)-1%6:=9456:<945%/0+))(9<.;><.4338774,+::<3'+E@@)%:%$$54538>C3-+,(2;<?:93.5*4<*%3#"&'%$+/,/86;32911&%&%'*)',.20/.3*.-1,+$##%),890*014(#%8?=7588+((4413+.+'$%%$$&431;6+-7'9372())**3;67=;3+#$$'#/,&,/2;<2++%$%%&,26232'%%')'015:502++.::?+?:,.7:;<:3/4'59%:%(3/&(85,G@?42.,*))&'%/01002.&))&%$5&&$#%##*&$$&/18/(%')7*;861-.&%6428226,1&%%,,0*)).++'#%	182.71786615135616	0.12426504220859849
7	c4485c35-81ea-4d32-9554-05221f9f64b4 runid=ed1de13037eb1bcfeefc20d46af38743bdac68e6 read=16206 ch=54 start_time=2020-02-10T17:45:00Z flow_cell_id=ACE547 protocol_group_id=barcode_test sample_id=barcodes_fish H-(3,11),h+(2,-1) c1	GTTGTACTTCGTTTGATTACGTATTGCTCGGAGTGCATGTCACGATGGAACTACTTGCCTGTCGCTCTGTCTTCTGGGCTTCTGGGTGTGAAAAATCCCAGAACAAGTGTTGGTATAAATCAGGTCTCCTCCCCCGCAGTCAAAGCAGTGTTGAGGATTTTGATCTGTAGAGGCGGCATTGTGCCAGCAGCTAAAACTGGGAGAATAGCAGAAGGAGAACGGCTGTAGTAGGACATACGAACAAGGGAATTTAATTTTATGAAACAGTTGTAGGTTTCATGTTAATAATAGTGTGCAAAATTAATAGCCTAAAAATGAAGAAATTCCTGCCAGATGTAAAGATGGTCAGGTCTGCGGATATCCTGCATGCGCTAGGTTTCCAGATAAGGGAGGATCTGAGTTCTCAGTTCCTGCTCCGGCTACGCTGAGGGGCCAAAGGAGGAGAGAAATGAAGGGGCAAATCAAAAGCTCATGTTGTTTATTCAGTACTTTATATCAGAGCGCCAGCATAAGAAGGAATAAGTCGGTGCAAAACCTCCGATCATAATAAGTGTACCATGAAGAAAATCATTGCAACATGAGCCGTGACGGTAACATTGTAAATCGATCATCACCTGGCCCTGGCTGGCTGAGTTCAGCGCGATTAATGGCGAGGCTGTACCTGGCCCGGCGGGACGAATAAAATATAAAGTCCCAATGTCAATCTTGTGGTTGGTTGAGAAACAGCGTAACAGCAGAAAGGTGTAGTAGTAGTAATGCTCGAGTTGTAATACGTAAC	'#&%'&+00250/#'%(,',.5.+1/;'9%2#*3%')+.,*&2479;;)+/263515@B<913$&+&$#('$.$$$-%&&-)*/1,)&$()35;3)):%75@;8<.).3:4/,=76=;1/''36575042979*%$$$&'2&&'(-.1.240)$*)(782282318?=1,(%&$'*./00&%(,1&/-/200.+(&%'-=927%.,-*''&89,&)&('&&/00-%%%2174($###"%%67<*1&,//)0.$$#%$$/10&4166@78',/2.4E>71.,')//47+(((1'&$$06058;841:*?928534-%$$&))368@//641944;=958>0%58853:-/10.-%&*5'%%$$(('&10($$%-.017B4%<893,11)&+#-1+&%$##,-()$')+$5045,---4($#'&--,'-,4(1,5650'*=)5+&%'$,4525371*,'%&&$*323+%*$)/577=<=1@:4<<;%)+#$')))654622*,%%&'.%+*).'.7$0%;@??4%#')-?/3???5&'()5&&5:17=300'#,$+(.0((((3')*/.42/68--0),,*)$%%&((1001(18+568:++-+*03*'6;76>2751'-363/5>;96@;941)934-$##&$-&564)).$$$(*42+'$-,'$'&&%&%%$..'('&)+5828452731%++/'*''&%"#%&-+1-/34=3)'2,$#&&-(&&%&).40112//.38*3AB65577/$/$./)'$$$(1:2,#&&%'$%$((('&#	153.9135871888689	0.14761152274029826
8	b02422d2-829e-4309-ac36-ed74c04d905c runid=ed1de13037eb1bcfeefc20d46af38743bdac68e6 read=50301 ch=45 start_time=2020-02-10T23:15:53Z flow_cell_id=ACE547 protocol_group_id=barcode_test sample_id=barcodes_fish h+(1),h-(3) h1	CATTGTGCTTCCGTTCAGTTACATATTGCTACTTCATAAATTGAACCTGTCAGTTATTTCTGTTGGGTGTGATATTTAGCTACTCAGCTAACCACAAAGTTATTGGCAGCCTGTATCTGTGGTTTAGCTTAACCATGTTTTTAGTAGGTGGCGCTATTGGCCAAAAAGCTGATCATTCGTGCCGGTTATTAGCCGGACTGCAATAGTCGAACCGAATTTTTTCAACCAAGTTGACCACCTCACCGGGGTTTTGATCATGGTGTTTGGCGCTATGATACCTGCCTTTGTCAGTTTTAGCTAACTGAATGTTTTCAGCTGATGATAGGGGCGCCAGATGTGGCGCTCTGCGGATGAATAACTGGGTTTTGGATCTTGCCGTTGCCACTCATTATTATTTTGTTATCACTCTTTACGAAGGTGGCGGCTAACTTAGTTGGACCTTCATCCCCCATTATCAACTAAATACAGTCGACAATTACTGCCGATGTTGTATTCTCCGTACACATTTAATGGGGATCAGTTCGATAATGAGCGCGATTAACGTCATCGTGACTATTTATTATGCGCGCACCGGGCATGACATTAATGAAAATGCGCCAATGTTCGTGGACTTGGTTAATTACCGCATTCTATTAATTGCTGTTATGCCTGTATTGGCGGTACAGTGACCATGATCTTGACCACGATAAGTATTTCGGTGCCAGTTTCTTTGATGCTGCTGGCGGTGGCGATCGGTACTCTTCCAACATATTCTGGTTCATTCCCGGCCGCAGAAGTCTGAAGATGGGAGCGGCAGGCGTATCTTCTGAGCGACACCGTAATGGTAATACGTAAC	.'**-.$::;'0641+'-'-$%$%&$%$%*-17>:&%&$)2377:3/+)10(-+.+-/-649<60))0$#')&('(&$$$'%%(/%%$$%%$%/23/%.&)*&()($%#''*0%&0/,-%*-4=8&/,+,3059899=B:83&&/&)032030-&%#$(+$,1/-,)'0,76>@1;9;(%&+,&'#%$$%%$$%$2,'(311'&&*37.()('%-%13234(1'$%-.(&$$#*36,,-*5)&($%&)3:74//9@/(*,998?6$-&'&-$$(*'&'''&2)++&)*<&6&+50%%$&$').,$*$#')'$&#$$'+0052-/'%35.//6...%$$%)&$"&$$%0/9:&&&-.//12*),1;14,*8<?B@;B@636./0%$-1-250--,,./%%1%,*;((43463(&&&.*3422%%-+&,'"%$'+*,/73%%$$"#)),))%%893573726;672111($0*%#$$$$$(*%$%)%**8+$%%%($''+-1($#%$(,'%$%&)216.($,&--(;551.-%')(%&&$('%*+34*49/694484-11'#$0''-11/,+-(+9-)'%)'%%%'(($#%1;:%%%%05@A:?M=:/7.=8+++*-<*$+&':>>7=<>07<32520132059<634776652)*+)'''(&$%$(.5379+&&&8=6@=:23)(0,//-%01146</6@%@A1@,/@<>@:6@FF@@3422())2>2>56-%5&&$&*47<A&?6'4.4>B;3'')1,*#%&$,&*0-,,**+&*63;(('5>6%%&.%/''&$$%%'*8:<@?2<*+*%+),(&*+$$$$$().0)&&***)%$	151.3752352254429	0.16184922715598085
9	f20b9622-165b-4bbb-97ee-3584e796e6fa runid=ed1de13037eb1bcfeefc20d46af38743bdac68e6 read=17765 ch=43 start_time=2020-02-10T18:08:46Z flow_cell_id=ACE547 protocol_group_id=barcode_test sample_id=barcodes_fish H+(5,11),H-(3,7) c1	CAATGTACTTCCGTTCCGGTGTATTTGCTAACAAAGCATTACCAATACTACCTTTCTGTGTTGGTGCTGATCTTATTTATAATAGCCACAAAGACATTGGCTCCCTGTGTCCTGCGATGGAACGAAACCAGAAATCAATCTTGAAAATACCTGTTGCTCCATTCCCATCCATTAACGTGAAACCTTTTAGGATGGACTCTGCCCATCTGTCTCCATGGTGTCAGGGCTATTCTCCCTCCTCACTCCTCTCCTCTCTCTCTCAAAGGAAGCAGACAATAGCAAATAATTAAGTAGGTGGCAAACATGCTTATGGAGGGGACATCTAATTTTCACCCTCTCACCATGATATTCACCATGTCATGAATGTTCACCATCTCACCAAGATGATCACCAGCTCTGTGCGTTCACCATCTCTTCAAGGATGATGCACAGTTTCTGAGTACGTTCACCATCTCACCCAGATGTTCTCATCTCTGGATGTTCAGTTGATTACCTGGAGGTAAAAGCAGCAGGGACTCTGATTCTTCGGCCACCCAGAAGTCTAGAAGATAGAGCGACAGGCAAGTAGTTCATCGCGACATGCGCAACTCCGAGCAATACGTAGC	&%#&%++/24'*2//%6+*5%,&'2*%&*'%%(%#*/0,10-&*$'*)+%&&$*78<3&/5-,7B>5..&%$$%$$()##-$$1$<:1232.))''$%&?BAAF>.5052377534356>64*+(.//4'&%&$%'562866&('''%%##$$$&%#):??IC1805%%6%&((##$*$).,(###%$+00A44.0-'.##$$#25=;66564=9--371/:3;(599*/4<B-B=')$&2%&<).-,*07.56340$5,=;9&->+4(**+,++$(,+*,)*&'.#2-**),#%/',&23')''%"#$%&(674659+,,)5*//3631'.778-5197:;:---;9:65,./4;977%$((6**=458=?40=6@;3B</84../1;/03,)>>@623)%).,1%'')>@62)&$(',89&&%&%#%,,=046:1++$$$9/;.6133/=<07)*'#'(833*(+&#&+++2#%1<,,%(=7C7<.($')**(3/)760:53,&49)+,*)+#9+:/65AAEJ24+997''-%2305>:=6247,5)((),)272,,.3584256?6+.*-+,-/--0%%%#&()-0',++/571//.-+,$&	144.89362085240722	0.12490932086090249
10	5f32dd18-6781-4bdd-a258-e656d7f5b60e runid=ed1de13037eb1bcfeefc20d46af38743bdac68e6 read=14731 ch=103 start_time=2020-02-10T17:35:36Z flow_cell_id=ACE547 protocol_group_id=barcode_test sample_id=barcodes_fish H+(1,8),h-(2,-1) c1	CAGTGCTTCCGTTCGGTTACGTATTGCTAACTCGAGCATTACCAATACTACACACCTTTCTGTTGGTGCCTGATATTGCTTCTCAATAACCACAAGGATATCGGTTCCCCTGTGTCCTTACGATGAGACGAAGTATCAATCTTAGATACACACATTACTCATTCATCCATTAGCATTAAACCTTTTAGGATGGACTCTCTTCATCTGTCTCCATGGCGTCAGGCTGTTCACTCCCCCTCCCTCCCTCTCTCACTCTCTCTCAAAAGGGAAGCAGACAAATAATTAAGTAAAATTGTAAACATGCTATGGAGGACGTCCTGCACTGCCCTCTCTATGATATTCACTGCCATGTCACGAGATGTTCACCATCTCACTAAGATGATCATAACTCACCAGTACGTTCACTGTCTCACAAGGATGTGCACAGTTTCACAATGCGTTCACCCATCTCGCCAGATGTTCACCCATCTCACAAAGGATGTTCCCTGAGTTGAAGATTACCTGGAGGTAGAAACTGCGAAGGCTCTGATTCTTTGGCCGCCAGGGTCTAGAAGATAGGGCGACGACAGTGGTTCCATCGCGACATGCTAACTCAGCAATACGTAAC	&$%$#$+-'),-.9&*;)&&&+**+.0330...*(((($%'*-1+$$'++&,'.*+*-2+(+B786;6-&14.+++-&')0--(%+)5$''0/0%+20++$"$(<=6:0&'&&%+*/.%$-/40/#%+$$$%$*+%;=4--%.$$1-,(*,*%-*-(++,)#%$$--9446/,+.*-((&####$#)157&&'+'&(&$&(&+78=;<=A<;1&&74410*'(&%$$($$&/',/0,'&-/(),'*4+/+3''4-36'-();?-$+,)$'&()+(#(6424&&)&%)27<5;&;1034.48:=A@116?4<?71/%&'$%%*-2-443&4.($#&*4444+*$$'(49520-2'%++&67.;6B==9626,())+*)&##%+&-##($$16++-*37=46:,2%"%%+2.7+0.(-F;(($%$%((4(A90,--(*$-/..<110,.555/&&&'+8--B25&--(-??5<0430%,H?43$8$)$)%%%-1//.)-)+(--./+(*//*+/7,'$'$&'%37=/9/>;FD:99'+)$&##$%&$...*''0.*,$$'(++,*&%#$()*'/$.#-+44)%'%%&##$+$$%&*#)'0,45222('#	85.36085583708882	0.1619873394532431
11	b3abc645-e490-42d6-a5e9-b37e2402d8a1 runid=ed1de13037eb1bcfeefc20d46af38743bdac68e6 read=46166 ch=13 start_time=2020-02-10T23:59:46Z flow_cell_id=ACE547 protocol_group_id=barcode_test sample_id=barcodes_fish H-(6,9),H+(6,8) h1	CGGTATGCTTCGTTCAGTTACGTATTCCTTCGTGCTGTGTCGTGCTCAGAGAAGATGCTTGCCTGTCGCTCTATCTTCTCTGGGCTATCGGTGGCCAAAAAACCACCTGCTCCACAGACCCCGGGCACGCGCGCTTATCACACCGCTCTTGCTTGTTACTCTGCGTCCACACCAAAGATGCAAAAAGTTGACGCGTCGATCCCCATTCAAGTGAATGTAGAGCGCGCGCGTTGCCTTTGCTGCCGCGGTATTTGCTGCCGATAAAACCGGTGTTCTGTCGATTTCTCTGCAATCCAAGATCTGCTCTTTGTGTGGTTCTTGCATGCAGTCACCGATTCCCAACTTGCATTTCCACTTATAAATTTTTGCTGCTATTCAGTCTTCGCTGCTGTGTAGTAATTCAGGCGATAAATACCAGCAAGACTGATATTCATTCTAAACACAGGTTACTACTCTTGATAATACTCCCATGTTCACCAAAAAGCCTGGCTGTTACACAACAGACATGAAAATATCAGTCCGTAGTCCGGGAGCACAGGGAGAAGTTTCCTCGGGCCGATATCCTTGTGGTGGTTGAAGCAATATCAGCACCAGCAAGAATAGCGACAGTTCAATCTGTAATGCTTAATGCGCATGT	,&(*'&%$%''.&*<)?),$&&'&&(##$/4-:-$#&++'8()&$(7+-+$/0'6'&$%&-/(,0-+&(-A=81(7+1%&%&&$&.%$%%(')-'*&,+++'++('&&$""$%((*+...(#-*2)/03.3/-&'*)&4($,0/,-1<<<,#()-42&(+7<9=;//,*%((58A+'+-,-2<50-08I<165,.6:2-&&5*%1045*'&-..<213(%#%+(&)#+4913&"##&%-2714/-%%&$%%(+//1&&%'$#&&(+83'<>5&.77429.)*-0)&)&#''''':-$23-8*%%.&%*1,+(&-3?6/+*)++)&$%$$#%+0$%65'4'1(%%%%%)035$)%#$%$(+*147432/%&%#%.76=<=?CE61*/52--*''#()//30.2((',+.358)$$&(%$&3/)=:85212002--.+*),&)%$$37>8.*&#$89684--.*((.22;22,(945.-/++))&$%$#%(,.+&'##$%'#%$$#$%%%(((%##)4,;69;,--3+++%00%)'%&&+.$/)&&+)664;'3&'&)*-1:900313-')'+)->1.%$(,674400(+22441+-4+#%&%&$#%&&&+%+91.791&$$&%$$%&'&+*$%"###$	82.55087479505346	0.18374779359246984
