20	565b7a94-df38-4ce8-a74c-30ab8ea78974 runid=ed1de13037eb1bcfeefc20d46af38743bdac68e6 read=13338 ch=61 start_time=2020-02-10T17:26:36Z flow_cell_id=ACE547 protocol_group_id=barcode_test sample_id=barcodes_fish H+(0,10),h-(1,-1) w1 H+(0,10),h-(1,-1) w1_193.64702976195323	GCACCCTTTATCTGTATTTGGTGCTGAGCCGGCATAGATCGGAACAGCCTAAGCCTGCTCATTCGAGCGAGCTAAGTCAACCTGGTGCACTCCTTGGTATTGATCAAATTTATAATGTAGTACGTTACCTTTTACGCTTTCGTAATAATTTTCTTTATAGTAATACCACTAATAATTGAAACTGGCAACTGACTAATTCCTAATGATCGGTGCTTTCGAATGGCTTTCCTCGAATAAATAACATAAATTCTGACTTCTTCTATCTTCCTGCTCCTTGCAGCATCATCTGGTGTGAGAAGCCGGAGCCAGGACAGGTTGAACTGTCTATCCCCTTTAGCTTCGGAAACCTCGCTCATGCTGGAATACATTGACCTCATATTTTTTCCTTCATCATAGAATTTCATCAATTCTTGGGGCAATTAATTTTATTACCCTAAATTAACATAAAACCTCCAGCAATCTCACAATATCAAACTCCCCTCTTTGTTTGAGCAGTCTAATTACAGCTGTGCTTCTATTATTATCTTCCAGTCTTAGCAGCCAGTATCCTGTCACGTAACTGATCGTAATCTTAATACTTCTTTCTTTGATCACTGCTGGGGAGGTGACCCCATTTTATATCAGCATCTATTCTG	%''-.*(*%%,('&)%%(-30:,+*,'-5*-0-,+,,$./,8,223::2&#"488796:<9<6>721&&&'*+-+11<*(/0../@51157',&')))&&'412)53:+<<66B>A?>/%$#"(.9(&$#%%%210,;D<>..0*))7):85;CDB5357:K=<@;;42'<<<@69;/,,#$,$(%+*0.0%1686.527/21,./00,6;0%'/-:++5*+0-.21'+)/,,63>D<;>1/.*,)%$+$$&0<;71/,)#$%#$)$,-##$'##$#%':<@@E84A<:19.%''$()(.)%&%&(1$**+++6AG=//@>?=>AA95697$141&%#$(%$$))'+*/.0;;@DA=;>:5''$####$'('+509@C>A??;20-&(,,&-%$$%&.)3:=5,<44.=0882()$%&'&&)0*42,&&(-55(%$(&&)'5556<<=;?@>(:415:*683;345)'',,+'%<:3<=&,=@K<>2<3$%()),'4+,--1/6;8A<;0353.+*)+.(/0:</@>0>1?:5685.24788$324%%*%&(%#"#'-,,/*,6:)4>>;C;?:1./&&,)0387BC43-*;*)2ABF==>38)17/,)((%*=?=<==73?45A>;A>+56??<	193.64702976195323	0.11242207923681594
0	f0ccdf30-dbc9-418f-89b8-5d8937a0ff98 runid=ed1de13037eb1bcfeefc20d46af38743bdac68e6 read=1967 ch=93 start_time=2020-02-10T15:48:54Z flow_cell_id=ACE547 protocol_group_id=barcode_test sample_id=barcodes_fish H+(0,10),h-(1,-1) w1 H+(0,10),h-(1,-1) w1_271.04600430921926	GCACCCGCTATCTCGTATTTGGTGCCTGAGCCGGCATAGTCGGAACAGCCTAAGCCTGCTCATTCGAGCAGAGCTAGAATCAACCTGGTGCACTCCTTGGTGATGATCAAATTTATAATGTAATCGTTGCACGCTCGTAATAATTTTCTTTATAAATAATACACTAATAATTGGAAGCTTGACAGCTGACTAATTCCCTAATGATCGGTGCTCAGATAGCTTTCCCTCGAATAAATAACATAAGCTTCTGACTTCTTCCCATCTTTCCTCTCTTTTGGCATCATCTGGTGTAGAAGCCGGGCCGGGACAGGTTGAACTGTCTATCCCTTTAGCTGGAAACCTCGCTCATGCTGGGGCATCTGTTGACCTCACTATTTTTCCCTTCATCTGGCAGAATTTCATCAATTCTTGGGGCAATTAATTTTATTACCTGGTGTTATTAACTATATAAAACCTCCCAGCAATCTCTGTATCAAGCTCCTCTTTGTTTGAGCCAGGTCTAATTACAGCTGATAAACTGTATTATCTCTTCCAGTCTTAGCAGTAAGTATCTGTACTTTAACCAGTCGTAACCTTAATACTTCTTTCTTTGATCCTGCTGGAGGAGGTGACCCCATTTTATATCAGCATCTATTCTG	%$#$$$%'=9?B;>/A036==2679843'-(**23,((-.9*8'5..0@>1@3,CDC?<D>-<73$$)%%%($((+,./,=92494-4@=>1'7-1-/*37:;7755;?4+=@=:=>=9::?;9@+,2&$)*++8;)*+&.69>DD>?AB=+15'&/6/2++)//5A=?898+.'#&))&.',,%($$$$)*,*7.1',A>6712?(25'''-(*-)%/8CE>79),1&'((*+%.003635-177-:64/''('')+2.6;<<=805*('0-1.,-/017<638-0?>84++)(530)-887'8@2++-6?32276755.(522>4$423.,,,,(.3998622;?@CA,.5;B<:8679*)+/9881;6868AD@>>4@=7?7:=A7.2/1'++15E:87=6?5@=22+220122/5778>;:579:<7%&'.&%*(/01+&'$%&$.983421674###$$443:)((%258/&>>595>@C?/1../12('&,($=)&%#&%+&$%&&#$&$#&)%-+,/(%%*?DD%C0<=C??.'%%$&(&*821:;6:>EFGA=1,0-03((((')))+61++EFFA<9D?DD9;?45.5;116=2=8.725>682323?@A?8666;/%675><565946	271.04600430921926	0.09140706389976543
36	ee8fad04-5857-4888-8694-1875a70ea0a7 runid=ed1de13037eb1bcfeefc20d46af38743bdac68e6 read=13111 ch=53 start_time=2020-02-10T17:24:02Z flow_cell_id=ACE547 protocol_group_id=barcode_test sample_id=barcodes_fish H+(0,10),H-(1,11) w1 H+(0,10),H-(1,11) w1_184.30068440232503	GCACCGCTATCTCGTATTTGGTGCCTGAGCCGGCATAGTCGGAACAGCCTAAGCCTGCTCATTCGAGCAGGCTAAGTCAACCTGGTGCACTCATGGTAGGTGATCAAATTTATAATGTAATCGTTACAGCACACGCTTTCGTAATAATTTTCTTTGTAGTATTACCACCTAATAATTGGAGGCTTCGGCAGCTGACTAATTCCCTAATGATCCGGTGCTCAGATATAGCTTTCCCTCGAATAAATAACATAAACTTCTGACTTCTTCCCCCATCTTTCCTACTCCTTTTAGCATCATCTGGTTGGCAGAGAAGGCCGGGCCGGGACAGGTTGAGCTGTCTATCCCCTTTGGCTGACCTCGCTCATGCTGGGGCATCTGTTGACCTCACTATTTTTCCCTTCATCTGGCGGGGTTTCATCAATTCTTGGAATAATTAATTTTATTACCACAATTATTAACATAAAACCTCCAGCAATCTCTGTATCAAACTCCCTCTTTGTTTAGACGGTCGTTACAGCTGTACTTCTATTGTATCTCTTCCAGTGTACTTGTCCGGTAGCTAATGCTGTCAGTCGTAATCTTAATACTTCTTTCTTTGATCCTGCTGGAGAAATTGGCCCCATTTTATATCAGCATCTATTC	.)($$##')12*&,1++,'39>94/230,)+(226570+/7?45//030,-();:81+26,,/95/.))('.0%&##$-18;8,24-..//6+..760''(128B@.7,95,'(&$#&246=@=D088-,*$((,+,8960,:69?:<B>5988+$(*(21$%*%%(-'3/-))#$&7*$&)&&20*000&++6&69684;&7&*94840%%6$4=94-/'(86758:D==A553+.&':=EE@DGB=>=C:&/03(%.-$$*$((//02(*;=AB=+21//5(.**'$$,,-9?211,+%4(%,))%%%&&)-%&$-*(+%=A+$$607/0-(--.+;1:((6))&**$*'%%.1246&)2685456)451;<9C?9>4E+36580/466=?@;896.58158<29&$'))$632.163=23(-,+)#%#)%$'%)%:98)*,*+,&(()'+))*&&%0..11.69927(06:13/-3%$*(-139C=82;44@DD2+&*+)*0''*&0$&,.-4).-*'%&'10+)*-&.+48=@?>-B4)&,:3222,$$&&).-')'.2(('*&""'.8<001/34%--++,11;/:@<;986*5226,("%--++()%%*$")29:6;DDA?/??C3;?>=AB&)+(	184.30068440232503	0.10502973905850618
366	e3fb312c-9a7a-4498-93fc-7ee2dcdad74e runid=ed1de13037eb1bcfeefc20d46af38743bdac68e6 read=28988 ch=125 start_time=2020-02-10T19:46:56Z flow_cell_id=ACE547 protocol_group_id=barcode_test sample_id=barcodes_fish h-(2),h+(3) w1 h-(2),h+(3) w1_86.82483693124016	AGAATCATGGGAATAGATATGATATAAAGTAGAGAGGTCTTACTCCTCCAGCAGGATAAAGAAGAAGTATTAAGGTACGATCAGTTAAGTATTGTGATACCAGCTGCTAAGACTGGAAGAGATAATAGAAGCACAGCAGCTGTAATTGCTCAAACAAGGGGAGTTTGATATTGTGGGTGCTGGAGTTTTATGTTATGGTGTGGTAATAAAATTAATTGCCACAAGGATGAAATCAAGTCCTGCCGGATGAAGGAAAAATAGTGAGGTCAGCAGATGCTACTTTATAAACGAGGTTTCCAGCTAAAGGGGATGAACAGTTCCAACCTGTCGGCTCCAGCTCTGCAGATGATGCTAAAAGGAGTAGGAAAGATGAGGGGAAAGAAGTCAAGCTTATGTTATTTATTCGAGGAAGCTATATCTGGAGCACCGATCGTGGGAATTAGTCGGTGCCGAAGCCTCAATTATTAGTGGCGTACTATAAAGAAAACCATGCAAAAGCGTGTGCTGTAACGATTACATTATAAATTTGATCATCACGAGTGCACCAGGTTATTAGCTCTTGCTCGAATAGAGCAGGCTTAGGAATATTCTGACTATGCCGGCTCAGGGGCACCAAATAGAGATAAAGGGTGCC	/-'-)%$#%*%)%*0.'$$(,8=?=B@.$$%%&%)$,-,'%'%7150$(*)'((3*(,3-%&%$&&'..+,54%(2,25,(=/5142)&***-/10--,))'')*)+,.78=21.)+,,2,;;,/++*/+%)*++'&(.//%%&$$%.:8,,25;;0(*0'%)29/7....03:,).;523,(',#&650*(4%)%%&9+.+,04,*222;9<.((+&$$&&)%''#%%'&%*++&$)-)+*''&0;/+''22*662+((,2('+408/$).,-,))''$$&$%#%*%&&#%)(@7)111174:('24/3$$%'&&4&/%2/%9:9+&9*/:8)8&'$.%%$14:@995,,,1323*((&)430>/71+6%%#2:;5,:$*,*1/7*)&%%&+''.&%$%)*-0/$$23&*%'+,250/()'%&(')-)&57%511)$%%'/7:<%'<+-+,+%.56/;0/.2%,.%&)&($&,*4:54:=1'2,)%#$&%$$$'%)'-02-8<898=B5))%$'&-/.0856-)..(((7?73>%$%')<3,,,46;4B2$%%')$(0)+/84;2./*'*#,---($$$%+&$&%&'(.$#%$$##&%'',/.&&.)1/+++3:0(&&#%&4348-)-)*$((	86.82483693124016	0.157140433055397
88	0ea033c2-364f-46aa-b9f0-9b83914aa52d runid=ed1de13037eb1bcfeefc20d46af38743bdac68e6 read=15201 ch=93 start_time=2020-02-10T17:41:55Z flow_cell_id=ACE547 protocol_group_id=barcode_test sample_id=barcodes_fish h+(1),h-(2) w1 h+(1),h-(2) w1_159.7993864738717	GCACCCTTATCTCATCTGTTGGTGCACAGGCCATGGTCGGAACAGCCTAAGCCTGACTCATTCGAGGCAGAACTAAGTCAACCTGGTGCACTCCTTGGTGATGATCAGATTTATAATGTAATCGTTACAGCACACACGCTTTCGTAATAATTTTCTTTATAATACCACTGTGGTGGAGGCTTCGACAGCCAGTAATTCCCTAATGATCGGTGCCGCTCCCAGATATAGCTTTCCTCGAATAAATAACATAACTTCCTGACTTCTTCCCCATCTTTCCCTGCTCCCTTAGCATCATCTGGTGTGAAGCCGGAGCCGGGACAGGATGAACTGTCTATCCCCTTTAGCTGAAACCTCGCTCATGCTGGGGCATCTGTTGACATACACCATTTTCCCTTCATCTGGCAGGAAATTTCATCAATTCTTGGGGCAATTAATTTTTATTGCCACAATTATTAACATAAAACCTCCAGCAATCTCACAATAATCAAACTCCCTCTTTGTTTAGAGCAGTCCTAATTACAGCTGTGCTTCTATTATTATCTCTTCCAGTCTTAGCAGCCAGTATCTGTGCATAACTGATCGTAATCTTAATACTTCTTTCTTTGATCACCTGCTGGTATTATTTTATCAATATTCTGGTT	-++.-*&(,79>?--.)&/.1:A(%#'')10.$+-52;4=.)$$473/10%(&&&$+.87A>:'%/,,-(&%/00,()5053,/+&5&%(+;'-&-4+:))3,1.<0%&&)))*95-*')),139<'61+-*%)$-,($%./416<934**,)+$.2*&%#$((/0''#%$(*:23$$(''*&%%''%&%&%&&'$;9A.-553654>+5>3))$'8,6%$$0-,+-+'(33/-;9%%63=@:BH53213%88;%(AD64>HDKM9IM:,(+'''&+)(##+$5##%%47:;D77910,.))'*200/*0(1<;-;5.((845(''-%%)89<833;65&0@=9;:4&-0/0,-&$-.,,+431&-'($334(%&)'%##%%,-06BEA7=61.==3591.(-*)&%*&-.991))+)/6*'%%'-,1666==<<=789224$$$$**)):$(*-.)(*69+,334-:7448&44(2(,,%0224885535<AC)>DF?5+8('&*(,-6))/901.2.01(..+2*560//+/=**+0==*9:<%@=::;23)(')&('#5:,*=577*)),20001:78/369:?8;/+**55743585BC;;,%>%**179:4).##$$')'&%%--(%(.4?=@/I;	159.7993864738717	0.11760350098647365
218	69b5a3f5-f82b-437f-abb0-4f44add97221 runid=ed1de13037eb1bcfeefc20d46af38743bdac68e6 read=6159 ch=122 start_time=2020-02-10T17:51:26Z flow_cell_id=ACE547 protocol_group_id=barcode_test sample_id=barcodes_fish H-(2,9),H+(1,8) w1 H-(2,9),H+(1,8) w1_127.60894685457718	AGAATAGATAACTGATATAAATGGAGTCACCTCTCCAGCGGATCAAAGAAAAGTATTAAGATACGATCAGTTAAAGAATACTGTGATACAGCTGCTAGAGACTGGAAGAGATAATAATAGAAAAAGCACAGCTGTAATTGGGACTGCTCAAACAAGGGAGTTTGATATTGTGAGATTGCTGGAGGTTTATGTTAATAGTACGTAATAATTAATTGCCCAAGAATTGATGAAATTCTGAATGAAGGAAAAATAGTGAGGTCAACAGATATACTTTAGCATAAAGCAGTTTCCAGCTAAAAGGGATAGACAGTTCAACCTGTCGGCTCCGCTTCTACAGATGATGCTAAAGAGGTAGGAAGATGGGGGGAAGAAGTCAGAAGCTTATGTTATTTATTCGACTATATCTGGGTTTCCGATCATTGGGGGAATTAGTCAGTTGCCGAAGCCTCCAGTATTAGTGGTACCATAAAGAAAATTATTACGAAAGCGTGTGGCTGTAACGTTGTTATAAATTTGATCATCGCAAGGAGTGCACCAGGTTGACTTAGCTCTGCTCGAATGAGCAGGCATAGAGGCTGTTTGACTATGCCAGCTCAGGCCACAATCTGAGATAAAGTTG	6,@-&&&(%%$"%49;859;:))((4/7/00151+91$$%57/.0>2+97.&&01-0)$.%%&(.0.3(4597,'&%('(9@=B2.*')%%.//43&$#(.>CD97,2*/57875B8554+1,)%&*'$024342'%%(%7=;EFCA/81&$1<:)*/$)&)0<2...0./6*))**6=AA=8=>9=:5..:3/-.1$5$$$(&%&+-#1595:/**&,(02001/*''))//*)&&(7;9;:;?&-=>978*9+++>9;:,++,'&&&*+,-,/+)'$%&%&&&)(9B%=63?><?:&'*5,(((437=87970543*$/$)64.0$%*.**%./3/-0?A;--'++%#(3<;88'4+>=>/,--,)0,'&)-2-(-1,%%*76654$$&0*/01+'5:,&'.65,(&$$$'+-39>)45*++(&'#$%).'3/5/2((($&1'-0.%<.1<0/1553+-8-78/0<6+)03+/.2,$.'&&'.+$30,&%(&%*+34.)'*6%%++0102)4*)'//-08&(/'2%(-@/*--2'+)0)()%%%%4<;>?3.9<76;66(6111'%$%00&)'-0,%+%%*)248655%89-*$$%$%#$$%,-.29;6015)&$.1	127.60894685457718	0.11450451407800744
240	e3d31ec0-65b8-4e40-b5dd-4f1e78986af3 runid=ed1de13037eb1bcfeefc20d46af38743bdac68e6 read=12299 ch=60 start_time=2020-02-10T17:15:43Z flow_cell_id=ACE547 protocol_group_id=barcode_test sample_id=barcodes_fish H-(1,10),H+(0,11) w1 H-(1,10),H+(0,11) w1_122.93122875551686	AGAATAGATGCCTGATATAAATGGGGTCACCTCCTCCCGAGCAGGATCAAGAAAAGAGTATTGGAATTGCGATCAGTTAAAAGAATGTTGTGATACCGGCTGCTAGAACTGGAAGGATAATAATAGAAACACAGCTGTAGTATTTGCTCAAACAAGGAGAGTTTGATATTGTAGAGATTCTGGAAGTTTTATGTTAATAATTGTGTAATAAATTAATTGCCCCAGAGGTGATGAAATTCCTGCCAGATGGAAGGAAAAATAGTGAGGTCAACAGATGTTTAGCATGGCTTGAGGTTTCAGCTAAAGAGGACAGACAGTTCAGCCTGTCCCGGCTCCGGCTACGCAGATGATGCTAAAGGAGTAGGAAAGATGGAAAGAGAGTCAGAAGCTTATGTTATTTATTCGAGGGGAAAGCTATATGGAGCACCGATGTTAGGAATTAGTCAGTGTGAACCTCAATTATTAGTGGTATTACTATAAAAGAAAATTATTACAGGCGTGTGCTGTAACGATTACGTATAGATTTGATCATCACCAGGAGTGCACCAGGTTGACAGCTCTGCTCCGAATGAGCGGAGGCTTAGAACTGTTCCGACTATGCTGGCTCGGAAGGCGCAAATGCGAGATAAGGGTG	.66-1238,*&$&-2,)$%&+))/:2/5&%$%,*0*6#%$+))3C0(3((*7@7+-2+,'##$'#$%&&'-3/8%,&(&)*'#(*($#%$$-//.0(47<>>566.*;<<:?3;1'6ALH@D*$$$&+$*,18087,)*$'$%&)*8=@B97=@/('-+#-*,*45191=65%#*&%&)$&36%'2#(;69:;I=<62211432,,'(*+-.,2/&%'$.--))%($%44:--'+.25%'*+**)):%%%-*4559:44//33.,,97<1&.03(+&+%%($'(%%%%%%+)%*@C,9,4<>=4%*%14'((()'&4+/9/(48;9)):$,2=?,;+(&2('&74;724788?;BG9&0),2*3+/(%+>22,(.)(-$()'.&%+,$#$#'))8,-.16798.42+2./(*-+592.+)'--0:<>?>60+5-*.-%$$,%/,0&''&##'&,--:0,,/444.(;/193,/$'*,:@B>*-30*-)/245.%%&)(+2-.*&%$$,-,/+$,)($1.()#$',.718=;<B00;''*'9A/+**7)0692&%%*-.,(*-.2+8+*7675.$$.%(($$$-&%.%%'95-2-41488735/%$)2&.$%/-&&+257$$**':4456(13-$	122.93122875551686	0.13187181255864572
321	dc1b869a-d12f-4d35-aed8-2683f06ced87 runid=ed1de13037eb1bcfeefc20d46af38743bdac68e6 read=22185 ch=106 start_time=2020-02-10T18:40:38Z flow_cell_id=ACE547 protocol_group_id=barcode_test sample_id=barcodes_fish h-(1),h+(1) w1 h-(1),h+(1) w1_101.62368346840393	AAAGAGCAGAATAGTGCTGATATAAATGGTCACCTCTCCAGCAGGATCAAAGAAGTATTAAAAGATTGCGATCAGTTAAAAGTATTGGCGATACCGGCTGCTAAGACTGAAAGAGATAATAATAACACAGCTGTAATTAGGACTTGCTCCAAACAAAAGGGAGTTTGATATTGTGAGATTGCTGGAGGTTTTATGTTAATAATTGTGGTATCGATTAATTGCCCAGAGTGATTAAAAATTCCTGCCAGATGAAGGAAAAATAGTGAGGTCAACAGAGTACTAGCATGAGCCGAGGTTTCCAGCTAAAGGGGATAGACAGTTCAACCTGTCCAGCTCCGGCTTCCTGAATGTTGCACTAAAGAGTTAGGAAAGATGGGAAAGAATGAAGCTTATGTTATTTATTCGAGGAAAGCTATATCTGGGCACACCGTCATTGGAATTAGTCAATTGCCAGCCTCCAGTGGTGGTATTACTATAAGAAAATTACGAAAGGCGTGTGCTGTAACGTTACATTATAAATTTGATCATCACCAAAGAAGTGCACCAGGTCCGGCTTAGCTCTGCTCGAATGAGCGAGCAGAACTCTATTCCGACTAGCGCGGCTCAGGCACCAAATGCGAGATAAAGGTGATA	06&%%(75025..*$,*-2'&$#&(&&)*'1'+-)/'%<0,''6A71D87,$)(+//))56,$%%%&'')*)>08138E8+),'%'&(#&)-.**+-795?;;/.5--,()$-%$334.)+$&&&$&-1&36*''%'+%+0%$)&&+/%2=@66>:($+'&#%#'38444462/(()4477;@>4/01=ADA1-,?80-+,))*4-)+;92.*%$&&$$%%"$#&'&(53.$'%(%))+:*/063666;//-$->&/::88:0933+6236%((&'$$$'&'*,////))$12%(9<9$0$'&*(/)***5+''&&((*.136'00-.((9&466')$&%&'$,,/-06'0%%#%$%(*'%%)$)%-+.=+*>33-,-/%'(%'$&*)'''&$$-$&%'*041/(&+13:-3B5)$$..+/)/,%#$1//.8))+-(%56824.,+&+-,+*$%,++%-#%(%*;41//+/2644-..$&)%%&)%&-.*((+&&2'9=BD758-00)1)((-0*)*+,9:7;:,/(3-+-::-'&(&89%%%%+,5(&$%'%%%(-,'78736.>))7,+,&$$$$&&#%/%',&(.0.8/000/(,.&(3.-9&+)3459;4+)($%($8679+++0%)*,	101.62368346840393	0.14620315905214715
344	00d7300a-f932-4c42-87fa-14fcb3897a60 runid=ed1de13037eb1bcfeefc20d46af38743bdac68e6 read=28695 ch=8 start_time=2020-02-10T19:39:01Z flow_cell_id=ACE547 protocol_group_id=barcode_test sample_id=barcodes_fish h-(1),h+(2) w1 h-(1),h+(2) w1_94.64396464998948	CAGAATAGATGCTGATATAAAATGGGGTCACCTCCTCCAGCAGGATCAAAGAAAGAAGTATTGAATTACGATCAGTTAAAAGTATTGTGATACCTGACTGCTAAGACTGGAAGAGATAATAATAGAGCACCAGCTGTAGTAGGACTGCTCAACAAAGAGAGGGTTTGATATTGTGAGATTGCTGGAGGTTTATGTTAATATTGTAGTAATAAAATTATTTTAGAGTGTTATTCCTGCCAGATGAAGGGAAAAAATAGTAGTCAACAGATGCCCAGCATGAACGAGTTTCCAGCTAAGGGGATAGACAGTTCAGCGTCGGCTCCGCTACCAGTGATGCTAAAGGAAGTAGGAAGAATGGAAGTCGAAGCTTATGTTATTTATTCGAGGGGAAAGCTATATCTGGAGCACCGATCGTAAGGAATTGATCGGATGCCAAGCCTCCAATTATTAGTGGTATTACTATAAAAGAAATTATTGCAGTAGTGTGTTTATGATTAGTATAAATTGATCATCTTCAGAGTGCACCAGGATTATTCAGCTCTGTAAGATGAACGAGCTTAAGACATTATTCCGACTGCCGGCTCGGCACCAAATACGAGATAAAGGGTGCC	1427/***6../.().,)*(-+&&+,-/2))*++.,)8.''')=629;C+)43,&*%'/**+$&-*,&*,/+/-.).,+-+##%#%%&5754--"&$',,0.1/4:9;?/3;-,*88=548746%$%$$#%'-$$$$$,2230A=?>82)&.577'&-'&(.)#2670+++,2.$&,../=EE<,%,0?FB0+*=13/21&)+*$*0776850(()&$&$#'#$%4%%''$'/304+,<>B3314*')(/E=4...0-'&+<=1222,*&%%$(%+.&&((##$-$'/%-.$/00&,2023--..))4$+2+$#"$'$&%%&'&%1$$(()*54:9:435'*-/)/2&'+'.('2/.(%(*(1%)($%%%-**:..03C8@22$&''&$'%$).+.))0402.$(&&+--,27%+.*-$)('(%%.0(6/''*+*+'135$>3..0/-04,8..@<24925<;><7)$,+&(*)))#%$%##&%#&##%$$#$##(##*+++*'+/+2//))$#%"&%$)0$(((*),2,),$$&#('743,&#%&&/***,)*)0111*#'#%%$()*/%'&1+-$+//($,/)%###%%)1--01*-3025(-+.,266	94.64396464998948	0.16651730500663942
132	2d35b8c0-9f86-4bbb-aeb5-7d76d3199416 runid=ed1de13037eb1bcfeefc20d46af38743bdac68e6 read=34456 ch=96 start_time=2020-02-10T20:03:36Z flow_cell_id=ACE547 protocol_group_id=barcode_test sample_id=barcodes_fish H+(3,8),h-(1,-1) w1 H+(3,8),h-(1,-1) w1_147.5324007262108	GCACCTTTATCTCGTATTTGGTGCCTGAGCCGGCATAGTCGGAACAGCCTAAGCCTGCTCATTCGAGAGCGAGCTTGAATCAACCTAGTGCACTCATGGTGATGATCAAATTTATAATGTAATCGTTACCAGCACACGTTTCATAATAATTTTTCTTTATGAAGTAATACCACTAATAGTGGAAACTTCGGCAGCGGCTAATTCCTATTGATCGATTACTCAGATGCAGCTTTCCTCGAATAAATAACATAACTGACTTCTTCCCCATCTTTCCCTGCTCGCGCGCATCATCTGGTGTGAAGCCGGAGCCGGGACAGGTTGAACTGTCTATCCCCTTTAGCTAAAACCTCGCTCATGCTGGGGCATCTGTTGACCTCACTATTTTCCTTCATCACAGCAGGAATTTCATCAATTCTTGGGAGCAATTAGTCTATTACCACGTTATTAACATAAAGCGCCAACAATCTCGCACAATATCAAACCCTCTTTGTTTGAGCAGTCCTATTACAGCTGTACTTCTATTATTATCTCCTCCAGTCTTAGCAGCCGGTATCACAATACTTTTAACTGATCGTAATCTTAATACTTCTTTCTTTGATCCTGCTGGAGGAGGTATTATTTATATCAGCATCTATTCTGAT	401687B7=>/0=9=88:<77B@;900-)'%%(&)./,'5*1)*())(&)++%.035*.5&*2<53%$'$$#'$$$%%&+3'%-,+$&2'2157<.,,(++,+(*3?;=639797<96225/35',.$#%%&%%$$#$#&+4$&''(*247A@?>BE9.&$%&*13)$$001:12/-/193%*'&%%)&*%$%%#%%$),4,:9>2-')/)-.-))+&&)3$%*%$$'+29<</1*2():2<<3.0+**(*%$-%$6:9035+76..22:;8/?:4-%+7*(,%&(06B1/9%+.*%+$$$).%..)/0+)3<4..@:B>97@??9<<039;A;4$.0%1.,$*-./+'+%"&15<?CE>?1/21-;8*7**8455($$.''001()#.>1/:)''(%%/*/+-27;30+-27@168/)'$&()'),(%*+*(&'&,+%%%"$+(*-)+*)+'%&%#"'%##$$89+6#&$),*.-+4)+''.#68==0'%)'('-/1.&&1.'%'(,.115(&#%&)&&$&(/144-.%%)''/&1.&--'#$%##$%(2*%5$%&%%%##$$#.,*2+-3<00239-:83*8:;:,5=@=72=53+787<2=?351-*)%%)'()$%&,7:;:=2168=AG4677';;G	147.5324007262108	0.1470995979213107
260	37990960-4a1d-4450-a411-b92532505dfe runid=ed1de13037eb1bcfeefc20d46af38743bdac68e6 read=23339 ch=95 start_time=2020-02-10T18:51:44Z flow_cell_id=ACE547 protocol_group_id=barcode_test sample_id=barcodes_fish H-(3,8),H+(3,10) w1 H-(3,8),H+(3,10) w1_117.58770058112364	ACGAGGCAAATGCTTTGATATAAAAAATAGAGGTCACCTCCTCAGCAGGATCAAAGAAAGAAATATTAAAAGATTACGATCAGTTAAAAGTATTGTGATATGTGCTAAGACTTAGAAGAAGATAATAATAGAAGCACAGCTGTAGTGGGACTGCTCAAACAAAGAGGGAGTTTTGATATTGTGCATGAGATTGCTGGAGAGTTTTATGTTAATAATTGTGAAGTAATAAAGTATTACTTAAGGGTGATAAGAATTCACTGCAGATGAGAGGAAAATAGTGAGGTCAGCAAAATGCCCCAGCATGAAGCTTGAGGTTTCCAGCTAAGGATAGACAGTTCGGCCTGTCAGCTCTTCTGCAGATGTTGCTAAAAGGAGTAGGAAGATGGGGAAGAAGTCAGAAGCTTATGTTATTTATTCAGGAAAGCTATATCTGGAGCACCGATCATTAGGGGGTGGTCGGTGCCGAAGCCTCAATTATTAGTGGTATTACTGTAAAGAAAAGTTATACGAAGCGTGGTAACCTTAACGATTACATTATAAAATTTGATCATCACCAAAAAGGGTGCACCAGGTTGACTTAGCTCCGCTCGAATGAGCAGGCTTAGGGCTGTTCCGACTATACCGGCTCAGGCGCAGATACGAAGATAAGGAATG	+&$%%%',*/-,&&)3;9>>;WME:6+&&*$(*'4)/10+,);076:-*=:<C8&'2+($))%#*$%.0*%(+*+&).038).'*-<3++6:5;670-('#$'&373/,-$$%$&**$*)*-,4200+%%&%$(*)*+065//-'7((&*&(+$28:+/7<>&'%1.+$2%;866+&&'(%-%###$&(%%%014(,((%8-8F:4,,50759://1762*%-/4211.'#+(%+%%%&,,&$&1&#&&&$//*+4#"''**):3401$/6+12.**/0))&)24/$)-&%&''-,,%-*04,#('#$$$))$&-;9.=90-*<7'31+,-000;01/#%'%&'**%%$$%#$'($8.24,+$&%')0H:$,,%+-+16/5*100/)#05/+),(=&&.+-,,,9..9166665B73%&$*/',-*%()-)%/0%,0049::9?&&(%./2&180*8<+*9.*('&&&+-,=0'&'##$'08/5:;669<=64;B0(55,'$$($%&%&%#+-,*$$('%"#"#(&*/*58%&%$&5<?1+1+3/234?:6?%%1592)%*%+.&*,-723?E9A3.//,/==-/$/.5/-147//,,,,&&&$'($'-%@?3173-.3).02)2;7A598$$-,$))).12/0;;>;+-'#)*	117.58770058112364	0.1494254174736213
52	dd7453b0-eb41-4c7d-a2d0-422c305df133 runid=ed1de13037eb1bcfeefc20d46af38743bdac68e6 read=12302 ch=122 start_time=2020-02-10T18:41:08Z flow_cell_id=ACE547 protocol_group_id=barcode_test sample_id=barcodes_fish H+(1,10),H-(1,9) w1 H+(1,10),H-(1,9) w1_175.65861127850064	GCGCCCTTTATCATGTTGGTGCCCTGAGCCGGCATAGTCGTTTCAACCTAAACCTGCTCATTCGAGCAGGCTAAGTCAACCCGGTGCCTCATGGTGATCAAATTTATAATGTAATCGTTACAGCACACATTCGTAGCAAATTTTCTTTATAGTAATACCACTAATAATTGGGCTTCGGCAACACGACTAATTCCCCTAATGATCGGTGCTCAGATATAGCTTTCCTCGAATAAATAACATAAGCTTCTGACTTCTTCCCCCATCTTTCCTGCTCCTTTACCAACGTATCTTTGGTGTAGAAAGCGGAGCCGGGACAAGGTTGAACATTATCCTTTGGCTCAAACTCTTTCATGCTGGGGCATCTGTTGACCTACTGTTTTCCTTCATCTGGCGGAATTTCATCAATTCTTGGGGCAATTAATTTTATTACCACAATTATTAACATAAAGCCTCATTGTCCTACAATATCAAACTCCCTCTTTGTTTGAAGCAGTCTGTTACAGCTGTGCTTCTATTATATCTTCAGTCTTAGCAGCCGGTATCACAATACTTTTAACTGATCAGTAATCTTAATATGCTTTCTTTGATCTGCTGGTGACCCCATTTTATATCAGCATCTATTC	@;9@A,/22)50***:874<246302/26+//.0.2/1-,)-,(&$)($%-(::69D;:6:(7,++)*%((*/-*1?41<;().5)(('-#%$-&)398?=6=B?8=A@<;>C1-3*%*$,)&('$%'00/)$$%%&*(#(145521*.-2$'(')*,*./1552;2255&1,,.;.($$"%$$+(99DJKD=>3*-4401.19)7<&5'=%%0/,)*655=9,0,9**:7=94/5&-+*+%''',1*3&''/(*(**++'39>CEC?91(9=7<38,$#$%#$$$%(+,-329;3*))&&%%+,*+.7;7>D.**/11;/*((%%&((242,8/)*()#$'$&$%%'2315446%,..//+++)&((&,*%%+4$1;/.41;=7**+'%-$'(,;;A;30*0*9+D?==1-=4<>759979=7830251/&69,,/&%&21288E>6$)&(,)%&#')(*(3=52.-<7<1?;18('),20+'80'($'+,,+-*(&&$#(')+(-(%'2((-.,)$%+--.)')*,*6/2-3$<;$8?0,:199211254120,))''/4&$%+,.2$(.)(%.(*+-0(+-111-<+7>A9+693>=B>8=CA>1-,/932??;=>1773	175.65861127850064	0.11636980037299027
71	c9907256-aec0-4de0-9a31-278cdab87c94 runid=ed1de13037eb1bcfeefc20d46af38743bdac68e6 read=18210 ch=105 start_time=2020-02-10T17:57:47Z flow_cell_id=ACE547 protocol_group_id=barcode_test sample_id=barcodes_fish H+(1,7),h-(1,-1) w1 H+(1,7),h-(1,-1) w1_166.76948728228925	GCTGCTATCTCGTATTTGGTGCCTGAGCCGGCATAGTCGGAACAGCCTAAGCCACTCATTCGAGCAGAGCTAAGTCAACCTGTGCACTCATGGTGATGATCAAATTTATAATGTAATCGTTACAGCACACGCTTTCGTAATAATTTTCTTTATATTAATACCACTAATAATTGCAGAGGCTTCGGCAACGACTAAATTCCCTAATGATCGGTGCTCCAGATATAGCTTTCCCTCGAATAAATAACATAAACTACGACTTCTTCCCCATCTTTCCTGCTCGCACTGGCATCATCTGGTGTAGGCCAGACCAGGATTGAACTGTCTATCCCACTTTAGCTGAAACCTCACGCTCATGCTGGGGCATCTGTTGACCTCACTATTTTTCCTTCATCTGTAGAATTTCATCAGTTCTTGGGGCAATTAATTTTATTACCACAATTATTAACATAAAACCTCCAGCAATCTCTGTATCAAACTCTACTTTGTTTGAGCAGTCCTAATTACAGCTGTGCTTCTGTGGTATCTCTTCCAGTCTTGGCAGCCGGTATCCTGTGCACTTTTAACTGATCGTAATCTTATGCTTCTTTCTTTGATCCTGCTGGTGACCCCATTTATATCAGCATCTATTCTGA	+'($$3,882=7D5489-/=1573531,-)28845*&7+%,.,,29/194'''&'5=2<38%%,**((,414/)+73.%,$#;14@D/9)('45..-/,+9>;9:=C1**'*''-501(8:&'0032/1**07<<8113.+,%%&%&&(*)%###&&#$%04:;0>.))$%6'$$'#&%$$&#&'(,$%&&+,.,$/7,77-52))(26$8:97>&9//210%3.--@?<;81833;-0C>=J:642:3+)&%#('**4**,(-)')20.55/3-$%%+$#$'*2<><7433@=92D8<0-,54*/&%($.("((++>72-)953&&0&##&'&&29(-/3-4/))%(0<>?7-)#(),;10358-+4+5%8;,0))35BD=;63-6>A839.+#&)&468<8/)5005:99=2)3'.0$$'%%%(%%../.,((+-//268:<650264+(44/%@95<D4.7*-%%&(*2998@)2$$#0/-.9;/--+/12**.<=889&%%-/3.128:./('*%%/+**$).8,6/79;2/$())&&&%*;6))-+%##$%$)-,((%#%$$+-',1228&(*$#22(()*8AGHC88//41;683./+%33789AA@2.--0,7><:=7+.0-&&$	166.76948728228925	0.12352275501074464
108	9871785a-ad5c-42e5-ad64-c930ce89c552 runid=ed1de13037eb1bcfeefc20d46af38743bdac68e6 read=34303 ch=60 start_time=2020-02-10T20:34:51Z flow_cell_id=ACE547 protocol_group_id=barcode_test sample_id=barcodes_fish H+(2,9),h-(1,-1) w1 H+(2,9),h-(1,-1) w1_154.09306079468732	GCACCCTTTATCTCGTATTTGGTGCCTGGACCGGCATAGTCGGAACAGCCTAAGCCTGCTCATTCGAGCAGAGCTAAGTCAACCTGGTGCCTCGGTGATGATCAAATTTATAATGTAATCGTTACGACACGCTTTCGTAATAATTTTCTTTATAGTAATACCACGCTAATAATTGGAGGCTTCGGCAGCTGACTAATTCCCCCAATGATCGGTGCTCCAGATATGGCTTTCCCTCGAATAAATAACATAAGCTTCTGACTTCAGCCCCCCATCTTTCCTACTCCTTGGCATGTCTGGTGTGAAGCGGAGCCGGGACAGGTTGAACTGTCTATCCCCTTTAGTGGAAACCTCATCATGCTGGGGCATCTGTGCCTCACTGTTTTTCCTTCTTCATCTGTAGGAATTTCATCAATTCTTGGGGCAATTAATTTACCTGAGGTATTAACATAAACCTCCAGCAGTCTCCACAATATCAAACTCCCTGCATTTGGGCGAGTCCTAATTATAGCGTGCTTCCTGTTATTATCTCTTCAGTCTTGTATGGTATCACAATGCAACTGATCGTAATCTTAATACTTCTTTCTTTGATCCTGCTGGAGGTATTTACATTTATATCAGCATCTATTCCGA	'&'*++%*$/=A>B=E;;=-11<1-,++''/1385424/)8(;(5673;6'(/&/3239;@=B:=2,-++,)14.0+)1;0.)()(09*&&(($./?@:951=98:(<99;=><418679(48-%%$((0-/4A62))))%452;916:>8-))41<75509)&&,44737,,/32'(('1./),03)79B;=3>38?2?0,&.,%')4:+-;/'/'7*''''$$#$'02(-$(2''2+:;.+2--(%*')44)4(/+%$%&$#$$%&)%+122@?6<1+17',')$('(((+1((*<'+(&$(**3+/-,'<?301/)6'/0B@?40=9:./7.-%,'''&%&'/&-0(.&/2552..--*&2.30%%'$#*-0,-)&4356687/2-$&+1.3)&%$(&*1*/+''-.5767**&&3-''*+)*))'*'&.)+,',-=-++4*)'&('$%$%$2-$&'#)''#)(/59;61:>827:>E:+$%%.76+%)$$$'//30+&&($"$$##%$$$'')'$(+,//9<=0>B-**)5624#'#$$)4,/3+,-&%$$'%%*(%24+++++&(&,*$%)*+)02:77B>52;?@8DAA5('&(.'+-23(1//*)),170/52*1>235*912	154.09306079468732	0.1238866486779821
197	278c144f-e5d5-4509-a12c-5fe78ce87806 runid=ed1de13037eb1bcfeefc20d46af38743bdac68e6 read=15351 ch=99 start_time=2020-02-10T18:15:39Z flow_cell_id=ACE547 protocol_group_id=barcode_test sample_id=barcodes_fish h+(2),h-(2) w1 h+(2),h-(2) w1_133.99901825844753	GGCACCACTTTATCTCGTATTTGGTGCCTGAGCCGGCGCCTTAGTCGGAGCAGCCTAAGCCTGCTCATTCGAGCAGAGCTAAGTCAACCTGGTGCACTCATGATGATCAAATTTATAATGTAATCACGTTACCTTTGCGCTCATCAATAATTTCATTATAGTAATACCACTAATAATTGGAGGCTTCGGCAACATTTAATTCCCTAATGATCGGTGCTCCAGACATAGCCTCAGATAAATAACATAAGCTCTGGCTTCTTCCCCCATCTTTCTCTCCTTTTAACATCATCTGGTGTAGAAATAGAGCCAGGACAGGTTGAACTGTCTATCCCCTTTAGCTGGAAACCTCGCTCATGCTGGGCATCTGTTGACCTCACTATTTTTCCCCTTCATCTGGCAGAATTTCATGAATTCTTGGGGCAATTAATTTTATTACAGTGATAACATAAAACCTCCAGCAATCTCCTGTGTCAAACTCCTCTTTGTTTGACAGTCTATTCTACAGCTGGCCTGTGTGTCTCTTCAGTCTTGGCAGCCGGTATCCGCAGTAACAGCATTATTAATCTTAATGCTTCTTTCTTTGATCCTGCTGGAGGGGTGACCCCGACGCTATATCAGCATCATATTC	'&%$#(&##$#&%0';10)),463114/)))/40/.$$%%%%%$%/(1&$*+1:;434'88967?;6:0;..533537D9<1-.--,6::.--*+,-)0#'&23682BA2:8?G@?D7715D?9C5:66<*(*(((&#$$22$$&1)))*)/60..1:6739:300&$,-+01--$$%.4#%'&()+*,*+$%'$%$)-*3<?D39612356$39+)/%4##'''$#$)**.$%+$$(),/**,,-))(((#'%#%*$#$%%*+,+32.4-&)$',0231/2+7=AD9792&'3%$'&+,%#(--)6,'+;742+*>(446'#$4575..>86&3.2(#&55.4+'(*7-0=A<9956+,(027<7,&)*/643;6:63CF?85350)$*)*05')))*'()/1--(('('+.;;;2)=8=<30684341&&&(&%&+3,%)+&'((>;8)?A>&8%$#&%387*''$##&%$(().%+.;EC;1+2/7.++-)62/-/'"%(*0/2'%&((%/$&&428+='0.5<=::'+'+%&&$-2%))/#$&$'(&*,$$$%)%#%'&.704/+%$##(('*,*%))%%114),&(+0/21%)*)((((&$%#"$3*/105+#$())##$(-%	133.99901825844753	0.15812748607832489
278	38da298b-0de7-409b-8b31-4cfbc6420bdf runid=ed1de13037eb1bcfeefc20d46af38743bdac68e6 read=1448 ch=46 start_time=2020-02-10T15:44:04Z flow_cell_id=ACE547 protocol_group_id=barcode_test sample_id=barcodes_fish H-(2,9),H+(3,8) w1 H-(2,9),H+(3,8) w1_114.80728564599086	ACAGAGCCGATCTTTGATATAAAATGAAGGTCACCTCCTCAGCAGGATCAAGAAAAGTATTAAGATTACGATCAGTTAAAAGTATTGTGATACCGGCTGCTAAGACTGGAAGAGATAATAATAGAAACCTGGCTGTAGTGGGACACTCAGAAAAGAGGGAAGTTTGATATTGTGCCGGATTGCTGGAGGTTTATGTTAATAATTGTGGTAATAAATTAATTGCCCCAAAATTGATGAAATTCACTGCCAGATGAAGGAAAAATAGTGAGGTCAGATGCCCAGCATGAAAACAAGGGTTTCAGCTAAAGAGGATAGACAGTTCAACCTGGCAGCTCCGCTTCTACGCAGATGATGCTAAAGGGTAGGAAAGATGGGGGAAAAGTCAGAAGCTTATGTTTATTTATTCGAGGAAAGCTATATCTGGAGCACCGATCATTAGGGGGTGAGTCAGTTGCAAGCCTCCAATTATTAGTGGTATTGCTAAAGAAAATTATTACAGCGTGTGTAACGATTACATTATGGTGATCATCACCAGGAGTGCCAGGTTGACTTAGCTCTGCTCGGGTAGGCAGGCTTGGGAGCTGTTCCGACTATGCCGGCTCCGGGCTCAGATACGAGATAAAGAGGGTG	%#$$'####&((&**),;85684)((%%+'))+-..&+'>3/--.;,)D?&793:,+7588>70969-4854;';03./1&25423),&&.--*#$$+%%*(01762//%)'&+48A<58(&&#%$#$$%'*).$%&%-*21$#'%'74(&'(.*/00'+&408'0,--,-')&)%(''48'',*/%(8;C@6.+4$1,))%%''%*0470/1-*256,,,)(((%&$%0'0..&)31$/,*$#$$%%+-=00*-/?(0@:0++(:6.$+'6,#$(()##&$#$$$(((#$%$&&-$0+'%)*24=+'%0<(%''($$0$%&*&%$&%%#$**...$"#&)$%($/75E:;=@7.26:)(*16:2=0>%1A<=01.,.3''*(<32*8%##$*)'%(1,2<95676.&&,$'$.39/)*++(&/&&2322;0-<68:&)*+)).%".02-;.1(,-2.324&>:558..0'10*56&&)'((,6)(.,+0.1,+.('''0)%%%344310.35036792&&&%%$=?0,@**2()0%056/0-88@6:2***$1BE@8)$+8(%&&&&/--05677'11**..0?3'*'().1445/1587'5'*'&%'%$-&&3,2:0++.%%$*0($%	114.80728564599086	0.1509281813043046
300	630e33c4-f93c-4fca-9cb2-e51a8f2aebdb runid=ed1de13037eb1bcfeefc20d46af38743bdac68e6 read=15469 ch=85 start_time=2020-02-10T17:46:38Z flow_cell_id=ACE547 protocol_group_id=barcode_test sample_id=barcodes_fish h-(1),h+(0) w1 h-(1),h+(0) w1_108.3178283399259	AAATCAAGAATAGTACTGATATAAATGGGTCACCTCCTCCAGCAGGATCAAAGAAAGAAATATTAACGATCAGTTAAAGTGTTGTGATACCGGCTGCTGGGACTGGAAGATAATAATAGAAGCACGGCTGTAGTAGGACTGCTCTCTGGAAACAAGAGGGAGTTTGATATTGTGAGATTGCTGGAAGTTTTATGTGTAATTGTGGTAATAAAATTAATTGCTAAATTGTTGAGTCTGCCAGATGAAGGAAAAATAGTGAGGTCAACAGATGCTAGCATCGAGCAGAAGGTTTCAGCTAAAGGGATGAACGGTTCAACCTGTCCCGGCTCAGCTACGCAGATGATGCTAAAGGAGTAGGAAAGATGGGGAAGAAGTCAGAAGCTTATGTTATTTATTCGAGAAAAGCTATATCTGAACTCGGTCATTAGAAATTGGTCAGTTGCCGAAGCCTCCAGTATTAATTGGTATTACTATAAAAGAAAATTATTACGAAAGCGTGTGCTCTGTAACGTTACATTATAAATTTGATCATCACCAGAGGAGTGCACCAGGTTGACTTAGCTCTGCTCGAATGAGCAGGCCTAGGGCCTATTCCGGCACTATGCCGGCTCAGGCACAATGCAGATAAAAGAGGTGCCCA	&0/-,*0.<822)'#%(*,1/*361$$(*+,*).-)1)%2()+-57'(542&((/&%(&%$'$''$##%44%.%',//*.%8'268/+)%$).33356)%:421'.)',1120%/-,,%11&+(#$1..026(6$%5.,,$"/,)*%''-1/;>:'(.)1&(-1)98687:>65&+**,8=>>1))8*<970,(/'0421525.)7-8578-/.0,)'*$$$'%#$'*#&$&#+&&(()+43-+(&&,6>B1,)))/1-+50A<$333,+$#&#&%,/)&%%$%$&%)-5G197/=:??'.=BB)))6**,B,,)#&$''**.(&25(0(()0&$%69::7212433;;5$'%,9(+*(2$>@--+)&$*,(%'$2%$')$'''%$%&'''*04639**,-.'&&:'1--364%#%%((('27245),%'&&'$86<$2)+)%#&$&&''%&)&&22357%&@+6@<9:2%%0-;:/%',++%%(5242-./)(.789775((%&26;222'911/6875<<0:80)(,:015--0)$$))(0645212*11?/E:@@?*'=;3-3438&&&#$$&&$%')$(%%($%$'&)2&2&&&#%)0((44+<A:8$$$###&'%#()'<9:@;*)%*(*%$%#)	108.3178283399259	0.14830188460433424
154	9f99e6f0-d11d-470f-8148-1e236faa5bcf runid=ed1de13037eb1bcfeefc20d46af38743bdac68e6 read=23198 ch=103 start_time=2020-02-10T18:51:31Z flow_cell_id=ACE547 protocol_group_id=barcode_test sample_id=barcodes_fish H+(0,11),h-(2,-1) w1 H+(0,11),h-(2,-1) w1_142.8476866586501	GCCCTTTATCTCGTATTTGGTGCCTGAGCTGGCATAGTCGGAACGGCCTAAGCCTGCTCATTCGAGCAGAACTAAGTCAACCTAGTGCACTCTTGGTATTGATCAAATTTATAATGTAATCGTTGCAGCACTGCACTTTCGTAATAATTTTCTTTATAGTAATACCACTATGGTGGGAGGCTTCGCAGCTGACTAATTCCCTAATGATCGGTGCTCCAGATATAGCTTTTCCCTCAGATAAATAACACAAGCTTCGAAGCTTCTTCTCCCATCTTTCCTCTCTCCTTTTAGCATCATCTGGTGTAGAAGCCGGAGCCAGGACAGGTTGAACTGTCTATCCCCTTTGGCTGAAACCTCGCTCTTGGGCATCTGTGACCTCACTATTTTTCCCTTCATCTGGCAGAATTTCATCAATTCTTGGTGATTAGTTTTATTACAGTATTAACATAAAACCTCCGGCAATCTCACAATATCAAACTCCCCTCTTTGTTTTGAGCGGTCTAATTACAGCTGTCTTCTATTTATTATCTCTTCAGTCTTAGCGCCATTATCTGTGCTGGCAGTCGTAAATCTTAATACTTCTTTCTTTGATCCTGCGGAGGAGGTGACCCATTTATCGGCATCTATTCTACGA	#(((%--3;>6=3@98@82/114321*)$%',++,-1-6'.%&#$20+/52$8:<<<AE/B5;21)&&%%$)(**');3$///$.A13,+*5'()''&&(**2<;3**-'&&')((-0,+./47'((&&%"$%%%((=<>58;?@H@CCA<=<=*,,,256,00'0262(%%(2*.-%'&&'+&&%)+--/,-%(/):384(0/'&$+4'+;/6:';06.,&$$&1344424.(0&&:<AA14=*+&'*-%:9)0$%$%&&/8>:*=9=:416%54*,$$#')25,=<:65;:<A86/0,%-++('+1-2-+4'326-257446'06.00-%%%1+'127-'$'%%'$&(%'%453-)/,.&'(22026/)'0.44:..''-.37::8782.9:*'70)+$..%,(,6-):BIFND?=;)()&'(/)&,556.*-%%%&-**-&##%$/2*&537&1%179/:<)7)+,$10-3-.<36;A9&-+*362'-+(*,)%%+$<'3+03'%%')0#%$%,22--0.134654(56-(*-:=+-)'$&'))'*&*4%$$&$$$%$%%+8(,,)(*3)+/(%%.1;78>>?@D@33<>A9)$(,%06)645@:=BA489,(,/$-+-1:6%&'$%%$%$	142.8476866586501	0.13468627935488492
172	437a1232-e323-4a22-a1f5-97698c43e436 runid=ed1de13037eb1bcfeefc20d46af38743bdac68e6 read=35123 ch=69 start_time=2020-02-10T20:43:48Z flow_cell_id=ACE547 protocol_group_id=barcode_test sample_id=barcodes_fish h-(3),h+(3) w1 h-(3),h+(3) w1_137.83861533781857	CAGAATAGTGCTGATATAAAATGGGAGTCACCTCATCAGCCGTCAAAGAAAGAAGTATTGAATTACGATCAGTTAAAAGTATTGTGATACCGGCTGCTAAGACTGAAGAGATAATAATAAACACAGCTATGATAGAACTGCTCAAGCAAAGAGGGAGTTTGATATTGTGAATTGCTGGAGAGGTTTTATATTTAATAATTGTGGTAATAAAATTAATTGCCCCAGAAATTGATGAAATTCCTGCCAGATGAAGAAAAATAGTGAGGTCAGCAGATGCTAGCATGAAACGGTTTCCAGCTAAAGGGGATGAACAGTTCAACCTGTCGGCTCCGGCTTCTACACCAGATGATGCTAAAGGAGTAGAGGAAAGATGGGGAAGAAGTCAGAAGCTTATGTTATTTATTCGAGAAGAGAAAGCTATATCTGGAACTGCCGGTCATTGAGAATTAGTCGATTGTGACCTCAATTATTAGTGGTATTACTATAAAGAAAATTATTACGAAAGCGTGTGCTGTAACGTTACATTATAAATTTGATCATCACCAAGGAGTGCACAGGTTGGCTGCTCTGCTCGAATATGGCTGAGCTTAGAAGACTATTCCGACTATGCCGCTCAGGCGCAAATACGAGATAAGGAATTGCCAAT	<5*53-.%'&(&.+*(''121))'%&%%$$*+**%&+&''(,0;@:&)+1,()'#%&#%%$$$%()0431*.&(*30((.0.1,.0420,('+**+102116774'3)(0>@B;7G86<3&+/,1&#$(%%%'(/.8@E718C>1%383)()&$$%%%'$/12223.('%&&';=<7*&*+-+66;?3))(),/2,//$29.+1/4.->A>;%,B<=@6832&4'31=AB84##&25/?5:6=9>>?:8977/%-196;;1;++*558**-.1/0,($'&&'(%''$)+/,>7$..-+/-4/(&(55))*))+4+04)%)*,,(2)+..':*)**30*$&&&:.6<<;7&&#$.,&((#)+++$(,*:&+@;;561(65.*44?%#+,*))*2,*5)326C9>8/''(*6)$%()(-:>.&)11+//-&$$$0.-$7=0/1/+/)+./00*8%#&(#$%$((&7.''*))*()4)-44780))78=<,+3:9=5>&%'$$$$)*236:8&434+0-+''$+&543565<9+764+/9B:61('3/,+5*&4%$$%%+.%,.8:;0@C<80$'<1--+)%&$$'))++55-*%$&%%-,8C'76>5.6><9939-@44:$$.-91,,11++99:;&*%$"$$)*2.2	137.83861533781857	0.1285015345285349
384	e7567b2e-0de3-431c-b0df-ce3bf9120656 runid=ed1de13037eb1bcfeefc20d46af38743bdac68e6 read=36317 ch=26 start_time=2020-02-10T20:41:50Z flow_cell_id=ACE547 protocol_group_id=barcode_test sample_id=barcodes_fish H-(0,10),h+(3,-1) w1 H-(0,10),h+(3,-1) w1_79.25311381323434	AGAATAGATGCTGATATAAAAATAGAGTCACCTCCTCAGTAGGATCAAAGAAAAGTATTAGTGCGATCAGTTAAAAGTATTGTGATACCAGCTGCTAAGACTGGAAGAAGATAATATCAAACACAGCTATGAGTAGAGACTGCTCAAACAAAGAGGAGTTTGATATTGTGGGGTGCTGGAGGTTTTATGTTAATAATTGTGGTAATAAAGTGGTACCCAAGAATTGATGAAATTCTGCCAGATGAAAGGGAAAAATGGTGAGTCAACAGATGCCCAGCATGAACGAGGTTCCAGCTAGGGGATGAACAGTTCAACCTGTCCCGGCTCCATCTACCAGATGATGCTAAAAGGAGTAGGAAGATGGGGAAGAAGTCAAACTTGTATTATTTATTTAGAAGAAGAACTATATCTGGAACACCGATCATTAAAGGGAATTGATCAGTTGCCAAACCTCAATTATTAATTAGTATTACTGTAAAGAAAAATTATTACGAAAGCGTGTGCTATAACGATTACATTATAAATTTGATCATCACCAAGGTACCAAGTTGGCTGCTTTCTGCTCGAATGAGCAGGCCAGGATATTCCAGCCATGCCAGCTCAGGCACCAATGCGAGATAAAAAGAGTGCCG	00,.)))/((*13;ABAC>;9)$$%&**-#$$%$'&-#'%('0538:7&10/'&&65/0&*7/)+*-2&0&28?7'&*./0*)%%$$##%+.1-1,69,;>@=,(+-#&%*)*(&($#%'&%($$)+/,$$%$&$*$%$(/''/60+)02<+++?.#),50+)&&%'//+((%.$//200(.3=:5/+*3')'))()'*659:>4010)$5$*2),-)/.(,--.&&&%()*&*1(28?>@A6605%2,'++F;1***/-&-(?1)213),)('&'&$)((%'#$#+)@:%8932*.&-239&&&*./.0,'.$,(')&&3$$)$$$-*%$"%'+/2<77410/1198*)+)*114-+2'+**&24.9$+)$$/+(%''+'*)(*')+1)()'*%/&*)%'%%#(*+.-.*')&&(***+/8>,-/2+%(-$&%$%&&(+&.&)%#$$)'10)70)),&#$&&&)%1866:4.11155,#%-,,%)+/*,1))00'#347.6.*/(+-)),)35'%%$'47;9:)<;98<A564%%)'&&-/*/2(#.#()*,*&%&'151($-'&%*$$$)((''$&#&'$#$+-$''$%$$##%&%(3*9+-*&&%'2-&%%*+18466*'%()%:)7:;	79.25311381323434	0.1676707097989167
110	6c512fbc-2112-4d7c-86f9-1eb8519f4b7a runid=ed1de13037eb1bcfeefc20d46af38743bdac68e6 read=106 ch=2 start_time=2020-02-10T15:33:32Z flow_cell_id=ACE547 protocol_group_id=barcode_test sample_id=barcodes_fish H-(2,11),H+(2,8) w1 H-(2,11),H+(2,8) w1_153.6779155735999	AGAATAGATGCTGATATAAATGGGGTCACCTCCTCCAGCAGGATCAAAGAAAATATTAGATTACGATCAGTTAAAAAGTATTGTGTGCCGGCTGCTAAGACTGGAAGAATAATAATAAACTTACAGCTGTAGTAGGACTGCTCAAACAAGAGGAGTTTGATATTGTGAGGGCCTGGAGTTTTGTAATTTAATAATTGTGGTGTCAAATTAATTGCCCCAGAATTGATGAAATTCACCAGATGAAGGGAAAAAATAGTGAGGTCAACAGATGCCCCAGAAACGAGGTTTCCAGCTAAAGGGGATAGACAGTTCAACCTGTCCAGCTCAACTTCTACCAGATGATGCTAAAAGGAGTAGGAAAAGATGGGGGAAAAGTCAGAAGCATGTTATTTATTCGAGGAAGCTATATCTGGGCACCGATCATTGGGAGTAGTCAGTTGAAGCCTCCAATTATTAGTGTATTACTATAAAAAGAAAATTATTACGAACGTGTGCTGTAACGATTACATTATCATTGATCATCTGAGAGTCGCAGGCTGACTTAGCTCTGCTCGAATGAGCAGGCTACAGGAGCTGTTCCGGCTATGCCGGCTCAGGCACCAAATACGAGATAAGAGGGTG	&%,1..-030+61555486'%%&)-,.&$%$$+.(9,*('3C;5;=9))066):8::41635&'-'0:182>@C3&$0133513+$--.)68:<<:6&47312+65,)-**)'(')*'(&&&##(,+,(#&)+((*1*-0+3A=4+;=4/%-.)004.8*+**--*/'+'&%%)*0$46741*.-,*.(*)()%(3*%((.%%%++&/10*+-+0//*0(%$$22544-25A)5%%0/2886/,)//6:DB;42459@60?<C6&57@>A33,,*&$'&&''+257A?4<6;86);(*=0A/++,%44;8079%1224&&4$+'&*)$#$'$$'.4**1.1:D@<;C>4%()&.7:>8)18(*9*+%1443<5**/C?21/%/846<7../<675/,*,3-0%%,,--,,),#(&%&0536<++.$/&%%5)2.B+7+-&,,$(*($(&#%*--/.%3)43+8=BA;8@>B1*(.((0,2-+-%#$&%46??>B>@7<:66988;.//),*%%%(-457C;79&$$)%)(*%'(,,+(1.++-%1;>=8*%'6&&.),)%''($&%$#%&/#(%&+%5150()'+)($$$*2/659;87363+1,,)*))8223'%).&4*	153.6779155735999	0.11446451996025898
173	8d49c13e-e8db-4917-a451-ce5777c83603 runid=ed1de13037eb1bcfeefc20d46af38743bdac68e6 read=23207 ch=58 start_time=2020-02-10T19:16:04Z flow_cell_id=ACE547 protocol_group_id=barcode_test sample_id=barcodes_fish H+(0,11),h-(1,-1) w1 H+(0,11),h-(1,-1) w1_137.76489921404018	GCACCTTTATCTCGTATTTGGGTGCCTGAGCCGGCATAGTCCCGGAACAGCCACAAAAGCTGCTCATTCGACGAGCTAAGTCAACCTGGTGCTCCTTGGTGATGATCAAATTTATAATGTCAATCGTTACAGCACTTTTTCGTAATTTTCTTTATAAACAATACCACTAATAATTGGAGGCTTCGGCAGCAGCTAATTCTGGTCGTGCTCCAGATATAGCTTTCCCTCGAATAAATAACATAAACTTCTGACTTCTTCCCCCATCTTTCCTACTCCTTTTAGCATCATCTGGTGTGAGAAGCCGGGCCAGGACAGGATTGAACTGTCTATCCCCCTTTAGCTGAAACACTCGCTCATGCTGGGGCATCTGTTGACTACTATTTTTCCCTTCATCTGGCAGGAATTTCATCAATTCTTGGGGCAATTAATTTGTGCCCGGTATTAACAAACCTTGACAATCTCTGCAATATCAGCTCCCTCTTTGTTTGGCAGTCCTAATTACAGCTGTGCTTCTGTTATTATCTTCCAGTCTTAGCCGGTATCACAATACTTTTAACTGATCGTAATGTAATCTTCTTTCTTTGTTCTGCAGGAGGAGGTGACCCCATTTTATATCAGCATCTATTCTGA	*&(++%,+7AA>@((''(&,()'''%%&&),((0+*(0/$$+%)++/++-0.#%())'#"$#"%6&367,)%$%)021.*&831688:34)21'*'(*''*+,,--41'-'..))(&##&$%')+'19%+%%$#"$):;37--)('*'#$*,)#$$$##*'$$98%$(%'''&&(5)$*.--2.**)*#$%$'%(%#*&%$')'&3-**(4*,%)#&,+5==:0.&+13485GFBB/0,..31'EE:A?=9''/.1@>EPIB:%)6D=(20$$2+,010+'&*,9=47D@92921$%#%(5:21'%&+*4<1,,-3%-/+(0-,).,,-%%2064)11'01.+'-('$#.7,04=5//+)(21*%%-;:,721'./)+(+9>;=9:9@6A>98022977?@30$+.))36-1+??>>-./1./.,0)(''-%)&%%$#$*$$&)$(3.''&$&##/2.1-)(&+*5102('($262=7+<>D;99C7+(--4++3/,0130/46@A743./+-*(%'&-1281EI*?/<9556%//.(1=426*24/-)$....%%-+)()7'*++-+)'$$&)+/.47422(,$%*&$#$,5/41)+,,)$++,+-01113/--93.959A635<A>=8	137.76489921404018	0.14532938478588733
196	98ed8efc-afb6-4ae0-a605-1aad70392cb6 runid=ed1de13037eb1bcfeefc20d46af38743bdac68e6 read=19203 ch=40 start_time=2020-02-10T18:11:26Z flow_cell_id=ACE547 protocol_group_id=barcode_test sample_id=barcodes_fish H-(1,10),h+(2,-1) w1 H-(1,10),h+(2,-1) w1_134.04517445972817	AGAGAGCCAGATACTTGATATAAAATAGAGTCACACTCCTCCCAGCAGGATCAAAAAGAAAAGTATTAAGGTACGATCAGTTAAAAGTATTGTATTACCGGCTGCTAAGACTGGAAGAGAATAATAATAGAAGCACAGCTGTAATTAGAACTACTCAAAACAAAGAGGTTGATGTGTGAGGAATTGCTGGAGGTTTTATGTTAATAGTGTGTAATAAAATTAAAATTGCCCCAAATTGATAGAGAAATTCTGCCAGATGAAGGGGAAAAATAGTGAGGTCAGCAGATGTCCCAGCATGAACAGGTTTCCAGCTAAAGGGGGATAGACAGTTCAACCTGTCGGCTCCTTCTACGCAGATGATGCTAAAGGGTAGGAAAGATGGAAGAAGTCGGAAGCTTATGTTGTTATTCGAGGGAAGTATGTCTGGAGCACCACGTCATTAGAGTAGTCAGTTGCCGAAGCCTCCATTATTAGTGGTATTACTATAAAAAGAAATTATTACGAAAGCGTGTGCTGTAACGATTACATTATAAGTTGATCATCTTGAAGTGCACCAGGTTGACTTAGATGCGCTCAATGAGCAGGCTTAGGCTGTTCGACTATGCCGGCTCAGCGGGCACCAAATACGAATAAGGGAGTTATA	)/*'&%%'.$,''/024106694(*%%&$'+*),'$4%$'%'%#"#$%&)/2A:3+'(++'%%5557*(/%9*7:+)1)1*,2:0('11/(01&&'*''#-6652(2+..98:/)-+&&&()+%%('),$&%$&%#$'18074%%()0&*(($%('5'0'5=7&/$((;*-#%$,&$$$%&#$$$'%(-+.*??E?<60.3'(''*$5&/,+%%/<A3+(*))%%&*3<76+2'$&'%%''&%$%%#&'''++/49;34.)(-983;A;1139:<9,39A7'&&$',,,-:+<;B@,+&&'),/3D>,08(()48'*)')&+$$$'./15C94$BA81',,-*+&*(+30))*410-434:8205@,1+;=7:0,6+3632/$&'(()'5%&%-1266;;422&)(3:61&%71*%%%$&$$(4*.($.+-27)(+00134(,$$5(,),',(*/41)*)93386:..188:0,517>9>==@=@9:97,%+32)&)--.4//*)(.%$.+92(-6:=6455=?.28;<1)*(%(#'%19)&)#%')%5<1***4.5EIB=4..4015-+'0/+<:334+%%%%1+,,%%$&+$@5/&&$.8541)*&5,5'$"$36677C=0<><.-&)&(((,2#)/##%&	134.04517445972817	0.1422937714546453
301	5a5f1a32-96f0-4b49-9856-cdb4eb7f6318 runid=ed1de13037eb1bcfeefc20d46af38743bdac68e6 read=36459 ch=34 start_time=2020-02-10T20:51:42Z flow_cell_id=ACE547 protocol_group_id=barcode_test sample_id=barcodes_fish H+(0,8),H-(2,11) w1 H+(0,8),H-(2,11) w1_108.27190722518398	GCTTTCCTTTATCTCGTATTTGGTGCCTGAGCCGGCATAGTCGGAACAGCCTAAAGCCTGTCATTCGAGCAAAGCTAAGATCAACCCTGGTGCACTCGCGGTGATGATCAAATTTATAATGTGTAATCGTTACAGCACGCTTTTCATGTAGTTTCTTTATAAGTAATACCACTAATAATTGGAGGCTTCGGCATGACTAATTCCCCTAATGATCGGTGCTCCAGATATAGCTTTCCCTCGAATAAATAACCATAAACTGACTTCTTCACCATCTTTCCCTCTCCTTTTAGCATCATCTGGTGTAGAAAGCCGGAGCAGGACAGGTTGAACTGTCTATCCCCTTTAGCTGAAACTCGCTCATGCTGGGAATATTGACCTCACTATTTTTCCCTTCATCTGGCAGGAATTTCATCTAAATTCAGACAATTAATTTATTACCACATTATTAACATAAAACCTCCAGCAATCTCACGATATCAAGCTTTCCTCTTTTGTTTTGAGCAGTCTAATTACAGCTGTGCTTCTATTATTATCTCTTCCGATCTTGCTTGGCTGATATCACATACTTTTAACTGATCGTAATCTTAAACTTTTCAGTCTGCTGGAGGAGGTGGCCCATTTTATCATCAGCATCTATTCC	/%%%%-3267:::/8))))*%'%&(887969A<<+'%&&*))*,''-/-<</43&)1/-'%%#''$%(%%%%$%*),'%'''(&'%$)&1=17.-,5$$)31987983442025/$$*)+*'%%..(+0-1*-,'%&+100<</2,*$%'$/20,',)&&+&$*,($%7=34+00*4,,/++'&)''&-)+)))+-756<7:*6)#0-)*&%02),:+'4&5)./-(%%(%+11)-)-4)(..02547)(%##%(%',&.27=78)4*++):<AA7+.*(.2/-./(%)+;=<@:=B?5:B33,(*,%4'231$/((-+-++.*;'*),*()+*)(33==))=726(((%+.))0..(5-/36631+%$$%(+*+-123)/668<DE;887+:8255-+'&%%(%)14:;)%/#&.$:-/&)$*-*)+&)%*('*,(.,&''$&.-.7::75@=/(+)-+6'(+59=?43'%)&)(+2-)&##%&+)+=GKD96&4.*%%$()((213,,-)%($$$%)'%6143/-/&$$'-'0;?1)(($/0./+$$&)(&#%#'&'&$()&'.011538848515/06428.1)$$"&&%%##'&</4<=;)%&'$)))$'32349:74.%$$%44.5567$#(*#'	108.27190722518398	0.14967381801942425
69	13d33c82-e83d-468d-8b7d-1cabc4342b1d runid=ed1de13037eb1bcfeefc20d46af38743bdac68e6 read=21507 ch=108 start_time=2020-02-10T18:39:53Z flow_cell_id=ACE547 protocol_group_id=barcode_test sample_id=barcodes_fish H-(2,10),H+(0,8) w1 H-(2,10),H+(0,8) w1_168.53192365229194	AAGAATAGATGCTGATATAAAATGGGGTCACCTCCTCCGGCAGGATCAAGAAGAAGTATTAGCTGATCAGTTAAAAGTATTGTGATACCGGCTGCTAAGACTGGAAGAGATAATAATAAACTTACAGCATAGTGAGACTGCTCAAACAAGAGGAGTTTGATATTGTGAGATTGCTGGAGGGATTTTTATGTTAATAATTGTGGTAATAAAATTAATTGCCCAAGAATTGATGAAATTCCTGCCAGATGAAGGAAAAAATAGTAGAGTCAACAGATGCCCCAGCATGTTGAGGTTTCAGCTAAAGGGGATAGACAGTTCAACCTGTGTCCGGCTCCGCTTCTACACCAGATGATGCTAAAAGGAGTAGGAAGATGGGGAAAAGTCGAAGCTTATATTTATCTATTCGAGGAAAGCTATGTCTGGGCACCGATCGTGGGGGAATTAGTCAGTTGCCGAAGCCTCAATTAGTGTTGTGCACTATAAGAAAAGTATTACAGCGTGTGCTGTAACGATTACATTATAAGTTTGATCATCGCAAAGGAGTGCACCAGGTTGACAGCTCTGCTCGAATATGAGCAGGCTTGAGGCTATTCCGACTAATATGGCTCAGGCACCAAATGCGAGATAAAGGGTG	;(==,&&&&&)69>@@82AE99436.0/78024%*6)6&/37*A61<4''/0&-*$)%),)%&&.-'?38475:2,%**,-0588;;45-.3512341)%#$2126.''-++'&'&)096322$$$%#%*2$9'&)8/0)05985.<FE'*5-&/(-52,.-,/5+/$($$%9=>>91-42$%1466476C7531.,,-3$05<?.+,,+239:7790::0--%0+4695321,.8G9>953342C34.52*,7><8,'',)$&$20;8&++:58)&&&'-,-2*'#$'%&0/F+B6<><83%+-(7+()*+1297-=-%3240(1((5$-;:0/,++083613,31/A89;<2//4:3(*3'##$)/+1)3.-+/,03&%+).#')$$$$($$$'--855-22-%&01-2&.?;<$$*0+)&%'%'('./9$,+()'&$,$23=:;).*/,,,&#($%&&.*$$%$)0%&''0'#$,.)#**%)0.($22../((*0.*)8/-./151341;I=7:<><9C;5AGD>95=048(,63%.)*.@4---6.0-:10**/3;4.'$%)4,*&$%#&%.-..,,,-))%*+(1/9=>80'&+(%%$$+>8@'01-.,1-,,&&#&'/89;<&((%:0	168.53192365229194	0.1199501290982553
153	33367aa9-16f1-4013-9610-41a8ab502d9f runid=ed1de13037eb1bcfeefc20d46af38743bdac68e6 read=6271 ch=122 start_time=2020-02-10T17:52:15Z flow_cell_id=ACE547 protocol_group_id=barcode_test sample_id=barcodes_fish H-(3,10),h+(3,-1) w1 H-(3,10),h+(3,-1) w1_142.90094359707717	AGAATAGATGCTGATATAAAATGGGGTCTGCCTCCTCCCAGCAGGATCAAAGAAAAGTATTAAGGTGACCAGTTAAGTATTGTGATACCGGCTGCTAAGACTGGAAGAGATAATAATAGAAAGCACAGCTGTAGTAGGACTGCTCAACAAGAGGAGTTGATATTGTGGGAATTGCTGGAGGTTTATGTTAATAATTGTGGTAATAAAATTAGTACCCCCAAGAGGTGGTGAAATTCCTGCCAGATGAAGGAAAAATAGTGAGGTCAACAGATGCCCCAGCATGAGCAAAGGTTTCCAGCTAAGGAGGGATAGACAGTTCAACCTGTCATCGACTACCGAATGATGCTAAAAGGAGTAAGGAAAGATGGGGAAGAAGTCAGAAGCTTATGTTATTTATTCGAGGAAAAGCTATATCTGGAGCACCACGATCATTAGGGAATTGGTGGTGCCGAAACCTCCAATTGGCCGATGGTATTACTATAAAGAAAATTATTGCGAAAGCGTGTGCTGTAACGGTGTATCGTTTGATCATCACCAAGGAGTGCACCAGGTTGTTAGCTCTGCTCGAATGAGCAGGCTTAGGATATTCCGGCTATGTAGCTCGACACCAAATACGAATAAGAAGTGC	)*15122711237=::4AB;>&&+**.,&$./16;6)1$))())).(..5)(8;9/.:(')*'*'532()+*023+'65460/.-1,%%&(0346375/=7:B87@-''.140+2-))'('$#*+/3/8:977*8$&-16:@C0>?3?D<,&08)*?>73..-0/3-&&&'((3./11076@AA;90;31/11%$'&('&)('/56296;3+1*)%%##+%'#+-;76=41/:04,',51488C9<:2+0*2991-.364*040<4'05*6-,:8:.30++(#$$$&'%*8=??-793C@?1'5#,0>)%%)$+,/0221068:/&0%',&%(-(%%'&9220***/1?4**-&,361.0/9%+>--*(''0$&%53A4)-%17758:8>:33<8-;55+((,$-,$.68,++6753)%)*.8:('(%.-**,&.''$$$&%%&)):0,-''('-.1%>0&&'&$"#$#$#(.,*,*98622<()0/,&%(**-%$$**)&776:68./---)$%'%#)'%$%#%#$$4648<%%..+*&$/3'%$#$'-$.1+%'04:;5=/*'?6594411**+($$''(%$$%(.171'421-'#&'0'.&$$$$+/0&$$#$#/*66%$$'&%$	142.90094359707717	0.12636512519471585
280	56a02387-b12d-41fd-83dc-2914e55ee86e runid=ed1de13037eb1bcfeefc20d46af38743bdac68e6 read=15915 ch=51 start_time=2020-02-10T17:38:20Z flow_cell_id=ACE547 protocol_group_id=barcode_test sample_id=barcodes_fish h+(1),h-(3) w1 h+(1),h-(3) w1_113.383403318452	ATATCAGCACCCGCTATCTCGTAACTGGTGCCTGACGGCGCGGTGGAACAGCTGGCCTGCTCATTGAGCAGAGCTAGAGTCAGCCTGGTGCACTCATGGTGATGATCAGGTTATAATGTAATCGTTACAGCACGCTTCCGTAATAGTACTATTTTGTAATACCACTAATAATTGGGCTTCGGCAGCGGCTAATTCCCCTATTGATCGGTGCTCAGATATAAACTTTCCTCGAATAAATAACATAAGCTTCTGACTTCTTCACATCTTTCCTGCTCCTTTTAGCATCATCTGGTGTAGAAGCCGGAATAGGACAGGTTGAACTGCCTATCCCAACTGGCTGGAGCTCGCTCATGCTGGGGCATCTGTTGGCCTCTTCTTTTCCCTTCATCTGGCAGATTTCGTAAATTCTTGAGGCGGTAATTTTATTACAATTATTAACATAAAGCCTCCAGCAATCTCACAATAATCAAACTCCCCTCTTTGTTTTGAGCAGTCCTAGTACAGCTGTGCTTCTATTATTATCTCTTCCAGTCTTGCGCCGGTATCTGTCACAACTGATCATAATCTTAATACTTCTTTCTTGGATCCTGCTGGAGATGACCCCATTTATATCTAACATCTATTCTGATTCTTT	0-++,%)))/-%##)/:<8@,++%().5566300&(&,$$#&&#'%&(&&((&$&131314(##%***././*)'&$&(28:+87,+).$#(/.3$$&0/9513310.&$:867913,04.+5/99(%%)))&&%%312(((&$%'-$).'*,'*)*,(%$'&&&'+)+'%%'0-6791<2-**)'*%/3060+7,*',(&&++0923?>>-7),&%(,0+&(144%(.8--4238649),**,)''().022:9;5*(*%%*679A@//,&%(%')++#$7=83?4:C??9<<<4,//,2.)'&$#%)+&$%+%-)&$$#%$--*.**8*.$$"$)$&''#&'&4-.59,3332$113/26;@-<2'&/0/(',*042/(45'6,1+4%&$$$"$*+,&#%(.&46342($&&#&%*'&&/00.130.2**,)47831/072''..,$1-&5>3=?3;357*%&%37=8)'&,)1$2<CE>3/83.'$'))0&&1-.%)$$&$#'','$'.&+(')..1.66:==@,B7?:;9:'#&&&$((&)/&$$##$$#&/)),2$%''/.),63//5<;=A?A6:;:6:..34<>A<,'%"(&%--..&5;;50,*(#'&48663''4?>6554))*&	113.383403318452	0.1546804138823674
54	386d1a43-6b13-422b-9803-6defb511a205 runid=ed1de13037eb1bcfeefc20d46af38743bdac68e6 read=2974 ch=83 start_time=2020-02-10T15:59:50Z flow_cell_id=ACE547 protocol_group_id=barcode_test sample_id=barcodes_fish H-(1,8),h+(1,-1) w1 H-(1,8),h+(1,-1) w1_175.16427103035497	AGAATGAATGCTGATATAAAATGGGGTCACCTCCTCCTTGAGATCAAAGAAAGAAGTAATGAATTACGATCAGTTAAAGTATTGTATAAGCTGCTAAGACTGGAAGAGATAATAATAGAAGCACCCAGCTGTAATTAGGACTGCTCAAACAAAGAGGAGCTTTGATATTGTCGAGATTGCTGGAGGTTTTATGTTAATAATTTGTGGTATCGTGGTAGAATTGATGAAATTCCTGCCAGATGAGAGGAAAATAGTAGGAGTCAACAGATGCCCCAGCATGAGCAGGTTTCCAGCTAAGGGGATGGAACAGTTCAACCTGTCCCGGCTCCATCTTCTGAATTGATGCTAAAGGAGTAGGAAAGATGAAGAGTCAGAAGCTTATGTTATTTATTCGAGAAGCTATATCTGGAGCACCAGTCGTAGGGATTAGTCAGTTGCCGAAGCCTCAGTATTAGTGGTATTGCTATAAGAAAATTATTACGGCGTGTGCTGTAACGATTACATTATAAATTTGATCATCACCAAAGTGCACCAGGTTGACTTGGCTCTGCTCGAATGAGCGAGCTAGAGGCTGTTCCGACTATGCCAGCTCAGGCACCAAAATGCAGATAAAGGGTGCCAATAT	2/*2---8@@BIBAB>99F??55.(5894-.2),(%$"$&(2,(CC9&,3?5(4-'--$+%&0/035:41=.5-0,/)&*)-0'&%#$$)566<:82-9ABC87,+.299;6-3/++'-,())&&#&9::*)&$&2).00DDDHABE@(>GB')-.++)((*&7.&&&(&&#()-)./3=>>:;16?A>71**94**34)*5'-)*67+&%%---2+(*+-/:611(31/3(44836./@33.%'*'%/2*/.383)')58:*(*44:53766$25:<33'&$%,73A>(AB:C85%2-4>:'&&%&01-3.::,1225..>--87744($&&-)%&&/&(:6@?;9<81,2-0?>2+)4'5<50''$%07<7-/-)...;11;18:;E59897*'(-('%$$$576:<&3877:.4-)'+$,*(&#&(*3:'($'&-1-.0556*8.(<.''/47'/>3++%&,-)))#04=-*/**,'%'1--=-0-++((858;3<E0---01-..(0;+635:-9<**21.%'=0)))0'2/4.1'$&&$''5=:CD4D5479980&&&'&#&%%%&$')-6%%&$#/360+&$**(:52377-;4)56%%''&+((+%&(,)*((/,0*&	175.16427103035497	0.1051731366794993
222	957abc44-40d6-428c-ad59-505e9523702a runid=ed1de13037eb1bcfeefc20d46af38743bdac68e6 read=16715 ch=64 start_time=2020-02-10T18:40:44Z flow_cell_id=ACE547 protocol_group_id=barcode_test sample_id=barcodes_fish H+(3,8),h-(1,-1) w1 H+(3,8),h-(1,-1) w1_126.30688247330554	GCACCGCTTTATCTCGTATTTGGTGCCTGAGGCGAAAGCATAGTCGGAACAGCCTAAGCCTGCTCATTCGAGCAGAGCTAAGTCAACCTAGTGCACTCGCGGGGCATTGATCAGGTATAATGTAATCGTTGGCACACGCTTTCGTAAATAATTTTTCTTTCAGTAGCCACCACCAATAGTGGGCTTCGGCAGCTGACTAATTCCCCTAATGATCGGTGCTCAGATATAGCTTTCCTCGAATAAATAACATAAGCTTCTGACTTCTTCCCCATCTTTCCTGCTCCTTTTAGCATCATCTGGTGTGGCTGGGCAGGACAGGTTGAACTGTCTATCCCCTTTGTGCAAACCTCGCTCATGCTGGGGCATCTGTTGACCTCACTATTTTTCCCTTCATCTGGCAGAATTTCATCAATTCTTGAGGCAGTGGTACATTACCACAATTGTGTATAAAACCTCAACAGTCTCACAATATCAAACTCCTCTTTGTTTGAGCAGGTCTAGTACAGCTGTGCTTCTATTATTATCTCTTCCAGTCTTAGCGCCCGGTATCCTGTGCAACTAGTCGTAATCTGTACTTCTTTCTTTGATCCTGCTGGAGGAGGTGACCCCATTTATATCAGCATCTATTCCCCA	%$###$(352;7:%1%%$%((*5:6/,,,'%'&%$$$%&,-1-*94760++3:5281&>>8<EA,6@78)'$&#$#'-((,**2$'++')+<+(2413$$'%&&,,(+9643.,&(.02030.5.0,511&)(*%,-,)>?88**%,&'>A@CCE9?:92$$&((%%&%&&%"#&&)'$2'%,23*6*'%%$$%,(12',&:4;0*$,,2014:+2=-(,1(+)+'$$1$$7730/-%%2(:<989+*,*.+($'*'&,%,--)$*(./.-554CC094$(/(2-/.(%$#'47/+($+(3(*'$"$$&%+'293..1'0$'$&'*((/%%029:*(1,%%#$$,)(((('$&39>5*+1168>=<A:,,,-)'+'30.0824221392$/D:7:5*,',(-3586889;<<:AAA@/&-,,-,6*#+#&,'(0-,%%%&&)14.227;3%(*'&)&#%/'.112,--)%$(455&;9/2/756$&.1*%$$%$5/-948$618;7998?7,,843++-/23.72,5830//2=?14-($&%&%'131((+%$$$%+(&&%'4722:623&$%%'/3.+-;4???;9660:0+.-1*.,')&$&$'''%&47;1-37>*144180('*&#$$$	126.30688247330554	0.14655382824626045
262	3bb706bc-d380-4cb7-bbc2-789d2b85d0f7 runid=ed1de13037eb1bcfeefc20d46af38743bdac68e6 read=31779 ch=7 start_time=2020-02-10T20:24:51Z flow_cell_id=ACE547 protocol_group_id=barcode_test sample_id=barcodes_fish H+(2,9),h-(2,-1) w1 H+(2,9),h-(2,-1) w1_117.31937866960254	GCACCATCTCGTATTGGTGCCTGAGCGGCATAGTCGGAACAGCCTAAGCCTGCTCATTCGGCGAGCTGAGTCATCTGGTGCACTCCTTGGTGATGATCAAATTTATAATGTAATCGTTACCTTTGCTCGCGTAATTTTTCAACATAGTAATATACTAATAATTGGAAGCTTCGACAGCATTAATTCCCTAATGATCGGTGCTCAGATATAGCTTTCCCTCGAATAAATAACATATTCTGACTTCTTCCCCCCATCTTTCCCTGTCCTTTTAGCATCATCTGGTGTAAGTTGGGTAGGACAGGTTGTCACTGTCCTATCCTTTAGCTGGAAACCTCGCTCATGCTGGCTCCTGTTGACCTCACTATTTCTACTTCATCTGGCAAGAATTTCATCAATTCTTGGAGCAATTAATTTTATTACAATTATTAACATAAAACCTCCAGCAATCTCACAATATCAGCTCCCCTCTTTGTTTGAGCAGTCCTAATTACTAGCTGTGGCACTATTATTATCTCTTCCAGTCTTGTATACAGTATCACAATACTTTTAACTGATCATGTCTTAATACTTCTTTCTTCTTTGATCCACCTTTCAGGGAGAGAGGTGAGCCCCCATTTTATATCAGCATCTATT	&$$&%%-3*4()'$&-1;3//**$0,)502.//-4)2+,$$374.))#%%%$&).()4:',%&%('&$+*5;1/;3%1C)3%%4)-)+3'+536861B9.)-3-1<D<9526.,4+4>1'(&'%##+%$"%)-*/2..*%##%(.3*++###$)78:2++()++/%%,220/(())####$22&3$1$)4'-,1-3$.;++'0&&''&$())<?;36-*).05365124/-*))#$&&)),,,()/$(,.(%)9:?F>8;5)'))08;975)3<3646<=74:*&'&#$'&./,&).0++/(0$(%$))'+'',)(&/(+,*),-.-)+2&''*7+-4600/%&((*+'/+*,%*.))*832.&+4/-#$&/202;>:3*$)$&((&.0.06=>A;@;==&+$))*/)2669>:30,-+25014/36416:696.&557(7',-;6:<,7%)))/-/++$:9<<;'/AFE53(6&*($'(1&&:*=468%$"$$%-$+$$"#"$$+9/13:;=9;@>*712+(-/).&##%'+9)/.'&+)**248650-/1//10'&%,/$%+++*&&*%%**)*-,.10(8..2'%$#$&#&',)-*$)''')$#*.**'%&%(//530)0&&10-;,698	117.31937866960254	0.15063024944629488
90	5b91cec4-7539-4022-9b25-32e55d6f0588 runid=ed1de13037eb1bcfeefc20d46af38743bdac68e6 read=2320 ch=103 start_time=2020-02-10T15:50:43Z flow_cell_id=ACE547 protocol_group_id=barcode_test sample_id=barcodes_fish H-(2,11),H+(2,7) w1 H-(2,11),H+(2,7) w1_159.36371543155303	AGAATAGATGTTGATATAAAAATAGGTCACCTCCTCCAGCAGGATCAAAAGAAAAGAAATATTAAGATTACGATCAGTTAAAGTATTGTGATACCGGCTGCTAAGACTGGAAGAATAATAATAGAAGCACAGCTGTAAATAGGACTGCTCAAACAAAGAGTTTGATATTGGTGCTGGAGGTTTTATGTTAATAATTGTGGTAATAAAATTAGTACCCCAGAATTGATGAAATTCCCTGCCAGATGAAGGAAAAAATAGTGAGGTCAGCAGATTGCCCCAGCATGAGCAAAGGTTCCAGCTAAAGAGATAGACAGTTCAACCTGTCCGGCTCCAGCTACACAGATGATGCTAAAAGGTAGGAAAGATGGAAGAAGTCGAAGCATGTTATTTATTCGAGAAAGCTATATCTGGGCACCGATCGTGGGGAATTAGTCAGTTGCCGAAAGCCTCAATTATTAGTGGTATTACTATAAAGAAAGAGAATTATTACAGCGTGTGCTGTAACGATTACATTATAAATTTGATCATCACCAAGAGTGCACCAGGTTGACTTAGCTCTGCTCGAATAGGCAGGCTTAGGGCTGTTCCGACTATGCCGGCTCCAGGCACCAAATGCAGATAAAGGGTG	1=:5001%-*9'CB>84780.%$%()))%*$1127)9+-.1-593;B@8&,75/&#%'$12245.+.45*/5-'82:;><D3+765848233///*7/337/<56>AB<&0.7&78;:&8635'*'%$%%%%(+.1780,-,/'%2/@=1:-7A@<%*&(';>50/..'.%8*8==1,2-2264+,+<97646//04*+,3424:A<116/'9&((($))%##%2/--22/&-*-**2,21;88//83/#,=21*((*-*''-/-/%(-&(*(/767,4,53440($%&%(*645E?9<=B<&*%'$$%&&00/79@9$5342%%8%&$$')'&)4,0,+++F3598**-08+%*754*0*63(E9:3&*,,+*(4%%+#)421=24442$$%%&%'#%%#$'+468?=;'/,./27138&7//-,%##&%78@-2.0.--%))$'++)0)%#$334-->8286283141-1;8&,,$(&%(%(+4/.)''19<=4/111.'&$$)*14'&&$%4586;,98))9>17=*)2*'&$-@410+,/10;,2)+-.-378-.4;;:331))**((*+///()&$#$%84*3--,351/+('-&'%0&+-((+00-)$$((+:;=>(),292	159.36371543155303	0.10618579748797873
137	b8e210cd-32e9-4b83-987b-27ac1f00262d runid=ed1de13037eb1bcfeefc20d46af38743bdac68e6 read=17067 ch=96 start_time=2020-02-10T17:33:05Z flow_cell_id=ACE547 protocol_group_id=barcode_test sample_id=barcodes_fish H-(2,7),H+(0,8) w1 H-(2,7),H+(0,8) w1_147.02216521930703	AGAATAGATGCTGATATAAATGGTCACCTCCTCAGCAGGATCAAAAGAAATGGAATTACGATCAGTTAAAAGAAATGTTGTGATACCGGCTGCTAGACTGGAAGAGATAATAATAAAGCACGGCTGTAGTAGGACTGCTCAAACAAAGAGGAGTTGTGTGGTGCTGGAGGTTTTATGTTAATAATTGTGGTAATAAAATTAATTGCCCAGAATTGTTAAATTCCTGCCAGATGAAGGAAAAATGGTAGAGGTCAACAGATGCCCCAGCATGAGCGAGGTTTCCAGCTAAGGGGATGAGCAGTTCAGCTGTCCCGGCTCCGGCTTCTACACCAGATGATGCCAAGGAGTAGGAAAGATGGGGGAAAGAAGTCAGGGAAGCTTATGTTATTTATTCGAGGGAAAGCTATATCTGGAGCACCGACCATTAGGGGAGATTAGTCAGTTGCCAGAAGCCTCCAATTATTAATTGGTATTACTATAAAGAAAATTATTACGAAAGCGTGTGTAACGATTACGTGCTCGTTTGATCATCACCAAAGGAGTGCACCAGGTTGACTCAAGCTCTGCTCGAATGAGCAGGCTTGGGAACTGTTCGACTATGCCGCTCAGGCACCAAATACGAATAAGGGTG	:/-4-00(+(.4446-'*')'%(/4302-'+(;2,++))*'&%)'&'/1%%$%%%%&..0)-33=6BHL?))933%%'4)'31//(($%&(%#(&$$$%.-&,%%.123(%&%&&&'###"&,0.,,-)5''*57;,(0<==*@FE()'%+),&)&'&%'&78;A=*'.;>@=3(&&8**$,,-+/3.(239447:7657+%%(+++))0*.+/.(**01=I5:9.,2,=D87641B28532$$-2)*'*:743.:;=6+02(($-)*+)()%$$"44,D;&9212356)60.4%%$#))6+6<0)(%&++8)697705++##'%%&%&$%$&&$$$###"&)$%%5;6<>25&)$$%+/-()1$74153;%+*&34-,,-87/4-4365.667-+,-('*%0:>8740:65/$*-01476>>*(*49+,-1*,35358C0>02002')+/5<<6%?<668869/%%&%//302.4575;:),8=881:446,,,-+,*//:.-&$(()35>?*))6)//-(','*-940-*))..($'***B1.-.6303>.:-)'&+&-;>B?>;;596B==7.$$%'##$$1/)'%&)%()(1<9=320/-$'1%(+-,,/(1.(('&#,(2+$0-1)	147.02216521930703	0.12600182297265647
242	71175c0a-787d-460c-bab7-a7d31663ac14 runid=ed1de13037eb1bcfeefc20d46af38743bdac68e6 read=18474 ch=115 start_time=2020-02-10T18:04:15Z flow_cell_id=ACE547 protocol_group_id=barcode_test sample_id=barcodes_fish H+(3,10),H-(3,11) w1 H+(3,10),H-(3,11) w1_122.50822667231009	GCTTTCCTTTATCTCGTATTTGGTGCCTGAGCCGGCAAGTCAGAACAGCCCGTCGCCTGCTCATTCGAGCAGAAACTAGTCAACCTGGTGCCTCTTGGTGATGATCAAATTTATAATGTAATCGTTGCAGCACGCTCGTAATAATTTTCTTTATAGTAATACCACTAGTAATTGGAGGCTTCGGCAACTGACTAAATTCCCCTAATGATCAGGTGCTCCAGATATAGCTTTCCTCGAATAAATAACAAACTGACTTCTTCCCATCTTTCCCTGCTCCTTTAGCATCATCTGGTGTAGTAGAAGCCGGGTCCAGGACAGGTTAGACTGTCTATCCCCGCTTTAAACTGAAACCTCGCTCATGGGCATCTGTTGACCTCTTTATTTTCCCTTCATCTAGAGAATTTCATCAATTCTTGGGCAATTAATTTTAATACCACAATTATTAACGCAACCTCCGGCAATCTGTATCAAGCTCTCTTTGTTTTGAGCAGTCCTATTAGCTGTGCTTCTATTATTATCTCTTCCAGTCTTAACCTTCCCGGTATCACAATACTTTTAACTACCAGTCATCAATCTTTGTACTTCTTTCTTTGATCCTGGAGGGTGACCCCATTTTTATATCAGCATCTATTC	%#$'(-4(:;=;='746/.1626=;+(''%+*(&$'(%#/1+/(&&'%'&$"&%'(,-0-897<9:(&($%$&&$"%''0=:1341%+1+'(),(-58:5585303+5'69<2+,-/,.=;;>$*-$,,%)()&%2659=>>GDFEB=@BHC3.3&26323,-%%%%##&$%&,'$.677961/,-&*(($3364%4@9@:/+1.***,1(((3')3&1((++,%-0./@>',)/+*<<C>433'$)(&%&#'''/(/%12<-).'2342.$#&99<@C=:/543>9<?:366.'%$$%$$%'%%%&%&##$110++48A5(&'.+3:><4567.,$#&(&''$'''37*)+)+(...(&$*,,12(41:..'*,()#%+2<>5154/*1/+(,'%#$$++(0/.%,,/,16443(./12,+....7-+%"'%03)((%$&''(&$"$%*'-/.$+#)02,)'$#,./0)*$#%*%('.135>.$%$+--/$$'+-*-%+,9)1.&&+0//**/'+9=<9=?J(?+098884-)((/$/#'-0/2//02/+*)5557;+$($"#%'04&&%(37722,$')+/52(5=::8,-;++0.))%-)(&&$$$$#$$%$#$,/46<*2596CB345?	122.50822667231009	0.14833281688763317
343	8a1b38d5-7f08-4a3d-ab8f-ef00d601ac89 runid=ed1de13037eb1bcfeefc20d46af38743bdac68e6 read=27146 ch=51 start_time=2020-02-10T19:15:59Z flow_cell_id=ACE547 protocol_group_id=barcode_test sample_id=barcodes_fish H+(3,11),h-(0,-1) w1 H+(3,11),h-(0,-1) w1_94.71843966154768	AACCTTTTTATCTCGTATTTGGTACTGAGCCGGCATGAGTCGGGCTGGCCTAGAAACTGCTCATTCGGGAGAGCAGGCTAAGTCAACCTGGTGCACTCCTTGGTGATGATCAGATTTATAATGTAATCGCTACAGCACGCTTTCGTAATGATTTTCTTTATAGTAATACACTAATTGGAAGCTGGCGGCGAAGCTAATTCCCTATTGATCGGTGCTCCAGAATATGGCTTTCTCGAATAAATGGCATAAGCTTCTGACTATTTTGTCTTCCTACTCCTTTTAGCATCATCTGGTGTAGAAGCCGGGCCGGGACAGGTTGAACTGTCACATCACTGGCTGGAAACCTCGCTCGTAACAGGGCATCTGTTGACCTCACTATTTTTCCTTCAAATCTGTGGGAATTCAAATCTTCTTGGGGCAGGTGAATTTTACCTGGTGTGCATGAGCCTCGAGGGCAAATCTCTGCAATATCAGGCTCCTCTTTGTTTCGGGCGGGAGTCCTAATTACAGCTGTGCTTCTATTATTATCTCTTCCGGTCTTGGCAGCCGGTATCACAATAGCAGCGGAGTCGTAATCTTGTACTTCTTTCTTTGATCCTGCTGGGAAGTGACCCCATTTATATCAGCATCTATTCTG	''&''((('*8+54**))+2439+71%#/.'-201%%'004&.-'''-0+./$%%#**,+3@)726'/+$%$)&&)*').),35-*--,//9-,*'3-3-..,68513-)/*%%$(#)+/)*(&+*-1)(-$'',)*1.$%(9944=;4:ADF62-''%(&&%*'$(*%+-&)&'*-('%&'&''%&*%%$$',)*&$7)8((*&(.'((*,8.'+&4$)#$,-(()$'((%&.12<=>09''441&'')))-*'0*+,*-.1-,:;;=(3%##)*+-/8:3154/:*,01646,''%&%-0,+(+)$%:71,,02D.++39>1,0$$--+$%(+-(#)('($237:-<3&&($$%&655337@B6=44%20.769452200'$&%'%%**'&&$'%4.%')+&%(+((%*'((*0?,##')32$$"###$$$&'*:+2(&+,//(3416-&,&$)%&&(1-**,22>8.(5+$$%%)(+11232.2-$&+&($**%9..5/)'(+(,.10+,/&"',&'$%',,--/5-=<7'+'%)''+%+$$-*)'160).##&'%%$$%&$''&&64359417'*%$$&'>6;=<888558))-+58:3/0%&'),&...*5;BB;6,&?6321-<958043A	94.71843966154768	0.150342561230733
325	d0f13b93-3d15-47bb-9638-4062ffdb0f5a runid=ed1de13037eb1bcfeefc20d46af38743bdac68e6 read=23422 ch=60 start_time=2020-02-10T18:53:27Z flow_cell_id=ACE547 protocol_group_id=barcode_test sample_id=barcodes_fish H+(1,9),h-(3,-1) w1 H+(1,9),h-(3,-1) w1_100.6336930020225	GCACCCTTTATCTCGTATTTGGTGCCTGAGCCGGCATAGTCCCGGAACAGCCTAAACCTGCTCATTCGAGCAGAGCTAAGTCAACCTGGTGCACTCCTTGGTGATGATCAAATTTATAATGCCAATCGTTACAGCACACGCTTTCGTAATAATTTTTCTTTATAGTAATACCACTAATAATTGGAAGGCTTCGGCAACTATTAATTCTAATGAGTCGATTGTGATTATAGCTTTCCTCGAATAAATAACATAAGCTTCTGACTATTCCCCATCTTTCACTCCTTTGGCATCATCTGGTGTAGCAGGAGTAGACAGGACAGGTTGTTCATCTATCCCCTTTAGCTGGAAACCTCAACTCATGCTGGGGCATCTGTTGACCTCACTATTTTTCCCTTCATCTGAACAATTTCATCAATTCTTGGGGCAATTAATTTTATTACCACAATTATTAACACTTGATATCCAGCAATCTCCCGCAATGTCAAACTCCCCTCTTGCTGTTTGAGCAGTCTATTACAGCTGTGCTATTATTATCTTCTTCAGTCTTGGCAATGGTATCGCAATACTTTTAACTGATCGTAATCTTAATACTTCTTTCTTTGATCCTGCTGGAGGCCGGCCCCATTTTATATCAGCATCTGTTCTGATTCTTC	0,,*)'$'::>A8>))(*,,*/5100,-)&&&&(&)()/%$0$(9)*+-)*+++1%011-488,@@C))+'')$.15-''+94)-,+$*<)**;>10;<750$$3(22<5//.31-28632%%798;4,/$&$$##%'$$%3572./1/,04*<<<93155+12123)&'0./)'1214-3635+'80/0+-'()+'*/%')$&'(,&&'((&',5&#$'%%%$$(%$((.277.7*+')97=4108//)&'$&""%,'-*()%)/57:2&3+52)&$'-,3,--%*).;B;:-*038)$#$$$'%$%%$'$)(7@?;</*5''#%"$''$'&'+-.&-+%032+-')$+(++%$-/1)(''((1*/5.)</05-%$$$(;56.>ABBC6749'>A;62%$$$$%&#*70-*>>==>?A;5%4/01*),)'&*'&,*,436)))&&)''))((("#%#%(.$$2&))77<=<*:%#%%%$%()+0,$'<;;',331&%$'.4-)((&&,++3,&'(*-,46.:%#3%),)47401*-&$'$&(66,/()(.)%%*+..,%'/089;=>:5,+$$%&47)*/,)1&),(''994567;0$'%0778:6+#%&+%*'%&(*+,,+(&*((3:3/6$&&'%(9'758*/.19*..%	100.6336930020225	0.15796983515209448
13	d25da47a-3873-4dd5-82bb-f6d05089fcdc runid=ed1de13037eb1bcfeefc20d46af38743bdac68e6 read=67 ch=68 start_time=2020-02-10T15:33:35Z flow_cell_id=ACE547 protocol_group_id=barcode_test sample_id=barcodes_fish H-(3,10),h+(0,-1) w1 H-(3,10),h+(0,-1) w1_200.2524006913726	CCAGAACCAGATGCTGATATAAAATGGGATCACCTCCTCCAGCAGGATCAAAGAAAGAAGTATTAAGATTACGATCAGTTAAAAGTATTGTGATACCGGCTGCTGAGACTGGAAGAGATAATAATAGAAGCACAGCTGTAATTAGGACTGCTCAAACAAAAGGGGAGTTTGTGTGAGATTGGAGAGTTTTATGTTAATAATTGTGGTAATAAAATTAGTACTTGGGGTGATGAAATTACCAGATGAAGGGAGAAAAAATAGTGAGGAGTCAACAGATGCCCCAGCATGAGCGAGGTTTCAGCTAAAGGGGGATAGACAGTTCAACCTGTCCGGCTCAGCTTCTACACCAGATGATGCTAAAGGAGTAGGAAAGATGGGAAGAAGTCGGAGCTTATGTTATTTATTCGAAGCTATATCTGGAGCCTCATTAGGGGGTAGTCAGTTTATAAACCTCAATTATTAATTGGTATTACTATAAAGAAAATTATTACAGCGTGTGATTACATTATAAATTTGATCATCACCAAGAGTGCACCAGGTGAAGCAGCTCTCTGCTCGACAGGCAGGCTTAAGGGCTGTTCCGACTATGAAGCTCAGGCACCAAATACAGATAAAGTTGCCA	1$42-*%*58@C@:?>:987:87=//,,$%%%$')$''*A5/./<IB?DE>)/25)-//033((5%6==?46;0(<*8*,2?;,14013-7?7;:>@:733)),75E;=>H@37/,2:AMHEG-)))*0%+,.33/01391029;G>>@96=?=3)9B@*$2.1*052;5*%(.,()))*-=8B%)7555=@?D=?1.1-.@79703:79>@>D7D?.6)&(('(''2..,../+'+#%,37D==8)40'3%1DA<I6270675//#9:AA+79;<647..+56;::74+%&'(:)K0@8.))/8-/*00>&##$$)*1'/=:'973,(&((%$$.$'%&,..**)*6//A:;===B@@:-+%$)2+01&6%((')-=;B)8+2/>%/*4??>>@>00**++/1/1+*'$&670/2=64%'&#$$%)-.+-%+(&-,53/''*0##$&+%36),8457:569$$'/0>9??77797=HB(4.J@BC//0($$%*)$&'55<@15667832+2%9<;=;E40>%#$&$*$*:322,-/+'*,**#%/0-/1&%%3/,.%&$'*/..,+122-'-((%,,>9,,10%%%$$$)-9,<4<85659<44/)$$%?;=?(*%(.//.	200.2524006913726	0.0963095607755004
41	d5ec35f0-e7ad-4393-8785-744c9906f9dd runid=ed1de13037eb1bcfeefc20d46af38743bdac68e6 read=1869 ch=85 start_time=2020-02-10T15:48:21Z flow_cell_id=ACE547 protocol_group_id=barcode_test sample_id=barcodes_fish h-(2),h+(3) w1 h-(2),h+(3) w1_180.99901507745457	GAATCAGAATAGATGCTGATATAAATGAGGTCACCTCCTCCAGCGGATCAAGAAAGAAGTATAGATTTTTACGATCAGTTAAAAGTATTGTGATACCGGCTGCTAAGACTGGAAGAGATAATGTAAGCACAGCTGTAGTGGACTGCTCAAACAAGGGGAGGTTTGATATTGTGAGATTGCTGGAGGTTTTATGTTAATAATTGTGGTAGCAAAATTAATTGCCCCAAATTGATGAAATTCCTGCCAGATGAAGGGAAAAAATAGTAGGGTCAACAGATGCTTGCTTTATGAAGCAAGGTTTCCAGCTAAAGGGGATAGACAGTTCAGCCTGTCCCGGCTCCGCTTCTACACCAGATGATGCTAAAGGTAGGAAAGATGGAAAGTCAGAAGCTTGTATTTATTTATTCGAGAAGCTATATCTGGAGCACCGATCATTGGGGGAATTAAGTCAGTTGCCGAAGCCTCAATTATTAGTGGTATTACTATAAAGAAAAATTATTACAGCGTGTGCTGTAACGATTACATTATAAATTTGATCATGCCAAGTGCACCAAGTTGACTTAGCTCCTGCTCGAATGAGCAGGCAAGGCTGTTCCATTTATGCCGGCTCAGGCACCAGAAATACAGATAAGAGG	8897?88.+&''%+)*.1730-.9>''%'')))-./*,,$81(&&1/+A=*(//+(.-$%$%&%112+*(%$+,'=12,/071)+2002)+:;C<8820/65559@;?:5.=&1+,.200/##'('&)**15:9633)10*2158=5CC5)AC=2(>:-.'%(B8-)())-,%)157;0*-5:43>>AB??;:C@757:0027.)+,2$&.35=BC;:9)0443(1)39;77$$#)54;'++345((+,*-''%%'(>F?746.2$&,:5?>+>A;<7/()+&#$%#&')0)'&'%07'F?4>@@?9>96*149*%%%'*.5-19=+7;66))4(1<8823'&0302--.((*+7752((',,0('2<,<03:'+B33-'*&')2(&24)$$$#&&&'7../79?:512.#)%%00+0;CC<;*42//*-6;@68:++)'&'%#'&%&-0$&#,$%%%&'%'(*=4++-//*%)148:823405B@EC3)55/.%014.2.*++;<=80(%0/:;300+4<0+,,/8:?7-.+'('49-)(&98.0>.,,,5+/,05(%//.**-,$'+60,4)+,,,+*())*+,&--:88?2++%%%./5,2225537%'4344;7$+0*%%&%'6456.+=;	180.99901507745457	0.10041406094553422
62	b13ae54b-ccd4-4fb5-b161-2c33b32cf175 runid=ed1de13037eb1bcfeefc20d46af38743bdac68e6 read=17450 ch=17 start_time=2020-02-10T18:05:27Z flow_cell_id=ACE547 protocol_group_id=barcode_test sample_id=barcodes_fish H+(2,11),h-(2,-1) w1 H+(2,11),h-(2,-1) w1_170.57162312953974	GCACCCTCTATCTCGTATTTGGTGCTTGAGCCGGCATAGTCGGAACAGCCTAAGCCTACTCATCGAGCAGAACTTAGTCAACCAGGCATACTCTGGGCGACGATCAATTATAACGTGATCGTGCGGCATATTCGTAATAATCTTCTTTATAGTAATACCACTAATAATTGGGCTTCAGGAAACGGCTCGTCCCTAATGATCAGGCTGACATGGCCTTCCCCCGAATAAACAACATGAGCTTCTGACTCCTCCCTCCCACCGTTCCTGCTCTCTAGCATCTTTTGGGGGTGAAGCCGGGAGGCCAGGACAGGCTGAACAGTCTATCCCCCTCTTGCAAGTAATCTGCCCACGCTGGCATTCCAGTTGACCTCACCATTTTCTCCCTCCACCTAGCAGGCGTTTCATCAATTCTAGAGCAATTAATTTTATTACTACCATCATCAACATAAAACCCTGCCATTTTCTAATATAAACACCCTCTTTGTTTGATCCGTCCTTATTACAGCCGTACTCCTCCTGCTATCCTGCCCGTCTAGCCCGCCGGCATCACCAATCACTGCAACAGAGCCGAAACCTCCAACACCTCTTTCTTTGACCCGCCGGAGAGAGGCCCAATCCTGTGCCAACACCTGTTATTCTGA	'&+01*0?@1<>,:3=5575:BI;((),*+-+),&.+,,'2%'%.002:33/.'33,'/6=3.;(0'%%%+.%%2$(7@7+&4+&(%$$&$%--09=3310114/'&&*.78.)*44')))&$#$%#$&($&$$%/,*.//./;679(%%'*/51..9:88)-414--0)%(%%)$$*(%&'(,%'(+-9:E,&$%#$$,6&'.,$&%&((-387:<?B=+%-/64@=6>A.9:431.448423)A9()519*,17/''(),1-/*&#''*++.7;52:77+'%'1*-75'7+%&&6,'-+(*'0.'()'(531'+**426%'3492,%,./1&.31-/-)362**,&+%%%%(&##(*(&$)#%()(*)8.2844><;5/494*0968C:5,***378=?4*./@C?>6.'$/%$*457:7?7A<914689742149;460,&+56:8+.979.2-+))27253*%$$%9<-24985*55=;-$0.88001197978**3$00%,.-7::9).$$/21*23))*,*%%'1/=40)***,=D<4=3->(%('%#%$#$$&*%35+.+77*23/-/1%=1%33<=<4;>?//1.?=CB<'''):5<(%&&+-1'88%%)&)*'))3*010,9-4---(&%2=	170.57162312953974	0.12216282596276254
146	919b17e6-7c02-42b3-b0dc-467a44da688b runid=ed1de13037eb1bcfeefc20d46af38743bdac68e6 read=27389 ch=110 start_time=2020-02-10T19:36:31Z flow_cell_id=ACE547 protocol_group_id=barcode_test sample_id=barcodes_fish H+(3,11),h-(0,-1) w1 H+(3,11),h-(0,-1) w1_143.33589333709793	GCACCCTTTACCTCGTATTTGGTGCCTGAGCCGTATGGTGGAACATATGAAATCTTCTCATCGGCAGAATTCGTCAGCCCGGCGCACTTCTCGGTGATGATCAATTTATAACGTGATCGTCACAGCACACGCTTTCGTAATAATTTTCTTTATAGTAATGCCATAATAATCAGGGTTTGGAAACGACATCATAATAATCAGCGCCCTGATATAGCCTTTCCCCGCATAAATAACGCAGGCTTCTGACTTCTCCCCCCATCCTTCCTTCTTCTTTTAGCTTCCTCCGGGAGTAGAAGCTGGGGCCGGAACGGGATGAACAGTTTACCCCCTTTGCGAGGTAATCCTCGCCCGTACCCGAGGCACTCCGTTGATCTCACTATCTTCTCCTTCACATTTTAGCAGGGGATCTCATCAATTCTTGGAGCAATTAATTTATCACTACCATCATTAATATGAAACCACCCGCAATCTCACGGTACCAAACACCACTCTTTGTCAGGCAGTTCTCATTACAGCCATGCCTGTGTCTCTCTCCCCGTTTTGGCTGCTGGAATTATGCTGGCATTGAAACCTCAGCACTTCGTTTTGAAGCCTGCCGGAGGGACCAATCCTGTACCAACACTTGTTCT	,()20(,0.*67.;55++-1),<6;8661.67+/2*+2/2)0/+'%&#$'-*974,;:<($5'&+,#&$&(/()30)10*(3019?KFIE6B%7==7571/5*'#)$((-+)&,/.5;-);*++-0/*+,*#$3477872./0*3:=?BEE0)).)//-,*+&)88691-=%)1'.310*'/+'(,,114%&3+))&&9&8,,>??.5'%$%)04638<<;=/(&'+1//:=<'&%''(#$'$$'0:;912CHC?52/&&/-74/;?>@8<881&%+.=;142%:%11"-01))%'&/,**%%'%)')$$556569200:/35)(((('#)1(#$$')'&*#$/,'(//-&+(-/%)&(,.%-71>1796+&2)1'-356<@>*(.0&+)%&&/4/*'%#$&.**877*50+;0.,4(*-$*&$(,4/54438?133+*)(.0:BH@GGD;55/10*%01+110/798=>,8%$$*0($',,&(*34*',2-.,.),$)*)*1+/155.'*%#'*15**'%&&&&'13*4)<;2;54/9:,*'+2867;8>3-+/%,*'+$$$%##$&*),,+96&/-$$0&2.20+'&$%(*+.(%'--'*0$/25:..;46601++&'&(176>;=-	143.33589333709793	0.12129297069171405
163	341472a4-e6bb-494e-9d6e-2ba686dbbc4b runid=ed1de13037eb1bcfeefc20d46af38743bdac68e6 read=14482 ch=40 start_time=2020-02-10T17:32:18Z flow_cell_id=ACE547 protocol_group_id=barcode_test sample_id=barcodes_fish H-(2,10),h+(2,-1) w1 H-(2,10),h+(2,-1) w1_140.18325125936724	AGAAGATGTGCTGGTACATCACCAGGTCGCCCCGGCCGGATTAAGAAGCTGGCATAAGTGGCGATCGGTCAGCGTCATGGTATTGGCGCCGGCCAACCTGGGCATCACGGCAATCAGCGGGTGAGCGGTGATAAGCCAAGTCCAGCAAGACATCGGCATTTTCATGAGTGTCATGCCTGGCGCGCGCATGTTAAATGGTCACGATATTGATGTTGATCGAGTCATGATGGAGACGCACCCATCAAGTGCAGCGCAAAAATACTGGTGTCATGGAAGGACCCATTTGCAGCGTCAAAGGCGCGTACAGAGTCAACCGCAGCCGGCGCCGCCTGGCATAAGAACGACCCGATACAGCAAAATGGCCGCAGAATCAGCAGCCAGAAGCTGAAGTTGTTCATCCTTGCAAACATGTCCAGACGCTGGTGCAGCGGAATCGGCCAGTTCGCAAAGCCTACAAAGGCCGGCATGATGGCATAAACACCATAATCGTACCGTGCATGGTGGTGAATTAGTTGAACGACTCAGGATTCACCAACTGACCGGGCTGAAAAAGCTCCGCACGAATCGACGCCAGCACGCGCCAAACATGAGCATGGTGAACAGAACAACATGTGTACAGCGTACG	05<009,+3+)***+&%%$-#$&$*405)***%(64*234>B=5%)+.844'##$+',05;661/7,)%;-+11:?236/1&&(&225%+1&$)-$%%%&*)'+/;&&1.-/13:33(((*3$%%*+12=6564,,.126&&62+)(%'##$'*+-..;A>78''((3:07</--41+06.-).20221%,-)00))1.)&,8/((''<=:=><E61A--,&4()+2,,)%%#$$$%224+%@3-.++**,,-.7;@F<8987;55,+.2341/34=67@A233'*0.77966),%$)/0...+**'#**;4+,(')+&+/34)'8./CB675--,/.&/(-04764+)$$#$',688?<;<9*+)*-190?%134129<:6.7>=<.+&:&7C92**,))31676.-,$$&&6+-/%$"#$(/'(.-528.0+'%&%-#2$04#$-221@@=00?D1,'<;,48:98004+)()0/'%#)*%$&(.2#$%-/4<.,,*+$%%%%$&$'*(=(>,36124442+&2(=49$#$&%&%)&54*/(524..--,(+-%5&''&''206&'%%%&.&$%&-(*(*-3-,,,/7988**0.%&'$%&%',1+..+*$$$$,+--17-1-	140.18325125936724	0.13285829110223213
237	b58cc38f-bda3-4e29-8af8-8df7bce08e58 runid=ed1de13037eb1bcfeefc20d46af38743bdac68e6 read=13891 ch=45 start_time=2020-02-10T17:32:15Z flow_cell_id=ACE547 protocol_group_id=barcode_test sample_id=barcodes_fish H-(2,8),h+(3,-1) w1 H-(2,8),h+(3,-1) w1_123.84289540273991	AGAATAGGTGTTGGTAGAGATGAGGTCACCCCTCCAGCAGGGTCAAAGAAAGGTTGTGTTTAGGTTGCGGTCTATTGAGTAACATTGTAATGCCAGCGGCTAAAGCAGGAAGGAAAGGAGAAGAAAGAACAGCGGTAGTAAATACAGCTCAAACAAATAGTGGGTTTGAGTACCGTAGTGACTGTAAGCTTCATGTTGATGATGGTAGTAATGAAGTTGATTGCCTAAGTGAAATTCCGGCAAGGTGGAGAGAGAGAAAGAATTGTAGAGTCTACGGATGCCCAGCGTGGTATGGGATTTCCAACTAATGGGGGGGTATACGGTTCACCTGTTCACCCGGCTTTAACACCTGAAGAGGCCAGAGAAGCAGAAAGGATGGGATAAGTCAGCTCATATTATTTATTGAGAAGAGAAATCATATCGAGGGGCCCCAATTATCAATGGGATAAGTCGAATTTCCAAATATCCAATCATAATTGGTATTACATAAGAAGATTATCCTGAGAGGCGTGTGCGGTGACGATTACATTATAAATTTGGTCGTCTCCAGGAGAGCCAGGTTGACTAGCTCTGCGAATGAGCAGACTTAGGCCCGTCCCACTAATCACGCTCAGGCACCAAATACGAGAGATAGAG	53,4676*><44+32('$69440:1.<.-,*(&'72.2200+'677''''$/:I7>@3(>9*/'/)*++9:99)*,($(*/-//..&%$$&'()&&#%.)*11-$''//%)*),43**0'+3,('',(&((.$$43.)-(%$+,--%&'+(*&/926892=4''#*)$&&+#$$$'(&*%$01*/+')24573))$$&'&*-''15-+*,+'(,%858805:--'-0*&8/+/B>B%',48;,08G@1+-1'%'(&)+''+'),54#%$75>7('2;7%%2''()-+3(+*()++0&*45*1*$&'02%%,&**++1,**&&+=.3212(-7(*$##"%&$$&%,$$1::**)+'(&99977/)-+)'+,1/0&G6--(*$%'&-/4&$/2<><B?>-,-)&$&'*,&&%%$%'&#'+/.++((233-2..-80039<A@5''18<8:6&10$)$/07&644'$$$$29439311(():-C?<<4.76;)),),/5@=((,&&($'$'-/65-9-,-136794HI3589178;682::63/&212-%4'-+(('&'$$%)8&)'))10=?C<;928@***400020--%'+))$%00;-%$%%$%(%$)8+6.1*)*)0624.-(($$/0.(()&%	123.84289540273991	0.13242537999628795
322	e535c3fc-79cd-445b-bcfd-b8db2d36e8e2 runid=ed1de13037eb1bcfeefc20d46af38743bdac68e6 read=31186 ch=17 start_time=2020-02-10T20:16:23Z flow_cell_id=ACE547 protocol_group_id=barcode_test sample_id=barcodes_fish H+(1,11),H-(3,11) w1 H+(1,11),H-(3,11) w1_101.617363578696	GCACCTTTATCTCGTATTTGGTGCCTGAGCCGGCATAGTCGGAACCTTAAGTCTTCTCATCGAGATAGAACTAAGTCAGCCCGGCGCACTTCTCGGTGATGATCAATTTATAACGTGATCGTCACAGCACGCGCTTTCGTAATAGTATAACTTTATAGTAATGCCGCTAATAATCGGTTTGAAACGACTTATCATAATAATCGGCGCCCCTGATATGGCCTTTCCCCGCGCAAATAACTTGAGCTTCTGACCTCTATCCTTCATTCTTCTTCCAACTTTCTCCGGGAGTAGAAGCTGGGGCCGGAACCAGGATGAACAGTTTACCCCCTTTGTGGTAGTCGCCCGTACCAGGGCCACTCCGTTGATCTCACTATCTTCTCGCTTCATTTGGCAGGATATGTCATTCTCTTGGAGCAGTAATTTTATCACTACCATCATTAATACTGAAACCACCGCAATCTCCACAGAGCAAACACCACCCTTTGTCTGAGCAGTTCTCATTGCATTAAATACTGCTATTGCTCTCTCCCCCGTTTTAGCTGCTGGAATTATGCCTACAACAGCCGAAACCTCAACACTTGTTTTTTGACCTGCCGGAGGGGCCAATCCTGTACCAACGCGTTCTGGTTCT	.++.+#(+);<1<+3+,/247<91.$%&(%'%541**+%3(4.5*(%$&&%,,+/+-/(-7)&%$#&%&'$&'*%,-&/<;516,,-/:<A>0?)877=876:=*(%)(+0<7337<;=8-1-)'',00.*&$%*.4+)45445%2%$%$"&'&*))4682'&$$$(&%%()..('-1?3',*&&&*222+%8$*-++-+/9(.$$522&01+((((...-11..,('&'(34/07,##$$#%$%+%#(*)*()$%&&/&)%').))-&&&#%%$$%'($')6%41#1-$$**18:6**'%$&$$*%*)?CB<:7*%%-&((&&&&&#%&$%$$(''%-+)***%%%&'$2+&#&*+9+0*?<;=9810()868<9C;98'+//39;;.*''')0'#$$#'&%','$'')'(&%-.)10+0853)-;/-'*/158=0:<,)%%""%(74-.&)))*0)885)*&&&&($0243977.*889*-3647./)*+/406=)1%#&$%&&'()%#%(-'#$*+02*.?560*D<5&129,+(11:*689:$(#(&&%%#*$#)%'&&--(26:640:7$*)&&(%''((('201.2350./(4+&$$#(467=952,.24)&&&)(/2&+?GC7<	101.617363578696	0.16383759858428323
362	e471a946-cea8-470c-a13b-04368b0ef052 runid=ed1de13037eb1bcfeefc20d46af38743bdac68e6 read=23163 ch=35 start_time=2020-02-10T20:36:38Z flow_cell_id=ACE547 protocol_group_id=barcode_test sample_id=barcodes_fish H+(2,8),h-(3,-1) w1 H+(2,8),h-(3,-1) w1_88.74061715018982	GCACCCTTTATCTAGTATTCGGTGCTTGGAGGTTGAGACAGTGGAACCTAAGCCTACTTATTCGAGCAGAACTAAGCCAGCTTCCGCAAACTCTTCTGGAGATGATATTAAATCTATAACGTAATTGGTACAGCTCATGCCTTCGTAATAATTTTCTTATAGTAATGCCTATCTAGTGGGGGCTTTGGGAACTGATTAATTCCACTAATAATTGGAGGGCTCCCATTGCCAGCTCTCATTAAATATGACTACAGCTCCCCTTCCCCTCCTTCCTCCTTCTCACCTCTTCAGAGGTTGGAAGCAGGAGCTGAACTGGGTGAACAGTTACCCTCACTATCCAAGTAATTTGGCCCATGCAGAGTGCATCCGTAGACTTAACTATCTTTTCTCTGCACATCTGGCCGGTATTTCTATAATTCTGAGGCTATCAACTTTATTACAGCCATTATCAATATGGGAAAACCTCCTGCATCTCCCAATGCCAAACGCACCTGTTCGTTTGGTCTGTTCTAAATACGGCTGTACTTCTCCTTCTTTCTCTTCCTGTCGCGCCGCCGGTATTGATACTAGACCGAAACCTTAACACCACCTCTTCGACCCAGGAGGGAGACCCATCCTGTACCAACACCTGTTCTGATTCTTTAC	/))335'4/*-9,$,9<>62*5:.###'*#$)$'&##$$&$&%%#""$&(+&''%&$(-/0),'))()++1734,$%&&$#%*#%#$$%$&&)),('&.-'-&&&*&&&&,99:6345("#%%%$*%%0)*,($01-)%&$$>C44766=99;3'0+/,,,',-,++-,*)-1'$*8-1:/5?>=3/;>58:;95-964289:94)2)&($%'5.-''&$%--*'('%#$&%&(**)%#$43+'$&&('/$%%'&&&(%$(*&('''+/.4).,)(:;8-+'*(47;1)+2.1/:713&%$%$*-%'-./(*'*&+$+('()&,'+%349&2%&'2&&60+#%%(%*($,.../%$%%'"-:234**59:243/-/2)&*$'&)/00319<.+-,116-%,+,$(,*,-.($$$&&772(($(855%0/0,$%::(+/&&&$6:369('<<0/.(%'&%&%%+,/%-&&$#1+2.8,2+(('((,($"%%*.33B50-0;5,%)*+'<284&'$$$%&+.,$$#%%,)+<@@1548/'&%))'$)*-7,*,&$(,**))'')+//(-*%+*21'(&'(%$%*'))(00>?;85681./1%%(2*9*&,30/2-+,,2'-**)*&$%,/30&/4:7<660.$&*%&	88.74061715018982	0.17324559395836658
365	3873e7e4-94ef-427c-8eb0-82947624a4d3 runid=ed1de13037eb1bcfeefc20d46af38743bdac68e6 read=17429 ch=5 start_time=2020-02-10T17:55:15Z flow_cell_id=ACE547 protocol_group_id=barcode_test sample_id=barcodes_fish h+(0),h-(3) w1 h+(0),h-(3) w1_88.05684727263127	TATTGGCACCTTTATCTCTCGTGTTGGTGCCTGAGCCGCATAGTCGGAACAGCCTAAGCCTGCTCATTCGAGCGAAACTAGTCAACCTGAATTGCACTCCTTGATGATCAAATTTATAATGTAATCGTTACAGCACACGCTTTCGTAATAATTTCTTTATAGTAATACCACTAATTGGAGGCTTCGGCAACTGACCCAATTCTATTGATCAGGTGCCAGGTGTAGCTTTCCTCAGAATAAACAACATAAACTACGACTGTACATCTTTCTACTCTTTGGCATCATCTGTGGGTGTAGAGACCGGGCAGGACAGGTTAACTGTCTATCCCCCTTTGCTAAACCTCACTCATGCTGGGGCATCTGTTGACCTTACTATTTTTCCCTTCATCTGTAGAATTTCATCAATTCCTGGGGCAATTAATTTATTACCACAATTATTAACATAAACCTCAGCAATCACAATATCAAACTCCTCTTTGTTTTGAGCAGTCTAATTACAGCTGTGTTTCTATTGTATCTATTCAGTTAGCAGCCATTGTCTGTGCTGTGATCATGTCTTAATATTCTTTACAGATCCTGTGGAAGTGAAGCATTTTATATCATCTGTTG	'$&''-,++*+-,092)?+801)&(((4)53/1/(-,&%'(-*)-%0%,++.=<7><&(&$'3>>+521*)$&&&/),,+$'(*'.31/$$$'46/%+$'#%)*)*'&+)&%%()/3=<;75D62++36&)))))'+&%(+72*#)*)*-)/0/++-.-)*1..(&&+.(-,&&&)&'%'(#$(#&&/0%2661.$#*+,(-&&##()-.%(*2'$&$.&'$#'&79==/5./%&&'%*&%'*#$#&''$$%##(&(%#$$%(0*,/&('#$)1362&899<A,-98.$/-,@>9-/),.,-)(0--6A1,-26;6)'4888:7+(:;::$-0,%"$&).,/++$%&$$#%-748<1<;828&3-0-(($)*%,46<:<<;?E+:9845,(((&/2090.'$#,0%0).-.-+)')'))//1483351)%(()%$'%"%###&%-)&)(&-)'06//007;05.,0-,&+.-2-)//').0.(''$((,&088.(0.++&03/:=<I,33.')$(&+(&#$%$$$&'*(&-&,,(')));2,2,)-'%))++'##.++-,('&(%#&'%$##$()).*&&&)%#($*%'#'',9::0+)%%%-0+(')#	88.05684727263127	0.17423235333774137
371	0491f0aa-a5b7-40d5-b17d-f26e87323863 runid=ed1de13037eb1bcfeefc20d46af38743bdac68e6 read=26422 ch=51 start_time=2020-02-10T19:09:42Z flow_cell_id=ACE547 protocol_group_id=barcode_test sample_id=barcodes_fish h-(3),h+(2) w1 h-(3),h+(2) w1_84.95099044817144	TCAAAACACATGCTGGAGACTGCTGGATCACCGCCACCGGCGACACTCAAGAGCTGGTACCGAAGTGGATATCCATCAACATCGTGGTCGCAGCCGGCCAGCTCGGCATCACCGCAATCAGCAGAACGCGGTGTTGATCAGCAGTCCACGAACAGCGGCATCTTCATCAGTAGCTGTGCCGGGCGCACGGAGTTGAGGATGGTGGCGACTGCGTTGATCCGCTGCCAGTCGAACTGATGCCCATCAGGTGAATCGCGAAGATGAAGAACGTCACGCTTTTCCGGCGCATAGGTCGTGGAGAAGCGGCGCGTAGAGGTCAAAAGCCGAAATTCGGCCACCGCCTGGCGTGAACAGGTCGATACCAACAACAGATGCCGCCGGCAACAGCTGAAACTGAAGTTATTCATGTGTGGCAGGAGGTATGTCGGGCGCCGATCATTAGGGATCATCAGTTGGCCAGGCCGACAAATGCCGGCATCCGCATAAAACACCATGATCAGGCCGTGCGCGGTGGCGTTCATCTGGTTGAAGAACGCGGGTTCCTGAATTCACCAAGCCCGGTTGAACAACTCAAGCGCGAAGATCATAAAAGCAGCGAAGGGCCGCCCAGCAAGAACATGGTGAAGGATGACCGCAGATACATCGTCTCGATATCC	00&/,-*-))((&*,,&&$"$*/0170*,$&'%(*%&,$*&)#$$##%''$%&773+,+22,+(+2/975633740A3$9/,1%#&+)'$$'(+-$'$%%$##'$$%/7;575%(3228,&**3&*+,&.**'&'8*%9+&$$$&&%')*(,/00+).+/67>;=11,$%&&$$&%.*/*/35))'&%$0$4##*,45301./&)#%$*+%&*/44/,,;$"%####$23.,..,-(&)..*22:2.-+/00+9,+)%$&1/27,(*2103:+()*3543+(+4154/++,98<762*),$#,-.647561+*'&((,%''%'3-,+/$23+-02/$*).40%%0./0,'%)(*7;<3()*+0.&14$,,&%#"$)+/0'-+-&+,--/**1,*(+)+%&74+.2()($&#%+*+*)&&'$)(*,-%'(('''(#07%%(%%+;<<@'%7'+$(#%&&$')**+0--+'''11-169&&(%&##$&$&-/54''&%%4%*')(-78-(#&$*'5),*.%)-0/1*A6331,2-)+)$(2':'9,-2$749)'*)%'.0#%'7&*&),,$%$&%&++/-*+'%-*4$"(++'%&&(45,++*%0-'&'%+(,1*0544:89511)'%.&##,56.7:<<::9855++'(.1744447	84.95099044817144	0.16285009391165564
389	8e8d09b7-b233-4afd-8dfb-645244c834fd runid=ed1de13037eb1bcfeefc20d46af38743bdac68e6 read=17468 ch=122 start_time=2020-02-10T19:27:11Z flow_cell_id=ACE547 protocol_group_id=barcode_test sample_id=barcodes_fish h+(1),h-(2) w1 h+(1),h-(2) w1_71.68156262581613	ATTGGCACCCATCTCGTATTTGGTGCGCAGGACGGCGCCAGTCGTTCAGCCCTAATATATACTCATTCAGGCAGAGAGCTAGAATCAACCTGGTACACTCCTTAGGTGATGATCGAAATTTATAATGTAATCGTTACAGCACCTGTTTCGTAATAATTTCTTTATAATAATACCACTAGTGGGGCTTCGGCAGCGAGCAAGTTCCCCTATTGATCAGTTGCTCTAGATACCAAAGCACCCTCAGATAAATAACATAAGCTTCTGACTTCTTCCCCATCTTTCTCTCCTTTTGCATCATCTGGTGTGAAGCCAGGTAGGACAGGTGAACTGTCTATCGCTGGCTGGAAACCTCATCAAATGCTCAGAGATCTATTGACCTCACTGTTTTTCCTTCATCTTGGCAGGAATTTCATCATCAATTCTTGGGCAATTAATTTTATTACCACAGTATTAACATAGTATCAGCAATCTCCACAATATCAAACTCCCCTCTTTGTTTGAGCAGTCCTAATTACAGCTGTGCTTCTATTATTATCTCTTCAGTCTTAGCCGGTATCATGCGCAACTGATCGTAATCATAATACTTCATTCTTTGATCCTGCTGGAGGTGACCCCATTTTACCTCTAATCTATT	+,/,)(((('',4/6))&%&$'',)+'''*($'%&$###&').&##%+&,+)+('%%$%$%+-=///3#$%%&&'%&+,+-,-,';0'''$%))(.,+;.-))%%%(%%-*044$'5,69(0./$)%.4336.02&,*,.-&%#"&)&*)/0-'/(56;<=9-*))$%&'',3520,(&<3%&*'''$%&&'$$%#$#'%(&239-%+%#$('*;)0'*67)1"%%'%%%(('&$""%)*(5-,65;:5//)(&%(&,22(1(.(%%97=9035++7==?*/'01-313.)'&,1(,-40002'#$$%%$&%'%$'/742581336>?7--1-'$%%'++,))&,$)$/.,($#&%'##$$%#$'$%+,74%-/,)('&4'%*%.22220,',)%%*%&*/*.6%>=&A83*$#%$##&)=-8.'+($)&&(%$1733)$'&+(()*%/&&(*'%$%%$'$%,&.070:97+,$24781,1#+)591<8$26LJA93?4*(('(344;1'#')'(*&*,+,&33400$$&$$'0/,&123$&+21(0),%$$5B4.+*-($#&&$$)+*,5%#-,,.%*1*&&/,/17?:136,+.36-23,+.*#&,331>;E:8==41.*+(&%$%(((''+	71.68156262581613	0.18720917983864163
