308	041b4652-fb8f-44a8-a33e-8faab731271a runid=ed1de13037eb1bcfeefc20d46af38743bdac68e6 read=24362 ch=103 start_time=2020-02-10T19:04:02Z flow_cell_id=ACE547 protocol_group_id=barcode_test sample_id=barcodes_fish h-(2),h+(2) h1 h-(2),h+(2) h1
308	7ffda3be-5a3f-4511-8444-abebef6c9999 runid=ed1de13037eb1bcfeefc20d46af38743bdac68e6 read=70660 ch=85 start_time=2020-02-11T02:32:39Z flow_cell_id=ACE547 protocol_group_id=barcode_test sample_id=barcodes_fish h-(3),h+(3) h1 h-(3),h+(3) h1
308	57ceeea3-8344-4181-82b4-43c0319b8669 runid=ed1de13037eb1bcfeefc20d46af38743bdac68e6 read=36489 ch=94 start_time=2020-02-10T20:52:47Z flow_cell_id=ACE547 protocol_group_id=barcode_test sample_id=barcodes_fish H-(2,9),h+(1,-1) h1 H-(2,9),h+(1,-1) h1
308	e4af8548-ef8e-41f8-b0d8-17e41b18d262 runid=ed1de13037eb1bcfeefc20d46af38743bdac68e6 read=57629 ch=61 start_time=2020-02-11T00:05:50Z flow_cell_id=ACE547 protocol_group_id=barcode_test sample_id=barcodes_fish h-(1),h+(3) h1 h-(1),h+(3) h1
308	65e9427e-250d-4f5a-9ab9-f6944dc31867 runid=ed1de13037eb1bcfeefc20d46af38743bdac68e6 read=49050 ch=35 start_time=2020-02-11T00:17:30Z flow_cell_id=ACE547 protocol_group_id=barcode_test sample_id=barcodes_fish H-(0,9),H+(0,10) h1 H-(0,9),H+(0,10) h1
308	2e5001c2-0d98-41e8-b9ac-1af9d1aba033 runid=ed1de13037eb1bcfeefc20d46af38743bdac68e6 read=56216 ch=58 start_time=2020-02-11T00:35:31Z flow_cell_id=ACE547 protocol_group_id=barcode_test sample_id=barcodes_fish h-(1),h+(3) h1 h-(1),h+(3) h1
308	ba591571-d152-4052-8479-502917cf873e runid=ed1de13037eb1bcfeefc20d46af38743bdac68e6 read=53553 ch=43 start_time=2020-02-10T23:48:56Z flow_cell_id=ACE547 protocol_group_id=barcode_test sample_id=barcodes_fish H-(2,9),h+(3,-1) h1 H-(2,9),h+(3,-1) h1
308	25379a8b-16f2-4341-9dff-784ea4e0657e runid=ed1de13037eb1bcfeefc20d46af38743bdac68e6 read=38921 ch=26 start_time=2020-02-10T21:05:19Z flow_cell_id=ACE547 protocol_group_id=barcode_test sample_id=barcodes_fish h-(2),h+(3) h1 h-(2),h+(3) h1
308	847df42e-64b4-49d2-8341-78bbc9a5cdfb runid=ed1de13037eb1bcfeefc20d46af38743bdac68e6 read=25918 ch=9 start_time=2020-02-10T20:01:02Z flow_cell_id=ACE547 protocol_group_id=barcode_test sample_id=barcodes_fish H-(2,10),h+(2,-1) h1 H-(2,10),h+(2,-1) h1
308	31b3990a-50e6-4c57-ac31-8e0c51715933 runid=ed1de13037eb1bcfeefc20d46af38743bdac68e6 read=28592 ch=26 start_time=2020-02-10T19:32:49Z flow_cell_id=ACE547 protocol_group_id=barcode_test sample_id=barcodes_fish H-(1,9),h+(2,-1) h1 H-(1,9),h+(2,-1) h1
308	d65b2649-de1c-458b-8513-538af7376688 runid=ed1de13037eb1bcfeefc20d46af38743bdac68e6 read=67489 ch=106 start_time=2020-02-11T01:44:44Z flow_cell_id=ACE547 protocol_group_id=barcode_test sample_id=barcodes_fish h-(0),h+(3) h1 h-(0),h+(3) h1
308	3213ed17-3559-4896-bf4f-d8f621322464 runid=ed1de13037eb1bcfeefc20d46af38743bdac68e6 read=36191 ch=124 start_time=2020-02-10T21:11:12Z flow_cell_id=ACE547 protocol_group_id=barcode_test sample_id=barcodes_fish h-(2),h+(0) h1 h-(2),h+(0) h1
308	9751481c-4add-471b-a2d1-68d42705b4c3 runid=ed1de13037eb1bcfeefc20d46af38743bdac68e6 read=45742 ch=121 start_time=2020-02-10T22:40:14Z flow_cell_id=ACE547 protocol_group_id=barcode_test sample_id=barcodes_fish H-(3,11),H+(2,9) h1 H-(3,11),H+(2,9) h1
308	054d2263-f6c6-4d4d-a755-fe3536593cb9 runid=ed1de13037eb1bcfeefc20d46af38743bdac68e6 read=65949 ch=115 start_time=2020-02-11T01:44:26Z flow_cell_id=ACE547 protocol_group_id=barcode_test sample_id=barcodes_fish H-(3,11),h+(0,-1) h1 H-(3,11),h+(0,-1) h1
308	3f9cdb8f-5036-4e8e-875b-4943a9f7104d runid=ed1de13037eb1bcfeefc20d46af38743bdac68e6 read=22291 ch=120 start_time=2020-02-10T18:32:12Z flow_cell_id=ACE547 protocol_group_id=barcode_test sample_id=barcodes_fish H-(0,7),H+(1,11) h1 H-(0,7),H+(1,11) h1
308	4216ed04-f8b6-452b-a2c0-b16b4f620428 runid=ed1de13037eb1bcfeefc20d46af38743bdac68e6 read=75737 ch=105 start_time=2020-02-11T02:47:28Z flow_cell_id=ACE547 protocol_group_id=barcode_test sample_id=barcodes_fish H-(2,11),H+(2,10) h1 H-(2,11),H+(2,10) h1
0	bea8fd6d-e3f7-4d1e-9e44-eb6d181eec2e runid=ed1de13037eb1bcfeefc20d46af38743bdac68e6 read=18026 ch=125 start_time=2020-02-10T18:06:25Z flow_cell_id=ACE547 protocol_group_id=barcode_test sample_id=barcodes_fish H+(3,8),H-(3,11) h1 H+(3,8),H-(3,11) h1
0	5f2ce489-0cd1-407e-a55a-7ebfdfe801b3 runid=ed1de13037eb1bcfeefc20d46af38743bdac68e6 read=100 ch=71 start_time=2020-02-10T15:33:52Z flow_cell_id=ACE547 protocol_group_id=barcode_test sample_id=barcodes_fish H+(1,8),H-(0,11) h1 H+(1,8),H-(0,11) h1
0	0fb46477-6624-4825-94e1-7181c70ecbdf runid=ed1de13037eb1bcfeefc20d46af38743bdac68e6 read=3207 ch=59 start_time=2020-02-10T16:00:04Z flow_cell_id=ACE547 protocol_group_id=barcode_test sample_id=barcodes_fish H+(3,9),H-(0,11) h1 H+(3,9),H-(0,11) h1
0	42fca4f5-f63c-4536-9ce8-abdc3e4c70a8 runid=ed1de13037eb1bcfeefc20d46af38743bdac68e6 read=7622 ch=122 start_time=2020-02-10T18:02:40Z flow_cell_id=ACE547 protocol_group_id=barcode_test sample_id=barcodes_fish h+(1),h-(3) h1 h+(1),h-(3) h1
0	ccb68eb8-d0ee-4996-bf85-a5cbf62c1777 runid=ed1de13037eb1bcfeefc20d46af38743bdac68e6 read=12592 ch=73 start_time=2020-02-10T17:31:38Z flow_cell_id=ACE547 protocol_group_id=barcode_test sample_id=barcodes_fish H+(1,8),H-(3,9) h1 H+(1,8),H-(3,9) h1
0	aff1921e-ab40-4704-9c0d-8ebc5f95301d runid=ed1de13037eb1bcfeefc20d46af38743bdac68e6 read=69049 ch=43 start_time=2020-02-11T02:08:40Z flow_cell_id=ACE547 protocol_group_id=barcode_test sample_id=barcodes_fish H+(3,11),h-(2,-1) h1 H+(3,11),h-(2,-1) h1
0	2ad74c6e-778b-4700-ab31-69841c1cb2ec runid=ed1de13037eb1bcfeefc20d46af38743bdac68e6 read=19490 ch=75 start_time=2020-02-11T01:02:18Z flow_cell_id=ACE547 protocol_group_id=barcode_test sample_id=barcodes_fish H+(0,9),h-(2,-1) h1 H+(0,9),h-(2,-1) h1
0	1c8711f5-0019-413e-91a1-801b842cf9f1 runid=ed1de13037eb1bcfeefc20d46af38743bdac68e6 read=30 ch=7 start_time=2020-02-10T15:32:17Z flow_cell_id=ACE547 protocol_group_id=barcode_test sample_id=barcodes_fish H+(1,9),H-(2,9) h1 H+(1,9),H-(2,9) h1
0	72f12326-6cf2-4d5f-ba05-5c17f904dc60 runid=ed1de13037eb1bcfeefc20d46af38743bdac68e6 read=2745 ch=42 start_time=2020-02-10T16:04:35Z flow_cell_id=ACE547 protocol_group_id=barcode_test sample_id=barcodes_fish H+(0,9),h-(3,-1) h1 H+(0,9),h-(3,-1) h1
0	dc5a3e76-0564-4755-b262-4bf065aa5bec runid=ed1de13037eb1bcfeefc20d46af38743bdac68e6 read=13414 ch=110 start_time=2020-02-10T17:28:36Z flow_cell_id=ACE547 protocol_group_id=barcode_test sample_id=barcodes_fish h+(0),h-(2) h1 h+(0),h-(2) h1
0	525cc94a-b773-450d-8f2a-aec6896ba7bf runid=ed1de13037eb1bcfeefc20d46af38743bdac68e6 read=3705 ch=60 start_time=2020-02-10T16:01:44Z flow_cell_id=ACE547 protocol_group_id=barcode_test sample_id=barcodes_fish H+(0,10),H-(3,9) h1 H+(0,10),H-(3,9) h1
0	4372d0f9-ef8a-41b2-aa68-ab7d96bc33d4 runid=ed1de13037eb1bcfeefc20d46af38743bdac68e6 read=346 ch=25 start_time=2020-02-10T15:35:26Z flow_cell_id=ACE547 protocol_group_id=barcode_test sample_id=barcodes_fish H+(3,8),H-(2,10) h1 H+(3,8),H-(2,10) h1
0	fd6ef226-12f6-4f31-aaab-00f0da789ff6 runid=ed1de13037eb1bcfeefc20d46af38743bdac68e6 read=171 ch=46 start_time=2020-02-10T15:34:25Z flow_cell_id=ACE547 protocol_group_id=barcode_test sample_id=barcodes_fish H+(3,11),h-(2,-1) h1 H+(3,11),h-(2,-1) h1
0	23c92207-5a4c-42a8-9625-7c1b0d28289e runid=ed1de13037eb1bcfeefc20d46af38743bdac68e6 read=3183 ch=124 start_time=2020-02-10T15:59:02Z flow_cell_id=ACE547 protocol_group_id=barcode_test sample_id=barcodes_fish H+(2,11),h-(3,-1) h1 H+(2,11),h-(3,-1) h1
0	39b86875-166e-4e24-ae49-0a8e63e88d26 runid=ed1de13037eb1bcfeefc20d46af38743bdac68e6 read=3371 ch=54 start_time=2020-02-10T15:58:39Z flow_cell_id=ACE547 protocol_group_id=barcode_test sample_id=barcodes_fish H+(0,6),H-(0,10) h1 H+(0,6),H-(0,10) h1
17	ac9c07a2-14b8-4916-a9d6-66db7faab041 runid=ed1de13037eb1bcfeefc20d46af38743bdac68e6 read=15956 ch=106 start_time=2020-02-10T17:46:31Z flow_cell_id=ACE547 protocol_group_id=barcode_test sample_id=barcodes_fish H+(2,8),H-(1,8) h1 H+(2,8),H-(1,8) h1
17	35fc40d7-fae6-4663-a4d7-b7cec50ad49f runid=ed1de13037eb1bcfeefc20d46af38743bdac68e6 read=12428 ch=95 start_time=2020-02-10T17:16:38Z flow_cell_id=ACE547 protocol_group_id=barcode_test sample_id=barcodes_fish H+(3,9),H-(3,9) h1 H+(3,9),H-(3,9) h1
17	4ca2d7ce-50f3-4eb3-bf3f-8b018eb363e9 runid=ed1de13037eb1bcfeefc20d46af38743bdac68e6 read=14430 ch=58 start_time=2020-02-10T17:51:14Z flow_cell_id=ACE547 protocol_group_id=barcode_test sample_id=barcodes_fish H+(3,9),H-(1,9) h1 H+(3,9),H-(1,9) h1
17	fd4fdede-105c-45fa-a9f1-94dda1679f50 runid=ed1de13037eb1bcfeefc20d46af38743bdac68e6 read=28786 ch=121 start_time=2020-02-10T19:54:11Z flow_cell_id=ACE547 protocol_group_id=barcode_test sample_id=barcodes_fish h+(3),h-(0) h1 h+(3),h-(0) h1
17	1f81b614-0bb7-4c16-a8b0-52cf8f82ac2c runid=ed1de13037eb1bcfeefc20d46af38743bdac68e6 read=45862 ch=106 start_time=2020-02-10T22:20:39Z flow_cell_id=ACE547 protocol_group_id=barcode_test sample_id=barcodes_fish H+(2,8),h-(2,-1) h1 H+(2,8),h-(2,-1) h1
17	f513e9ca-d2f2-4414-ad2d-78e10e9e6e8d runid=ed1de13037eb1bcfeefc20d46af38743bdac68e6 read=30645 ch=108 start_time=2020-02-10T20:03:51Z flow_cell_id=ACE547 protocol_group_id=barcode_test sample_id=barcodes_fish H+(1,10),h-(3,-1) h1 H+(1,10),h-(3,-1) h1
17	78d8f219-323f-4859-8816-2dd93af6c329 runid=ed1de13037eb1bcfeefc20d46af38743bdac68e6 read=14143 ch=119 start_time=2020-02-10T17:31:53Z flow_cell_id=ACE547 protocol_group_id=barcode_test sample_id=barcodes_fish H+(0,11),H-(0,10) h1 H+(0,11),H-(0,10) h1
17	65367e31-33fd-4af5-8375-af092a255b46 runid=ed1de13037eb1bcfeefc20d46af38743bdac68e6 read=41006 ch=17 start_time=2020-02-10T23:19:37Z flow_cell_id=ACE547 protocol_group_id=barcode_test sample_id=barcodes_fish H+(0,11),H-(1,11) h1 H+(0,11),H-(1,11) h1
17	7fcafb5e-d897-48b6-8439-1c5c166ecc36 runid=ed1de13037eb1bcfeefc20d46af38743bdac68e6 read=1923 ch=93 start_time=2020-02-10T15:48:27Z flow_cell_id=ACE547 protocol_group_id=barcode_test sample_id=barcodes_fish H+(1,9),h-(2,-1) h1 H+(1,9),h-(2,-1) h1
17	46eb02c5-0ab3-41e3-8da3-3d3dc4cf124f runid=ed1de13037eb1bcfeefc20d46af38743bdac68e6 read=24053 ch=35 start_time=2020-02-10T20:43:55Z flow_cell_id=ACE547 protocol_group_id=barcode_test sample_id=barcodes_fish H+(1,11),H-(1,8) h1 H+(1,11),H-(1,8) h1
17	bd1a8765-adb5-4807-bbe8-b731912d8724 runid=ed1de13037eb1bcfeefc20d46af38743bdac68e6 read=40580 ch=43 start_time=2020-02-10T21:43:12Z flow_cell_id=ACE547 protocol_group_id=barcode_test sample_id=barcodes_fish h+(0),h-(3) h1 h+(0),h-(3) h1
17	ef0f7c34-2fd5-4527-b95c-26c17f229c3e runid=ed1de13037eb1bcfeefc20d46af38743bdac68e6 read=12776 ch=90 start_time=2020-02-10T17:20:02Z flow_cell_id=ACE547 protocol_group_id=barcode_test sample_id=barcodes_fish H+(0,9),h-(0,-1) h1 H+(0,9),h-(0,-1) h1
17	cdbdf2fa-1f25-48de-af98-0eb7c71c4009 runid=ed1de13037eb1bcfeefc20d46af38743bdac68e6 read=67254 ch=85 start_time=2020-02-11T01:57:51Z flow_cell_id=ACE547 protocol_group_id=barcode_test sample_id=barcodes_fish H+(0,9),H-(1,10) h1 H+(0,9),H-(1,10) h1
17	45c7c9dc-1fa4-4173-964a-1564e8040621 runid=ed1de13037eb1bcfeefc20d46af38743bdac68e6 read=1655 ch=121 start_time=2020-02-10T15:45:55Z flow_cell_id=ACE547 protocol_group_id=barcode_test sample_id=barcodes_fish H+(2,11),H-(3,10) h1 H+(2,11),H-(3,10) h1
274	2d896d3e-3306-4da0-86d9-f9ce6f2c8b1c runid=ed1de13037eb1bcfeefc20d46af38743bdac68e6 read=60828 ch=95 start_time=2020-02-11T00:39:07Z flow_cell_id=ACE547 protocol_group_id=barcode_test sample_id=barcodes_fish H-(2,11),h+(3,-1) h1 H-(2,11),h+(3,-1) h1
274	615c855b-d3a7-4fd2-a588-e51b8ca8ba44 runid=ed1de13037eb1bcfeefc20d46af38743bdac68e6 read=38490 ch=108 start_time=2020-02-10T21:13:37Z flow_cell_id=ACE547 protocol_group_id=barcode_test sample_id=barcodes_fish H-(2,10),h+(3,-1) h1 H-(2,10),h+(3,-1) h1
274	4045bbf9-f169-440d-bf00-7da585b612cc runid=ed1de13037eb1bcfeefc20d46af38743bdac68e6 read=4725 ch=45 start_time=2020-02-10T16:11:56Z flow_cell_id=ACE547 protocol_group_id=barcode_test sample_id=barcodes_fish h-(3),h+(2) h1 h-(3),h+(2) h1
274	c83e149d-3243-4ae4-a615-13465fbe2345 runid=ed1de13037eb1bcfeefc20d46af38743bdac68e6 read=71471 ch=106 start_time=2020-02-11T02:21:37Z flow_cell_id=ACE547 protocol_group_id=barcode_test sample_id=barcodes_fish H-(1,7),H+(2,10) h1 H-(1,7),H+(2,10) h1
274	96d1dad9-758e-4069-952f-42c3f530253d runid=ed1de13037eb1bcfeefc20d46af38743bdac68e6 read=42465 ch=8 start_time=2020-02-10T21:44:26Z flow_cell_id=ACE547 protocol_group_id=barcode_test sample_id=barcodes_fish h-(0),h+(3) h1 h-(0),h+(3) h1
274	fe50a1ea-f6e8-432c-a356-d3ec2f1dc937 runid=ed1de13037eb1bcfeefc20d46af38743bdac68e6 read=27425 ch=121 start_time=2020-02-10T19:40:42Z flow_cell_id=ACE547 protocol_group_id=barcode_test sample_id=barcodes_fish h-(0),h+(3) h1 h-(0),h+(3) h1
274	a260adf2-a67f-4b11-b2e6-0c317104f945 runid=ed1de13037eb1bcfeefc20d46af38743bdac68e6 read=41914 ch=122 start_time=2020-02-10T23:01:34Z flow_cell_id=ACE547 protocol_group_id=barcode_test sample_id=barcodes_fish H-(3,11),H+(2,10) h1 H-(3,11),H+(2,10) h1
274	16a824d7-078c-438f-8e18-a02ff96f7322 runid=ed1de13037eb1bcfeefc20d46af38743bdac68e6 read=45006 ch=45 start_time=2020-02-10T22:27:26Z flow_cell_id=ACE547 protocol_group_id=barcode_test sample_id=barcodes_fish H-(1,8),H+(0,9) h1 H-(1,8),H+(0,9) h1
274	8ff5e749-ced0-46a9-9298-0df19ff3feb5 runid=ed1de13037eb1bcfeefc20d46af38743bdac68e6 read=10882 ch=46 start_time=2020-02-10T23:57:44Z flow_cell_id=ACE547 protocol_group_id=barcode_test sample_id=barcodes_fish H-(2,10),H+(3,9) h1 H-(2,10),H+(3,9) h1
274	23c195ec-1444-45f2-be42-0298dde4ce03 runid=ed1de13037eb1bcfeefc20d46af38743bdac68e6 read=69979 ch=43 start_time=2020-02-11T02:17:37Z flow_cell_id=ACE547 protocol_group_id=barcode_test sample_id=barcodes_fish H-(1,7),H+(0,10) h1 H-(1,7),H+(0,10) h1
274	bfdbc909-c41b-44ab-950c-6c9f9cd66011 runid=ed1de13037eb1bcfeefc20d46af38743bdac68e6 read=50913 ch=17 start_time=2020-02-11T00:54:17Z flow_cell_id=ACE547 protocol_group_id=barcode_test sample_id=barcodes_fish h-(3),h+(0) h1 h-(3),h+(0) h1
274	88976d53-cdf4-49ad-9795-d3d28e164d44 runid=ed1de13037eb1bcfeefc20d46af38743bdac68e6 read=58353 ch=84 start_time=2020-02-11T01:30:32Z flow_cell_id=ACE547 protocol_group_id=barcode_test sample_id=barcodes_fish h-(2),h+(2) h1 h-(2),h+(2) h1
274	d76cfee0-7190-4878-95ed-a2bb1bb56fd2 runid=ed1de13037eb1bcfeefc20d46af38743bdac68e6 read=63844 ch=61 start_time=2020-02-11T01:01:11Z flow_cell_id=ACE547 protocol_group_id=barcode_test sample_id=barcodes_fish H-(3,8),h+(1,-1) h1 H-(3,8),h+(1,-1) h1
66	c530428f-4433-4d4f-98a1-cf752a9e48b3 runid=ed1de13037eb1bcfeefc20d46af38743bdac68e6 read=17554 ch=30 start_time=2020-02-10T17:55:21Z flow_cell_id=ACE547 protocol_group_id=barcode_test sample_id=barcodes_fish H+(1,9),H-(3,11) h1 H+(1,9),H-(3,11) h1
66	6143c7e8-3426-4250-8c23-3fa225608d4d runid=ed1de13037eb1bcfeefc20d46af38743bdac68e6 read=31808 ch=94 start_time=2020-02-10T20:10:42Z flow_cell_id=ACE547 protocol_group_id=barcode_test sample_id=barcodes_fish h+(2),h-(0) h1 h+(2),h-(0) h1
66	d2cfaeed-71f2-4430-bb48-d63a2a549447 runid=ed1de13037eb1bcfeefc20d46af38743bdac68e6 read=46453 ch=45 start_time=2020-02-10T22:40:43Z flow_cell_id=ACE547 protocol_group_id=barcode_test sample_id=barcodes_fish H+(0,7),h-(0,-1) h1 H+(0,7),h-(0,-1) h1
66	b03ade1a-91f0-4fb3-9543-c944cbc9c471 runid=ed1de13037eb1bcfeefc20d46af38743bdac68e6 read=47840 ch=8 start_time=2020-02-10T22:34:01Z flow_cell_id=ACE547 protocol_group_id=barcode_test sample_id=barcodes_fish H+(3,11),h-(3,-1) h1 H+(3,11),h-(3,-1) h1
66	165d8669-9455-4992-9a97-cc179969e51d runid=ed1de13037eb1bcfeefc20d46af38743bdac68e6 read=28372 ch=94 start_time=2020-02-10T19:38:07Z flow_cell_id=ACE547 protocol_group_id=barcode_test sample_id=barcodes_fish H+(1,10),H-(2,11) h1 H+(1,10),H-(2,11) h1
66	e0d5af24-7f92-4cb7-857c-edf2eabd9965 runid=ed1de13037eb1bcfeefc20d46af38743bdac68e6 read=60699 ch=34 start_time=2020-02-11T00:25:25Z flow_cell_id=ACE547 protocol_group_id=barcode_test sample_id=barcodes_fish H+(0,11),h-(2,-1) h1 H+(0,11),h-(2,-1) h1
66	e95618b3-ce6a-4366-925e-f03664715bd1 runid=ed1de13037eb1bcfeefc20d46af38743bdac68e6 read=17942 ch=34 start_time=2020-02-10T18:04:33Z flow_cell_id=ACE547 protocol_group_id=barcode_test sample_id=barcodes_fish H+(0,9),h-(1,-1) h1 H+(0,9),h-(1,-1) h1
66	e5a5dbb3-d943-4169-97d5-abefb57ac13a runid=ed1de13037eb1bcfeefc20d46af38743bdac68e6 read=13679 ch=124 start_time=2020-02-10T17:30:36Z flow_cell_id=ACE547 protocol_group_id=barcode_test sample_id=barcodes_fish H+(0,9),H-(2,9) h1 H+(0,9),H-(2,9) h1
66	41e8ebbb-d200-4f91-a819-c7dcabab3940 runid=ed1de13037eb1bcfeefc20d46af38743bdac68e6 read=14821 ch=121 start_time=2020-02-10T17:41:42Z flow_cell_id=ACE547 protocol_group_id=barcode_test sample_id=barcodes_fish H+(1,11),h-(1,-1) h1 H+(1,11),h-(1,-1) h1
66	c7927a19-d229-4d57-b2fa-5429007a4be8 runid=ed1de13037eb1bcfeefc20d46af38743bdac68e6 read=55953 ch=35 start_time=2020-02-11T01:14:04Z flow_cell_id=ACE547 protocol_group_id=barcode_test sample_id=barcodes_fish H+(0,5),h-(2,-1) h1 H+(0,5),h-(2,-1) h1
66	e7d513ad-6783-4c19-8956-52b58c99bfa8 runid=ed1de13037eb1bcfeefc20d46af38743bdac68e6 read=34652 ch=121 start_time=2020-02-10T20:51:49Z flow_cell_id=ACE547 protocol_group_id=barcode_test sample_id=barcodes_fish h+(1),h-(0) h1 h+(1),h-(0) h1
66	4608083f-56bf-47f4-8778-d6007d01a775 runid=ed1de13037eb1bcfeefc20d46af38743bdac68e6 read=13294 ch=29 start_time=2020-02-10T17:32:03Z flow_cell_id=ACE547 protocol_group_id=barcode_test sample_id=barcodes_fish h+(2),h-(1) h1 h+(2),h-(1) h1
165	95072d9b-c3f8-4ce1-a6d0-c38cf96a8803 runid=ed1de13037eb1bcfeefc20d46af38743bdac68e6 read=29670 ch=121 start_time=2020-02-10T20:02:36Z flow_cell_id=ACE547 protocol_group_id=barcode_test sample_id=barcodes_fish H-(1,11),h+(0,-1) h1 H-(1,11),h+(0,-1) h1
165	206d0f18-a2ec-4f68-9ef6-e4a98909e28a runid=ed1de13037eb1bcfeefc20d46af38743bdac68e6 read=3632 ch=124 start_time=2020-02-10T16:03:18Z flow_cell_id=ACE547 protocol_group_id=barcode_test sample_id=barcodes_fish H-(1,10),h+(2,-1) h1 H-(1,10),h+(2,-1) h1
165	fe9776b4-623d-4304-bc5e-411bb2764750 runid=ed1de13037eb1bcfeefc20d46af38743bdac68e6 read=44992 ch=121 start_time=2020-02-10T22:33:19Z flow_cell_id=ACE547 protocol_group_id=barcode_test sample_id=barcodes_fish h-(1),h+(1) h1 h-(1),h+(1) h1
165	df0514fe-6ed4-4316-98fd-47a41fcb433a runid=ed1de13037eb1bcfeefc20d46af38743bdac68e6 read=14727 ch=58 start_time=2020-02-10T17:54:01Z flow_cell_id=ACE547 protocol_group_id=barcode_test sample_id=barcodes_fish H-(2,9),H+(1,8) h1 H-(2,9),H+(1,8) h1
165	bcfbca51-21d0-43c6-8205-97d4da2ac69c runid=ed1de13037eb1bcfeefc20d46af38743bdac68e6 read=22619 ch=124 start_time=2020-02-10T18:56:43Z flow_cell_id=ACE547 protocol_group_id=barcode_test sample_id=barcodes_fish h-(2),h+(1) h1 h-(2),h+(1) h1
165	25d16a4d-bd54-4482-a6a1-f9a73a7852cb runid=ed1de13037eb1bcfeefc20d46af38743bdac68e6 read=13625 ch=43 start_time=2020-02-10T17:32:22Z flow_cell_id=ACE547 protocol_group_id=barcode_test sample_id=barcodes_fish H-(1,9),H+(1,8) h1 H-(1,9),H+(1,8) h1
165	8250bee2-7fe9-491c-9b2f-1987700c23cf runid=ed1de13037eb1bcfeefc20d46af38743bdac68e6 read=21659 ch=93 start_time=2020-02-10T18:42:14Z flow_cell_id=ACE547 protocol_group_id=barcode_test sample_id=barcodes_fish h-(2),h+(0) h1 h-(2),h+(0) h1
165	4fefa7aa-f89d-4d47-a71a-9e76576d3b23 runid=ed1de13037eb1bcfeefc20d46af38743bdac68e6 read=24983 ch=43 start_time=2020-02-10T19:17:01Z flow_cell_id=ACE547 protocol_group_id=barcode_test sample_id=barcodes_fish H-(1,11),H+(1,9) h1 H-(1,11),H+(1,9) h1
165	bd0a3616-afa7-4353-8122-834222f6341e runid=ed1de13037eb1bcfeefc20d46af38743bdac68e6 read=20378 ch=106 start_time=2020-02-10T18:24:38Z flow_cell_id=ACE547 protocol_group_id=barcode_test sample_id=barcodes_fish h-(2),h+(2) h1 h-(2),h+(2) h1
165	7c3ad48e-44d0-4caf-87ff-a922b2a490e0 runid=ed1de13037eb1bcfeefc20d46af38743bdac68e6 read=58088 ch=7 start_time=2020-02-11T00:29:53Z flow_cell_id=ACE547 protocol_group_id=barcode_test sample_id=barcodes_fish H-(2,11),H+(3,10) h1 H-(2,11),H+(3,10) h1
165	66855beb-4558-4d1b-9009-c04f18c3b1e9 runid=ed1de13037eb1bcfeefc20d46af38743bdac68e6 read=21891 ch=122 start_time=2020-02-10T20:05:45Z flow_cell_id=ACE547 protocol_group_id=barcode_test sample_id=barcodes_fish H-(1,8),h+(3,-1) h1 H-(1,8),h+(3,-1) h1
165	2202ccde-3fda-4d1b-a574-9a5ea547c67e runid=ed1de13037eb1bcfeefc20d46af38743bdac68e6 read=50924 ch=83 start_time=2020-02-11T00:09:40Z flow_cell_id=ACE547 protocol_group_id=barcode_test sample_id=barcodes_fish h-(0),h+(3) h1 h-(0),h+(3) h1
200	d0c3051b-3459-4b36-8656-43485d03af4e runid=ed1de13037eb1bcfeefc20d46af38743bdac68e6 read=49921 ch=122 start_time=2020-02-11T00:14:02Z flow_cell_id=ACE547 protocol_group_id=barcode_test sample_id=barcodes_fish h-(0),h+(3) h1 h-(0),h+(3) h1
200	b3e72f72-b4d8-4cfe-801a-f043cc57a3aa runid=ed1de13037eb1bcfeefc20d46af38743bdac68e6 read=4527 ch=45 start_time=2020-02-10T16:10:08Z flow_cell_id=ACE547 protocol_group_id=barcode_test sample_id=barcodes_fish H-(0,7),H+(0,9) h1 H-(0,7),H+(0,9) h1
200	c79893c8-33bf-4167-b282-9085d17c6130 runid=ed1de13037eb1bcfeefc20d46af38743bdac68e6 read=1824 ch=5 start_time=2020-02-10T15:46:21Z flow_cell_id=ACE547 protocol_group_id=barcode_test sample_id=barcodes_fish H-(0,9),H+(2,10) h1 H-(0,9),H+(2,10) h1
200	c221789a-96be-43e5-9e39-21779f2f8621 runid=ed1de13037eb1bcfeefc20d46af38743bdac68e6 read=38898 ch=93 start_time=2020-02-10T21:28:51Z flow_cell_id=ACE547 protocol_group_id=barcode_test sample_id=barcodes_fish h-(3),h+(3) h1 h-(3),h+(3) h1
200	6d3d8f0a-eea1-43b5-845a-4cbe4cef78ca runid=ed1de13037eb1bcfeefc20d46af38743bdac68e6 read=56231 ch=84 start_time=2020-02-11T01:12:46Z flow_cell_id=ACE547 protocol_group_id=barcode_test sample_id=barcodes_fish H-(1,9),h+(3,-1) h1 H-(1,9),h+(3,-1) h1
200	dd241738-45f3-4e5a-9f81-c99c0e5342b3 runid=ed1de13037eb1bcfeefc20d46af38743bdac68e6 read=20565 ch=121 start_time=2020-02-10T18:34:04Z flow_cell_id=ACE547 protocol_group_id=barcode_test sample_id=barcodes_fish H-(1,9),h+(2,-1) h1 H-(1,9),h+(2,-1) h1
200	5302d3f5-dc9d-47b4-9935-62837ff1d4d6 runid=ed1de13037eb1bcfeefc20d46af38743bdac68e6 read=64465 ch=7 start_time=2020-02-11T01:25:51Z flow_cell_id=ACE547 protocol_group_id=barcode_test sample_id=barcodes_fish H-(0,6),H+(2,9) h1 H-(0,6),H+(2,9) h1
200	0532adfd-be05-47d6-b7cd-3feb764a1748 runid=ed1de13037eb1bcfeefc20d46af38743bdac68e6 read=36131 ch=30 start_time=2020-02-10T20:43:23Z flow_cell_id=ACE547 protocol_group_id=barcode_test sample_id=barcodes_fish h-(3),h+(1) h1 h-(3),h+(1) h1
200	6e86a2e5-64e1-4515-b8bc-22fae76eb9b8 runid=ed1de13037eb1bcfeefc20d46af38743bdac68e6 read=12930 ch=40 start_time=2020-02-10T17:18:59Z flow_cell_id=ACE547 protocol_group_id=barcode_test sample_id=barcodes_fish h-(3),h+(3) h1 h-(3),h+(3) h1
200	3db945bb-4ce9-4d9b-b4f4-4c2cdb3c20ce runid=ed1de13037eb1bcfeefc20d46af38743bdac68e6 read=23492 ch=32 start_time=2020-02-10T18:48:19Z flow_cell_id=ACE547 protocol_group_id=barcode_test sample_id=barcodes_fish h-(0),h+(1) h1 h-(0),h+(1) h1
200	4f253ec2-1c7e-4986-815e-8eb6d13211e2 runid=ed1de13037eb1bcfeefc20d46af38743bdac68e6 read=45887 ch=7 start_time=2020-02-10T22:38:23Z flow_cell_id=ACE547 protocol_group_id=barcode_test sample_id=barcodes_fish H-(0,9),H+(3,9) h1 H-(0,9),H+(3,9) h1
200	7ec0ca4e-fc2d-4383-9432-e0b25f404e18 runid=ed1de13037eb1bcfeefc20d46af38743bdac68e6 read=3793 ch=60 start_time=2020-02-10T16:02:28Z flow_cell_id=ACE547 protocol_group_id=barcode_test sample_id=barcodes_fish h-(0),h+(1) h1 h-(0),h+(1) h1
33	05abc042-2348-4771-851e-90f84d939939 runid=ed1de13037eb1bcfeefc20d46af38743bdac68e6 read=28631 ch=83 start_time=2020-02-10T20:08:53Z flow_cell_id=ACE547 protocol_group_id=barcode_test sample_id=barcodes_fish h+(2),h-(2) h1 h+(2),h-(2) h1
33	3830d2fc-58ab-4918-adc7-21b83233363f runid=ed1de13037eb1bcfeefc20d46af38743bdac68e6 read=36352 ch=43 start_time=2020-02-10T21:03:06Z flow_cell_id=ACE547 protocol_group_id=barcode_test sample_id=barcodes_fish H+(3,10),h-(2,-1) h1 H+(3,10),h-(2,-1) h1
33	3a112ba4-712c-4da9-a02e-01613e8d1b55 runid=ed1de13037eb1bcfeefc20d46af38743bdac68e6 read=10982 ch=33 start_time=2020-02-10T18:56:10Z flow_cell_id=ACE547 protocol_group_id=barcode_test sample_id=barcodes_fish h+(0),h-(1) h1 h+(0),h-(1) h1
33	315eba9c-b9c6-4c03-9884-dac2b45e054b runid=ed1de13037eb1bcfeefc20d46af38743bdac68e6 read=4213 ch=81 start_time=2020-02-10T16:04:16Z flow_cell_id=ACE547 protocol_group_id=barcode_test sample_id=barcodes_fish H+(0,9),h-(2,-1) h1 H+(0,9),h-(2,-1) h1
33	da91b0f7-8dc6-4c39-bdcb-5202a7743469 runid=ed1de13037eb1bcfeefc20d46af38743bdac68e6 read=4740 ch=103 start_time=2020-02-10T16:09:47Z flow_cell_id=ACE547 protocol_group_id=barcode_test sample_id=barcodes_fish H+(2,8),h-(0,-1) h1 H+(2,8),h-(0,-1) h1
33	5c4e49d5-dc82-463e-990a-0885392cbafa runid=ed1de13037eb1bcfeefc20d46af38743bdac68e6 read=18888 ch=94 start_time=2020-02-10T18:07:56Z flow_cell_id=ACE547 protocol_group_id=barcode_test sample_id=barcodes_fish H+(1,11),H-(2,8) h1 H+(1,11),H-(2,8) h1
33	cb2b9c3f-d8e0-442c-9282-a8ed71f83c65 runid=ed1de13037eb1bcfeefc20d46af38743bdac68e6 read=6217 ch=33 start_time=2020-02-10T18:14:18Z flow_cell_id=ACE547 protocol_group_id=barcode_test sample_id=barcodes_fish H+(3,11),h-(2,-1) h1 H+(3,11),h-(2,-1) h1
33	42168928-8998-4c2b-828e-ddb3d5cf3458 runid=ed1de13037eb1bcfeefc20d46af38743bdac68e6 read=16444 ch=125 start_time=2020-02-10T17:52:01Z flow_cell_id=ACE547 protocol_group_id=barcode_test sample_id=barcodes_fish H+(1,9),H-(0,10) h1 H+(1,9),H-(0,10) h1
33	fc99b9dc-afd7-486f-8388-b8a45d3aeb14 runid=ed1de13037eb1bcfeefc20d46af38743bdac68e6 read=12699 ch=59 start_time=2020-02-10T17:23:24Z flow_cell_id=ACE547 protocol_group_id=barcode_test sample_id=barcodes_fish h+(0),h-(2) h1 h+(0),h-(2) h1
33	43002ce2-5497-4118-ab01-493a29c4f393 runid=ed1de13037eb1bcfeefc20d46af38743bdac68e6 read=3470 ch=69 start_time=2020-02-10T16:01:08Z flow_cell_id=ACE547 protocol_group_id=barcode_test sample_id=barcodes_fish H+(1,8),h-(2,-1) h1 H+(1,8),h-(2,-1) h1
33	6a3b5433-3a33-41a8-98f8-6830d7529f82 runid=ed1de13037eb1bcfeefc20d46af38743bdac68e6 read=59242 ch=105 start_time=2020-02-11T00:13:59Z flow_cell_id=ACE547 protocol_group_id=barcode_test sample_id=barcodes_fish H+(1,11),h-(1,-1) h1 H+(1,11),h-(1,-1) h1
50	8846a2f3-abb2-4e93-898c-5c401a9f9174 runid=ed1de13037eb1bcfeefc20d46af38743bdac68e6 read=33069 ch=17 start_time=2020-02-10T20:34:03Z flow_cell_id=ACE547 protocol_group_id=barcode_test sample_id=barcodes_fish H+(2,9),h-(3,-1) h1 H+(2,9),h-(3,-1) h1
50	d8f94caa-cd7f-4fd9-8f37-22dc716da8f1 runid=ed1de13037eb1bcfeefc20d46af38743bdac68e6 read=39271 ch=122 start_time=2020-02-10T22:38:02Z flow_cell_id=ACE547 protocol_group_id=barcode_test sample_id=barcodes_fish H+(0,8),h-(3,-1) h1 H+(0,8),h-(3,-1) h1
50	6f49ec1b-5bd0-4c36-8d44-e3ace4bb115b runid=ed1de13037eb1bcfeefc20d46af38743bdac68e6 read=47795 ch=45 start_time=2020-02-10T22:52:45Z flow_cell_id=ACE547 protocol_group_id=barcode_test sample_id=barcodes_fish H+(2,11),h-(0,-1) h1 H+(2,11),h-(0,-1) h1
50	77f7ff87-9cc5-4c2b-9cc7-844eea246af6 runid=ed1de13037eb1bcfeefc20d46af38743bdac68e6 read=13773 ch=41 start_time=2020-02-10T17:33:59Z flow_cell_id=ACE547 protocol_group_id=barcode_test sample_id=barcodes_fish h+(2),h-(1) h1 h+(2),h-(1) h1
50	06bf9579-8438-4307-9530-e62ab333793f runid=ed1de13037eb1bcfeefc20d46af38743bdac68e6 read=3518 ch=108 start_time=2020-02-10T15:59:14Z flow_cell_id=ACE547 protocol_group_id=barcode_test sample_id=barcodes_fish H+(0,9),h-(0,-1) h1 H+(0,9),h-(0,-1) h1
50	dbfdb2a2-7dd5-4bfe-847f-5e9511948515 runid=ed1de13037eb1bcfeefc20d46af38743bdac68e6 read=32602 ch=68 start_time=2020-02-10T20:39:09Z flow_cell_id=ACE547 protocol_group_id=barcode_test sample_id=barcodes_fish H+(3,8),H-(3,10) h1 H+(3,8),H-(3,10) h1
50	f7d1f3c8-5f46-400f-b991-fc821a185ee7 runid=ed1de13037eb1bcfeefc20d46af38743bdac68e6 read=15738 ch=54 start_time=2020-02-10T17:41:07Z flow_cell_id=ACE547 protocol_group_id=barcode_test sample_id=barcodes_fish H+(1,10),H-(3,11) h1 H+(1,10),H-(3,11) h1
50	868c8d88-7083-4e78-bcdf-103d731f8cc2 runid=ed1de13037eb1bcfeefc20d46af38743bdac68e6 read=19252 ch=66 start_time=2020-02-10T18:08:16Z flow_cell_id=ACE547 protocol_group_id=barcode_test sample_id=barcodes_fish H+(0,8),h-(2,-1) h1 H+(0,8),h-(2,-1) h1
50	797f1ba6-fe0b-4ddb-ab1d-d128edb147d1 runid=ed1de13037eb1bcfeefc20d46af38743bdac68e6 read=16484 ch=13 start_time=2020-02-10T18:28:10Z flow_cell_id=ACE547 protocol_group_id=barcode_test sample_id=barcodes_fish h+(2),h-(3) h1 h+(2),h-(3) h1
50	381a76a5-db4f-4d05-87aa-87f5db383e1d runid=ed1de13037eb1bcfeefc20d46af38743bdac68e6 read=20437 ch=93 start_time=2020-02-10T18:29:35Z flow_cell_id=ACE547 protocol_group_id=barcode_test sample_id=barcodes_fish H+(3,10),h-(1,-1) h1 H+(3,10),h-(1,-1) h1
50	96a15486-0f08-460f-9517-b80dc7f27171 runid=ed1de13037eb1bcfeefc20d46af38743bdac68e6 read=32215 ch=45 start_time=2020-02-10T20:25:10Z flow_cell_id=ACE547 protocol_group_id=barcode_test sample_id=barcodes_fish H+(1,8),H-(1,9) h1 H+(1,8),H-(1,9) h1
134	bd01de43-7cdc-4bed-ae2e-c7223a850e42 runid=ed1de13037eb1bcfeefc20d46af38743bdac68e6 read=31946 ch=30 start_time=2020-02-10T20:04:49Z flow_cell_id=ACE547 protocol_group_id=barcode_test sample_id=barcodes_fish H+(2,10),h-(2,-1) h1 H+(2,10),h-(2,-1) h1
134	3357521c-9d7e-419d-aba5-3f92ed7fad1c runid=ed1de13037eb1bcfeefc20d46af38743bdac68e6 read=12599 ch=40 start_time=2020-02-10T17:16:30Z flow_cell_id=ACE547 protocol_group_id=barcode_test sample_id=barcodes_fish H+(0,7),h-(3,-1) h1 H+(0,7),h-(3,-1) h1
134	c9a57fed-b67e-4e11-a0ee-c17207c2e09e runid=ed1de13037eb1bcfeefc20d46af38743bdac68e6 read=68536 ch=58 start_time=2020-02-11T02:30:53Z flow_cell_id=ACE547 protocol_group_id=barcode_test sample_id=barcodes_fish H+(3,9),H-(0,7) h1 H+(3,9),H-(0,7) h1
134	06f1c71b-44e4-454c-a52e-851cf443f0fa runid=ed1de13037eb1bcfeefc20d46af38743bdac68e6 read=51133 ch=8 start_time=2020-02-10T23:03:09Z flow_cell_id=ACE547 protocol_group_id=barcode_test sample_id=barcodes_fish H+(3,10),h-(0,-1) h1 H+(3,10),h-(0,-1) h1
134	cdd7ae86-2aba-4ea6-8c9b-a75003715c5f runid=ed1de13037eb1bcfeefc20d46af38743bdac68e6 read=55193 ch=29 start_time=2020-02-10T23:57:08Z flow_cell_id=ACE547 protocol_group_id=barcode_test sample_id=barcodes_fish H+(1,8),H-(3,10) h1 H+(1,8),H-(3,10) h1
134	1b85aa6e-b2a2-4217-908c-d3473e817c51 runid=ed1de13037eb1bcfeefc20d46af38743bdac68e6 read=20399 ch=61 start_time=2020-02-10T18:23:06Z flow_cell_id=ACE547 protocol_group_id=barcode_test sample_id=barcodes_fish H+(3,11),h-(1,-1) h1 H+(3,11),h-(1,-1) h1
134	3abd2b5e-7d78-47b6-bc4a-0c90e32ad2c7 runid=ed1de13037eb1bcfeefc20d46af38743bdac68e6 read=65948 ch=61 start_time=2020-02-11T01:18:23Z flow_cell_id=ACE547 protocol_group_id=barcode_test sample_id=barcodes_fish h+(1),h-(3) h1 h+(1),h-(3) h1
134	039de657-3363-4826-aced-af8038e33ea7 runid=ed1de13037eb1bcfeefc20d46af38743bdac68e6 read=39057 ch=95 start_time=2020-02-10T21:18:40Z flow_cell_id=ACE547 protocol_group_id=barcode_test sample_id=barcodes_fish H+(0,8),h-(3,-1) h1 H+(0,8),h-(3,-1) h1
134	2f87dc31-dfc4-4b1c-8770-b4214d573ae8 runid=ed1de13037eb1bcfeefc20d46af38743bdac68e6 read=64560 ch=83 start_time=2020-02-11T02:39:01Z flow_cell_id=ACE547 protocol_group_id=barcode_test sample_id=barcodes_fish H+(0,10),h-(1,-1) h1 H+(0,10),h-(1,-1) h1
134	c9ae4a13-3cc7-4e45-a06d-a7f012abc411 runid=ed1de13037eb1bcfeefc20d46af38743bdac68e6 read=27986 ch=45 start_time=2020-02-10T19:44:02Z flow_cell_id=ACE547 protocol_group_id=barcode_test sample_id=barcodes_fish h+(1),h-(3) h1 h+(1),h-(3) h1
134	3372f30d-8852-4bd2-a1bc-ef1d3a6583b2 runid=ed1de13037eb1bcfeefc20d46af38743bdac68e6 read=14587 ch=93 start_time=2020-02-10T17:36:14Z flow_cell_id=ACE547 protocol_group_id=barcode_test sample_id=barcodes_fish H+(1,7),h-(2,-1) h1 H+(1,7),h-(2,-1) h1
149	dbc58516-0f66-4bb5-80e3-77eb813aa82a runid=ed1de13037eb1bcfeefc20d46af38743bdac68e6 read=33956 ch=69 start_time=2020-02-10T20:33:15Z flow_cell_id=ACE547 protocol_group_id=barcode_test sample_id=barcodes_fish h-(1),h+(3) h1 h-(1),h+(3) h1
149	cf2e1f94-5fca-4f33-ac98-12f543d5f326 runid=ed1de13037eb1bcfeefc20d46af38743bdac68e6 read=4932 ch=117 start_time=2020-02-10T16:09:49Z flow_cell_id=ACE547 protocol_group_id=barcode_test sample_id=barcodes_fish h-(2),h+(2) h1 h-(2),h+(2) h1
149	187c98eb-54a3-4a5a-a7f8-bf19565c614d runid=ed1de13037eb1bcfeefc20d46af38743bdac68e6 read=2212 ch=48 start_time=2020-02-10T15:50:10Z flow_cell_id=ACE547 protocol_group_id=barcode_test sample_id=barcodes_fish H-(2,9),H+(2,11) h1 H-(2,9),H+(2,11) h1
149	8a58a6bb-eb52-44bb-81c4-34e8d1928a4f runid=ed1de13037eb1bcfeefc20d46af38743bdac68e6 read=2423 ch=48 start_time=2020-02-10T15:52:08Z flow_cell_id=ACE547 protocol_group_id=barcode_test sample_id=barcodes_fish h-(3),h+(1) h1 h-(3),h+(1) h1
149	1e2f3f9e-ea35-4279-94ff-56eed1939090 runid=ed1de13037eb1bcfeefc20d46af38743bdac68e6 read=31500 ch=121 start_time=2020-02-10T20:21:43Z flow_cell_id=ACE547 protocol_group_id=barcode_test sample_id=barcodes_fish H-(2,10),h+(2,-1) h1 H-(2,10),h+(2,-1) h1
149	a16c1e7e-5006-47a4-83ab-3bd20e0925e3 runid=ed1de13037eb1bcfeefc20d46af38743bdac68e6 read=20142 ch=108 start_time=2020-02-10T18:26:18Z flow_cell_id=ACE547 protocol_group_id=barcode_test sample_id=barcodes_fish H-(1,8),h+(3,-1) h1 H-(1,8),h+(3,-1) h1
149	093dc7f2-e26e-4460-a983-d2e927d66dc6 runid=ed1de13037eb1bcfeefc20d46af38743bdac68e6 read=1902 ch=125 start_time=2020-02-10T15:47:23Z flow_cell_id=ACE547 protocol_group_id=barcode_test sample_id=barcodes_fish H-(1,11),H+(3,9) h1 H-(1,11),H+(3,9) h1
149	c1d3da81-04c9-4498-a414-fa74b9e8fd46 runid=ed1de13037eb1bcfeefc20d46af38743bdac68e6 read=30728 ch=121 start_time=2020-02-10T20:13:55Z flow_cell_id=ACE547 protocol_group_id=barcode_test sample_id=barcodes_fish h-(0),h+(3) h1 h-(0),h+(3) h1
149	3f8eb705-ecba-41d2-af0b-3a729f0b8a23 runid=ed1de13037eb1bcfeefc20d46af38743bdac68e6 read=41514 ch=94 start_time=2020-02-10T21:40:05Z flow_cell_id=ACE547 protocol_group_id=barcode_test sample_id=barcodes_fish H-(1,10),h+(3,-1) h1 H-(1,10),h+(3,-1) h1
149	03430860-3f3e-400c-987b-791ed50da9dd runid=ed1de13037eb1bcfeefc20d46af38743bdac68e6 read=56653 ch=122 start_time=2020-02-11T01:12:09Z flow_cell_id=ACE547 protocol_group_id=barcode_test sample_id=barcodes_fish h-(1),h+(2) h1 h-(1),h+(2) h1
149	0fe43bce-0967-4430-ac44-ff27086184f1 runid=ed1de13037eb1bcfeefc20d46af38743bdac68e6 read=46206 ch=30 start_time=2020-02-10T22:13:59Z flow_cell_id=ACE547 protocol_group_id=barcode_test sample_id=barcodes_fish H-(1,7),H+(1,9) h1 H-(1,7),H+(1,9) h1
240	ae3e8fb1-a250-4533-b7ef-b42573788989 runid=ed1de13037eb1bcfeefc20d46af38743bdac68e6 read=70020 ch=121 start_time=2020-02-11T02:38:49Z flow_cell_id=ACE547 protocol_group_id=barcode_test sample_id=barcodes_fish H-(3,11),h+(1,-1) h1 H-(3,11),h+(1,-1) h1
240	93097893-b71f-4d79-bc26-e7790b8bc4a5 runid=ed1de13037eb1bcfeefc20d46af38743bdac68e6 read=59341 ch=108 start_time=2020-02-11T00:26:40Z flow_cell_id=ACE547 protocol_group_id=barcode_test sample_id=barcodes_fish H-(0,10),H+(3,10) h1 H-(0,10),H+(3,10) h1
240	927601b6-1327-4a31-b9a3-411cfa570da9 runid=ed1de13037eb1bcfeefc20d46af38743bdac68e6 read=6840 ch=33 start_time=2020-02-10T18:20:08Z flow_cell_id=ACE547 protocol_group_id=barcode_test sample_id=barcodes_fish h-(0),h+(2) h1 h-(0),h+(2) h1
240	f1256018-1b91-4bcb-8f03-631d6ec61f3f runid=ed1de13037eb1bcfeefc20d46af38743bdac68e6 read=14193 ch=17 start_time=2020-02-10T17:35:39Z flow_cell_id=ACE547 protocol_group_id=barcode_test sample_id=barcodes_fish h-(2),h+(1) h1 h-(2),h+(1) h1
240	0e839d5c-2ab1-4b52-831b-02f23dafcff7 runid=ed1de13037eb1bcfeefc20d46af38743bdac68e6 read=41697 ch=108 start_time=2020-02-10T21:43:44Z flow_cell_id=ACE547 protocol_group_id=barcode_test sample_id=barcodes_fish H-(0,11),H+(2,7) h1 H-(0,11),H+(2,7) h1
240	3f0b256a-31e2-444e-a83c-866dc61e5126 runid=ed1de13037eb1bcfeefc20d46af38743bdac68e6 read=55510 ch=35 start_time=2020-02-11T01:10:34Z flow_cell_id=ACE547 protocol_group_id=barcode_test sample_id=barcodes_fish h-(2),h+(1) h1 h-(2),h+(1) h1
240	135f9c9c-a578-4dae-9126-184e9d69253a runid=ed1de13037eb1bcfeefc20d46af38743bdac68e6 read=18072 ch=13 start_time=2020-02-10T18:48:35Z flow_cell_id=ACE547 protocol_group_id=barcode_test sample_id=barcodes_fish H-(2,11),H+(3,9) h1 H-(2,11),H+(3,9) h1
240	3e8e326f-c9e6-4f2f-89c8-f978fbe7697c runid=ed1de13037eb1bcfeefc20d46af38743bdac68e6 read=20465 ch=84 start_time=2020-02-10T19:53:29Z flow_cell_id=ACE547 protocol_group_id=barcode_test sample_id=barcodes_fish h-(0),h+(0) h1 h-(0),h+(0) h1
240	f0b8b140-c5d9-4c49-8163-bf8bad8afd7c runid=ed1de13037eb1bcfeefc20d46af38743bdac68e6 read=17467 ch=31 start_time=2020-02-10T18:02:26Z flow_cell_id=ACE547 protocol_group_id=barcode_test sample_id=barcodes_fish H-(3,11),h+(1,-1) h1 H-(3,11),h+(1,-1) h1
240	d5a27029-b733-42cb-b493-4d7f18385926 runid=ed1de13037eb1bcfeefc20d46af38743bdac68e6 read=53960 ch=7 start_time=2020-02-10T23:53:33Z flow_cell_id=ACE547 protocol_group_id=barcode_test sample_id=barcodes_fish h-(3),h+(2) h1 h-(3),h+(2) h1
240	7069f2e3-4888-4ee2-b2e2-e53808829cf0 runid=ed1de13037eb1bcfeefc20d46af38743bdac68e6 read=4962 ch=105 start_time=2020-02-10T16:10:23Z flow_cell_id=ACE547 protocol_group_id=barcode_test sample_id=barcodes_fish H-(0,9),h+(3,-1) h1 H-(0,9),h+(3,-1) h1
258	cd173d36-221c-4421-9ef6-f7fc36290fb4 runid=ed1de13037eb1bcfeefc20d46af38743bdac68e6 read=48540 ch=106 start_time=2020-02-10T22:46:35Z flow_cell_id=ACE547 protocol_group_id=barcode_test sample_id=barcodes_fish h-(0),h+(2) h1 h-(0),h+(2) h1
258	a6cf55a2-8e5a-455f-a238-89ad89ca0e2c runid=ed1de13037eb1bcfeefc20d46af38743bdac68e6 read=36964 ch=41 start_time=2020-02-10T21:14:03Z flow_cell_id=ACE547 protocol_group_id=barcode_test sample_id=barcodes_fish H-(2,11),h+(0,-1) h1 H-(2,11),h+(0,-1) h1
258	3fd5dfc9-d352-4001-9ee6-74e88ec9be63 runid=ed1de13037eb1bcfeefc20d46af38743bdac68e6 read=24266 ch=83 start_time=2020-02-10T19:22:32Z flow_cell_id=ACE547 protocol_group_id=barcode_test sample_id=barcodes_fish h-(0),h+(3) h1 h-(0),h+(3) h1
258	d4fd896a-70c0-4318-8ef0-09d338850c85 runid=ed1de13037eb1bcfeefc20d46af38743bdac68e6 read=72668 ch=41 start_time=2020-02-11T02:43:54Z flow_cell_id=ACE547 protocol_group_id=barcode_test sample_id=barcodes_fish H-(3,11),H+(2,7) h1 H-(3,11),H+(2,7) h1
258	f67adfce-c0f1-4d78-8392-c6daf45c9c56 runid=ed1de13037eb1bcfeefc20d46af38743bdac68e6 read=34617 ch=45 start_time=2020-02-10T20:47:07Z flow_cell_id=ACE547 protocol_group_id=barcode_test sample_id=barcodes_fish H-(3,8),H+(1,10) h1 H-(3,8),H+(1,10) h1
258	e78838e7-24c5-4e53-803d-3f56f34c6099 runid=ed1de13037eb1bcfeefc20d46af38743bdac68e6 read=26773 ch=61 start_time=2020-02-10T19:31:42Z flow_cell_id=ACE547 protocol_group_id=barcode_test sample_id=barcodes_fish H-(1,11),H+(3,6) h1 H-(1,11),H+(3,6) h1
258	6ba11758-91bd-4493-815d-1d1e17659f73 runid=ed1de13037eb1bcfeefc20d46af38743bdac68e6 read=19810 ch=32 start_time=2020-02-10T18:14:44Z flow_cell_id=ACE547 protocol_group_id=barcode_test sample_id=barcodes_fish H-(2,10),H+(3,8) h1 H-(2,10),H+(3,8) h1
258	06df0c1d-f9ce-4b93-83c4-781d6ee61980 runid=ed1de13037eb1bcfeefc20d46af38743bdac68e6 read=20900 ch=103 start_time=2020-02-10T18:29:15Z flow_cell_id=ACE547 protocol_group_id=barcode_test sample_id=barcodes_fish H-(0,8),H+(1,10) h1 H-(0,8),H+(1,10) h1
258	26b093c5-c196-4455-9db4-924878ffe39f runid=ed1de13037eb1bcfeefc20d46af38743bdac68e6 read=26101 ch=84 start_time=2020-02-10T20:43:54Z flow_cell_id=ACE547 protocol_group_id=barcode_test sample_id=barcodes_fish H-(0,9),h+(3,-1) h1 H-(0,9),h+(3,-1) h1
258	2520bfc0-0e82-43fa-89ed-902237f814c5 runid=ed1de13037eb1bcfeefc20d46af38743bdac68e6 read=32059 ch=43 start_time=2020-02-10T20:23:42Z flow_cell_id=ACE547 protocol_group_id=barcode_test sample_id=barcodes_fish h-(2),h+(3) h1 h-(2),h+(3) h1
258	9c064c90-97de-4279-9a41-5092576814b9 runid=ed1de13037eb1bcfeefc20d46af38743bdac68e6 read=41390 ch=121 start_time=2020-02-10T21:59:25Z flow_cell_id=ACE547 protocol_group_id=barcode_test sample_id=barcodes_fish h-(0),h+(2) h1 h-(0),h+(2) h1
99	56c78c86-2a0c-43c6-aa29-8827facbc6d0 runid=ed1de13037eb1bcfeefc20d46af38743bdac68e6 read=32418 ch=40 start_time=2020-02-10T21:44:01Z flow_cell_id=ACE547 protocol_group_id=barcode_test sample_id=barcodes_fish h+(0),h-(0) h1 h+(0),h-(0) h1
99	a2521fd1-9f58-44ec-8389-aafb333a13fd runid=ed1de13037eb1bcfeefc20d46af38743bdac68e6 read=21962 ch=68 start_time=2020-02-10T18:55:00Z flow_cell_id=ACE547 protocol_group_id=barcode_test sample_id=barcodes_fish H+(1,10),H-(0,9) h1 H+(1,10),H-(0,9) h1
99	2a7f73ff-21a6-4129-b883-252bb6aee6fb runid=ed1de13037eb1bcfeefc20d46af38743bdac68e6 read=22751 ch=108 start_time=2020-02-10T18:50:58Z flow_cell_id=ACE547 protocol_group_id=barcode_test sample_id=barcodes_fish H+(2,10),H-(1,11) h1 H+(2,10),H-(1,11) h1
99	74b0021b-b640-4bdf-8a9a-e1d6bc39d669 runid=ed1de13037eb1bcfeefc20d46af38743bdac68e6 read=14222 ch=7 start_time=2020-02-10T17:37:07Z flow_cell_id=ACE547 protocol_group_id=barcode_test sample_id=barcodes_fish H+(0,9),h-(2,-1) h1 H+(0,9),h-(2,-1) h1
99	fcb47d1d-aff8-4b12-baee-d95ae565126e runid=ed1de13037eb1bcfeefc20d46af38743bdac68e6 read=30809 ch=30 start_time=2020-02-10T19:54:50Z flow_cell_id=ACE547 protocol_group_id=barcode_test sample_id=barcodes_fish H+(3,9),H-(2,11) h1 H+(3,9),H-(2,11) h1
99	f44354a7-ee06-4640-be0d-a176ee280fc2 runid=ed1de13037eb1bcfeefc20d46af38743bdac68e6 read=24981 ch=43 start_time=2020-02-10T19:16:58Z flow_cell_id=ACE547 protocol_group_id=barcode_test sample_id=barcodes_fish H+(2,9),H-(2,9) h1 H+(2,9),H-(2,9) h1
99	367bcb26-1632-439d-bc14-fbc0d186a783 runid=ed1de13037eb1bcfeefc20d46af38743bdac68e6 read=22334 ch=32 start_time=2020-02-10T18:38:14Z flow_cell_id=ACE547 protocol_group_id=barcode_test sample_id=barcodes_fish h+(1),h-(3) h1 h+(1),h-(3) h1
99	06aab1a9-714c-46c5-bc2a-2d769b8a450f runid=ed1de13037eb1bcfeefc20d46af38743bdac68e6 read=16959 ch=75 start_time=2020-02-11T00:32:19Z flow_cell_id=ACE547 protocol_group_id=barcode_test sample_id=barcodes_fish h+(3),h-(1) h1 h+(3),h-(1) h1
99	6d20c872-2e87-486f-85b4-a89bbdf37c0b runid=ed1de13037eb1bcfeefc20d46af38743bdac68e6 read=3734 ch=17 start_time=2020-02-10T16:03:55Z flow_cell_id=ACE547 protocol_group_id=barcode_test sample_id=barcodes_fish H+(2,10),H-(0,9) h1 H+(2,10),H-(0,9) h1
116	fed36aa9-f4f0-400f-8bb5-f41981eec297 runid=ed1de13037eb1bcfeefc20d46af38743bdac68e6 read=17687 ch=66 start_time=2020-02-10T17:54:19Z flow_cell_id=ACE547 protocol_group_id=barcode_test sample_id=barcodes_fish H+(1,5),h-(0,-1) h1 H+(1,5),h-(0,-1) h1
116	be5b8473-e3e4-477c-88e7-8d3dfd512c0c runid=ed1de13037eb1bcfeefc20d46af38743bdac68e6 read=54617 ch=69 start_time=2020-02-10T23:37:41Z flow_cell_id=ACE547 protocol_group_id=barcode_test sample_id=barcodes_fish h+(1),h-(3) h1 h+(1),h-(3) h1
116	ea5051ff-4986-4994-950a-5046d4367484 runid=ed1de13037eb1bcfeefc20d46af38743bdac68e6 read=19998 ch=105 start_time=2020-02-10T18:12:20Z flow_cell_id=ACE547 protocol_group_id=barcode_test sample_id=barcodes_fish H+(3,10),H-(3,11) h1 H+(3,10),H-(3,11) h1
116	13cd00f4-0bea-4cf3-8d1f-0ee61f266630 runid=ed1de13037eb1bcfeefc20d46af38743bdac68e6 read=40821 ch=45 start_time=2020-02-10T21:47:40Z flow_cell_id=ACE547 protocol_group_id=barcode_test sample_id=barcodes_fish H+(0,8),h-(3,-1) h1 H+(0,8),h-(3,-1) h1
116	1bcc9c70-341b-4409-8fe4-57557dbd2186 runid=ed1de13037eb1bcfeefc20d46af38743bdac68e6 read=17380 ch=15 start_time=2020-02-10T18:03:49Z flow_cell_id=ACE547 protocol_group_id=barcode_test sample_id=barcodes_fish H+(1,11),H-(2,9) h1 H+(1,11),H-(2,9) h1
116	5fc0cf60-a74f-4911-b292-3b06019acaab runid=ed1de13037eb1bcfeefc20d46af38743bdac68e6 read=34389 ch=32 start_time=2020-02-10T20:29:07Z flow_cell_id=ACE547 protocol_group_id=barcode_test sample_id=barcodes_fish H+(1,10),H-(2,10) h1 H+(1,10),H-(2,10) h1
116	c6b241da-6b6c-4af4-9a1f-066ab4d1f662 runid=ed1de13037eb1bcfeefc20d46af38743bdac68e6 read=59016 ch=83 start_time=2020-02-11T01:35:39Z flow_cell_id=ACE547 protocol_group_id=barcode_test sample_id=barcodes_fish H+(0,11),H-(2,11) h1 H+(0,11),H-(2,11) h1
116	5d79edc7-395c-41ee-96db-ac087f4c44e8 runid=ed1de13037eb1bcfeefc20d46af38743bdac68e6 read=31150 ch=34 start_time=2020-02-10T20:03:33Z flow_cell_id=ACE547 protocol_group_id=barcode_test sample_id=barcodes_fish h+(2),h-(2) h1 h+(2),h-(2) h1
116	f97d278d-60a5-4aa2-9564-4d147d86c2ee runid=ed1de13037eb1bcfeefc20d46af38743bdac68e6 read=45664 ch=85 start_time=2020-02-10T22:35:52Z flow_cell_id=ACE547 protocol_group_id=barcode_test sample_id=barcodes_fish H+(1,9),H-(1,9) h1 H+(1,9),H-(1,9) h1
83	b6553093-29bc-442e-b5d4-43d17691551d runid=ed1de13037eb1bcfeefc20d46af38743bdac68e6 read=65823 ch=121 start_time=2020-02-11T01:57:47Z flow_cell_id=ACE547 protocol_group_id=barcode_test sample_id=barcodes_fish h+(0),h-(2) h1 h+(0),h-(2) h1
83	d75834ca-3804-49c3-ab4a-6e32970e22c0 runid=ed1de13037eb1bcfeefc20d46af38743bdac68e6 read=12393 ch=64 start_time=2020-02-10T17:59:13Z flow_cell_id=ACE547 protocol_group_id=barcode_test sample_id=barcodes_fish H+(3,11),h-(3,-1) h1 H+(3,11),h-(3,-1) h1
83	d201361c-29ba-4e24-9ba1-75a2ed134d01 runid=ed1de13037eb1bcfeefc20d46af38743bdac68e6 read=10992 ch=122 start_time=2020-02-10T18:29:19Z flow_cell_id=ACE547 protocol_group_id=barcode_test sample_id=barcodes_fish H+(1,7),h-(1,-1) h1 H+(1,7),h-(1,-1) h1
83	e298f95a-04b6-487f-82a4-6fbc2b402827 runid=ed1de13037eb1bcfeefc20d46af38743bdac68e6 read=11696 ch=29 start_time=2020-02-10T17:18:14Z flow_cell_id=ACE547 protocol_group_id=barcode_test sample_id=barcodes_fish H+(2,7),H-(1,8) h1 H+(2,7),H-(1,8) h1
83	c34c738e-6814-47e1-a29f-62d123f76438 runid=ed1de13037eb1bcfeefc20d46af38743bdac68e6 read=13717 ch=103 start_time=2020-02-10T17:27:02Z flow_cell_id=ACE547 protocol_group_id=barcode_test sample_id=barcodes_fish H+(0,8),H-(0,9) h1 H+(0,8),H-(0,9) h1
83	b6b109d6-25ba-4a7c-90da-f62686526a01 runid=ed1de13037eb1bcfeefc20d46af38743bdac68e6 read=20930 ch=81 start_time=2020-02-10T18:22:42Z flow_cell_id=ACE547 protocol_group_id=barcode_test sample_id=barcodes_fish H+(3,11),H-(1,8) h1 H+(3,11),H-(1,8) h1
83	53c590a7-6c25-45c5-ac20-b328837c6959 runid=ed1de13037eb1bcfeefc20d46af38743bdac68e6 read=41432 ch=29 start_time=2020-02-10T21:49:22Z flow_cell_id=ACE547 protocol_group_id=barcode_test sample_id=barcodes_fish H+(3,8),h-(2,-1) h1 H+(3,8),h-(2,-1) h1
83	9efdb1a2-32b3-44ce-b133-7850bce58af9 runid=ed1de13037eb1bcfeefc20d46af38743bdac68e6 read=75287 ch=81 start_time=2020-02-11T02:29:24Z flow_cell_id=ACE547 protocol_group_id=barcode_test sample_id=barcodes_fish H+(2,9),H-(2,10) h1 H+(2,9),H-(2,10) h1
183	efcaa583-2054-47ac-98e1-2b0659780189 runid=ed1de13037eb1bcfeefc20d46af38743bdac68e6 read=5020 ch=108 start_time=2020-02-10T16:10:38Z flow_cell_id=ACE547 protocol_group_id=barcode_test sample_id=barcodes_fish h-(3),h+(2) h1 h-(3),h+(2) h1
183	ce26ef10-37b1-49b8-a116-559c524eb012 runid=ed1de13037eb1bcfeefc20d46af38743bdac68e6 read=214 ch=41 start_time=2020-02-10T15:34:43Z flow_cell_id=ACE547 protocol_group_id=barcode_test sample_id=barcodes_fish H-(3,8),H+(2,7) h1 H-(3,8),H+(2,7) h1
183	4cccd06a-9ca1-4111-bca7-4d232aed4e64 runid=ed1de13037eb1bcfeefc20d46af38743bdac68e6 read=46082 ch=34 start_time=2020-02-10T22:17:08Z flow_cell_id=ACE547 protocol_group_id=barcode_test sample_id=barcodes_fish h-(2),h+(0) h1 h-(2),h+(0) h1
183	39c6912e-e763-4917-9757-aad2a9eb0c3e runid=ed1de13037eb1bcfeefc20d46af38743bdac68e6 read=54052 ch=95 start_time=2020-02-10T23:35:14Z flow_cell_id=ACE547 protocol_group_id=barcode_test sample_id=barcodes_fish H-(0,8),H+(3,11) h1 H-(0,8),H+(3,11) h1
183	2924d8c8-af9c-4a5c-9b4a-7f4d9953592c runid=ed1de13037eb1bcfeefc20d46af38743bdac68e6 read=21267 ch=58 start_time=2020-02-10T18:57:41Z flow_cell_id=ACE547 protocol_group_id=barcode_test sample_id=barcodes_fish h-(2),h+(3) h1 h-(2),h+(3) h1
183	7914b7fa-3819-40ea-a322-cfe23bebf6a4 runid=ed1de13037eb1bcfeefc20d46af38743bdac68e6 read=13294 ch=25 start_time=2020-02-10T17:18:26Z flow_cell_id=ACE547 protocol_group_id=barcode_test sample_id=barcodes_fish H-(2,11),H+(3,10) h1 H-(2,11),H+(3,10) h1
183	d284c9d0-bd40-4cf9-8c97-5708b95f937d runid=ed1de13037eb1bcfeefc20d46af38743bdac68e6 read=72395 ch=7 start_time=2020-02-11T02:34:37Z flow_cell_id=ACE547 protocol_group_id=barcode_test sample_id=barcodes_fish H-(0,10),H+(2,11) h1 H-(0,10),H+(2,11) h1
183	d74e068b-0df7-4373-9983-c8fb45b13145 runid=ed1de13037eb1bcfeefc20d46af38743bdac68e6 read=43015 ch=73 start_time=2020-02-10T22:42:24Z flow_cell_id=ACE547 protocol_group_id=barcode_test sample_id=barcodes_fish H-(2,11),H+(3,8) h1 H-(2,11),H+(3,8) h1
217	8a49a2d7-c008-4f30-9080-4a7d55d800ab runid=ed1de13037eb1bcfeefc20d46af38743bdac68e6 read=45501 ch=105 start_time=2020-02-10T22:08:44Z flow_cell_id=ACE547 protocol_group_id=barcode_test sample_id=barcodes_fish h-(2),h+(2) h1 h-(2),h+(2) h1
217	9c7e6146-9450-423e-81f2-de27ce453a35 runid=ed1de13037eb1bcfeefc20d46af38743bdac68e6 read=32517 ch=60 start_time=2020-02-10T20:19:05Z flow_cell_id=ACE547 protocol_group_id=barcode_test sample_id=barcodes_fish H-(2,11),H+(2,10) h1 H-(2,11),H+(2,10) h1
217	c923b8db-ce46-4fcf-b765-0fab62ed8a83 runid=ed1de13037eb1bcfeefc20d46af38743bdac68e6 read=41003 ch=110 start_time=2020-02-10T21:46:12Z flow_cell_id=ACE547 protocol_group_id=barcode_test sample_id=barcodes_fish h-(3),h+(1) h1 h-(3),h+(1) h1
217	6a9f5dca-03bc-4f8a-a2c3-f3072073b2d4 runid=ed1de13037eb1bcfeefc20d46af38743bdac68e6 read=43350 ch=41 start_time=2020-02-10T22:14:27Z flow_cell_id=ACE547 protocol_group_id=barcode_test sample_id=barcodes_fish h-(2),h+(1) h1 h-(2),h+(1) h1
217	95104c14-9dc3-41a2-87d2-60e0162cd4f2 runid=ed1de13037eb1bcfeefc20d46af38743bdac68e6 read=31937 ch=61 start_time=2020-02-10T20:17:49Z flow_cell_id=ACE547 protocol_group_id=barcode_test sample_id=barcodes_fish h-(1),h+(2) h1 h-(1),h+(2) h1
217	bc2c80b6-871b-4a59-8286-5a31ae7acf08 runid=ed1de13037eb1bcfeefc20d46af38743bdac68e6 read=19965 ch=32 start_time=2020-02-10T18:16:18Z flow_cell_id=ACE547 protocol_group_id=barcode_test sample_id=barcodes_fish h-(0),h+(3) h1 h-(0),h+(3) h1
217	19e5d25a-51dd-49cc-8381-08902faed515 runid=ed1de13037eb1bcfeefc20d46af38743bdac68e6 read=48522 ch=61 start_time=2020-02-10T22:44:10Z flow_cell_id=ACE547 protocol_group_id=barcode_test sample_id=barcodes_fish H-(2,11),H+(2,9) h1 H-(2,11),H+(2,9) h1
217	73fa6b73-0381-4761-ac93-cbec70721ecb runid=ed1de13037eb1bcfeefc20d46af38743bdac68e6 read=2549 ch=41 start_time=2020-02-10T15:55:15Z flow_cell_id=ACE547 protocol_group_id=barcode_test sample_id=barcodes_fish H-(3,10),H+(2,8) h1 H-(3,10),H+(2,8) h1
218	139292a2-84e0-4611-9a7d-1bed190c97f4 runid=ed1de13037eb1bcfeefc20d46af38743bdac68e6 read=55932 ch=81 start_time=2020-02-10T23:39:33Z flow_cell_id=ACE547 protocol_group_id=barcode_test sample_id=barcodes_fish h+(2),h-(0) h1 h+(2),h-(0) h1
218	5a2cdec4-8c25-4adf-a1ec-9ace8b48a51a runid=ed1de13037eb1bcfeefc20d46af38743bdac68e6 read=50451 ch=95 start_time=2020-02-10T23:02:24Z flow_cell_id=ACE547 protocol_group_id=barcode_test sample_id=barcodes_fish H+(2,9),H-(2,10) h1 H+(2,9),H-(2,10) h1
218	513eeafa-ec2d-42c9-a036-a5a8490076c1 runid=ed1de13037eb1bcfeefc20d46af38743bdac68e6 read=39911 ch=105 start_time=2020-02-10T21:14:58Z flow_cell_id=ACE547 protocol_group_id=barcode_test sample_id=barcodes_fish H+(2,10),H-(1,10) h1 H+(2,10),H-(1,10) h1
218	5b6f234f-1d25-4876-8e76-7eabfaae12e8 runid=ed1de13037eb1bcfeefc20d46af38743bdac68e6 read=36789 ch=13 start_time=2020-02-10T22:29:03Z flow_cell_id=ACE547 protocol_group_id=barcode_test sample_id=barcodes_fish H+(3,8),H-(1,11) h1 H+(3,8),H-(1,11) h1
218	98cab01d-cf83-487f-90de-ff71a8e483d5 runid=ed1de13037eb1bcfeefc20d46af38743bdac68e6 read=15314 ch=26 start_time=2020-02-10T17:39:12Z flow_cell_id=ACE547 protocol_group_id=barcode_test sample_id=barcodes_fish H+(0,10),h-(3,-1) h1 H+(0,10),h-(3,-1) h1
218	fb4f022b-1fdf-4581-8631-cd1127dd6288 runid=ed1de13037eb1bcfeefc20d46af38743bdac68e6 read=49564 ch=25 start_time=2020-02-10T22:49:18Z flow_cell_id=ACE547 protocol_group_id=barcode_test sample_id=barcodes_fish H+(3,8),H-(1,11) h1 H+(3,8),H-(1,11) h1
218	7e36196f-50b6-45ca-948f-478021ad8379 runid=ed1de13037eb1bcfeefc20d46af38743bdac68e6 read=46562 ch=7 start_time=2020-02-10T22:44:53Z flow_cell_id=ACE547 protocol_group_id=barcode_test sample_id=barcodes_fish H+(0,9),h-(3,-1) h1 H+(0,9),h-(3,-1) h1
218	b5d9e7bf-b4e1-4b99-ac6b-27332a5ac7c9 runid=ed1de13037eb1bcfeefc20d46af38743bdac68e6 read=38970 ch=69 start_time=2020-02-10T21:17:46Z flow_cell_id=ACE547 protocol_group_id=barcode_test sample_id=barcodes_fish h+(3),h-(2) h1 h+(3),h-(2) h1
292	6b55509f-3474-498c-b59b-755d3dc4c403 runid=ed1de13037eb1bcfeefc20d46af38743bdac68e6 read=46432 ch=34 start_time=2020-02-10T22:20:36Z flow_cell_id=ACE547 protocol_group_id=barcode_test sample_id=barcodes_fish H-(1,9),h+(2,-1) h1 H-(1,9),h+(2,-1) h1
292	565b8ec1-7e31-4610-9427-f70a0b30e2e9 runid=ed1de13037eb1bcfeefc20d46af38743bdac68e6 read=52939 ch=40 start_time=2020-02-11T00:39:34Z flow_cell_id=ACE547 protocol_group_id=barcode_test sample_id=barcodes_fish H-(2,10),h+(3,-1) h1 H-(2,10),h+(3,-1) h1
292	27fc848e-a22b-482f-8c1e-8b7ddee7413c runid=ed1de13037eb1bcfeefc20d46af38743bdac68e6 read=30226 ch=15 start_time=2020-02-10T20:03:42Z flow_cell_id=ACE547 protocol_group_id=barcode_test sample_id=barcodes_fish H-(0,5),H+(0,9) h1 H-(0,5),H+(0,9) h1
292	afaa45d0-6753-4baf-855f-0bb543b5d404 runid=ed1de13037eb1bcfeefc20d46af38743bdac68e6 read=73548 ch=41 start_time=2020-02-11T02:51:42Z flow_cell_id=ACE547 protocol_group_id=barcode_test sample_id=barcodes_fish H-(3,10),h+(3,-1) h1 H-(3,10),h+(3,-1) h1
292	7af1c18e-1070-4eed-bbb1-beadefb6cb5e runid=ed1de13037eb1bcfeefc20d46af38743bdac68e6 read=22236 ch=83 start_time=2020-02-10T19:00:56Z flow_cell_id=ACE547 protocol_group_id=barcode_test sample_id=barcodes_fish H-(0,11),H+(2,9) h1 H-(0,11),H+(2,9) h1
292	9705d183-4e1e-4a45-9a72-f569e0689833 runid=ed1de13037eb1bcfeefc20d46af38743bdac68e6 read=66424 ch=81 start_time=2020-02-11T01:12:00Z flow_cell_id=ACE547 protocol_group_id=barcode_test sample_id=barcodes_fish h-(1),h+(2) h1 h-(1),h+(2) h1
292	69640eea-ab90-4ff1-9584-4e4e77eeb63b runid=ed1de13037eb1bcfeefc20d46af38743bdac68e6 read=58711 ch=25 start_time=2020-02-11T00:12:21Z flow_cell_id=ACE547 protocol_group_id=barcode_test sample_id=barcodes_fish h-(1),h+(1) h1 h-(1),h+(1) h1
292	f51edc22-3aaf-45ee-8861-ad1dbad562ef runid=ed1de13037eb1bcfeefc20d46af38743bdac68e6 read=56997 ch=94 start_time=2020-02-11T02:38:43Z flow_cell_id=ACE547 protocol_group_id=barcode_test sample_id=barcodes_fish H-(2,9),H+(2,10) h1 H-(2,9),H+(2,10) h1
101	30164762-e676-4564-a58b-279b6cf3f8fd runid=ed1de13037eb1bcfeefc20d46af38743bdac68e6 read=3481 ch=122 start_time=2020-02-10T17:30:37Z flow_cell_id=ACE547 protocol_group_id=barcode_test sample_id=barcodes_fish H-(1,8),H+(2,11) h1 H-(1,8),H+(2,11) h1
101	b1ce97cc-3404-48d2-8dc5-45a104b36b1e runid=ed1de13037eb1bcfeefc20d46af38743bdac68e6 read=17657 ch=96 start_time=2020-02-10T17:37:53Z flow_cell_id=ACE547 protocol_group_id=barcode_test sample_id=barcodes_fish H-(3,9),H+(3,5) h1 H-(3,9),H+(3,5) h1
101	7983bc57-c0df-4988-b833-ef1e0a48fd31 runid=ed1de13037eb1bcfeefc20d46af38743bdac68e6 read=21239 ch=93 start_time=2020-02-10T18:38:09Z flow_cell_id=ACE547 protocol_group_id=barcode_test sample_id=barcodes_fish H-(3,11),H+(0,9) h1 H-(3,11),H+(0,9) h1
101	97f95c56-b751-4ffb-9101-0f89be6d17dd runid=ed1de13037eb1bcfeefc20d46af38743bdac68e6 read=416 ch=4 start_time=2020-02-10T15:36:50Z flow_cell_id=ACE547 protocol_group_id=barcode_test sample_id=barcodes_fish H-(2,9),h+(1,-1) h1 H-(2,9),h+(1,-1) h1
101	5543fa41-9403-477f-83c1-335beb567e67 runid=ed1de13037eb1bcfeefc20d46af38743bdac68e6 read=20343 ch=122 start_time=2020-02-10T19:52:53Z flow_cell_id=ACE547 protocol_group_id=barcode_test sample_id=barcodes_fish H-(3,10),H+(0,6) h1 H-(3,10),H+(0,6) h1
101	74d238bd-358b-4f72-9528-fae18cb1827e runid=ed1de13037eb1bcfeefc20d46af38743bdac68e6 read=18136 ch=58 start_time=2020-02-10T18:26:35Z flow_cell_id=ACE547 protocol_group_id=barcode_test sample_id=barcodes_fish h-(3),h+(2) h1 h-(3),h+(2) h1
101	e9d2b830-6eb5-47da-820f-155eba5c759b runid=ed1de13037eb1bcfeefc20d46af38743bdac68e6 read=9409 ch=46 start_time=2020-02-10T23:47:09Z flow_cell_id=ACE547 protocol_group_id=barcode_test sample_id=barcodes_fish H-(1,10),H+(0,9) h1 H-(1,10),H+(0,9) h1
82	74cdd7d3-fe6e-4b46-865c-675c13407daf runid=ed1de13037eb1bcfeefc20d46af38743bdac68e6 read=47580 ch=108 start_time=2020-02-10T22:36:34Z flow_cell_id=ACE547 protocol_group_id=barcode_test sample_id=barcodes_fish H-(3,11),H+(2,10) h1 H-(3,11),H+(2,10) h1
82	ca7f8b53-6748-4fa3-935f-4b1c86a24575 runid=ed1de13037eb1bcfeefc20d46af38743bdac68e6 read=92 ch=64 start_time=2020-02-10T15:33:36Z flow_cell_id=ACE547 protocol_group_id=barcode_test sample_id=barcodes_fish H-(1,11),H+(2,9) h1 H-(1,11),H+(2,9) h1
82	c2dea6da-437a-4b11-a9d1-c623c4b8955e runid=ed1de13037eb1bcfeefc20d46af38743bdac68e6 read=63718 ch=17 start_time=2020-02-11T02:45:03Z flow_cell_id=ACE547 protocol_group_id=barcode_test sample_id=barcodes_fish H-(2,8),H+(2,7) h1 H-(2,8),H+(2,7) h1
82	425aaf38-f8d2-46dd-8f94-916214555243 runid=ed1de13037eb1bcfeefc20d46af38743bdac68e6 read=18196 ch=121 start_time=2020-02-10T18:11:47Z flow_cell_id=ACE547 protocol_group_id=barcode_test sample_id=barcodes_fish H-(1,10),H+(1,7) h1 H-(1,10),H+(1,7) h1
82	5974e4aa-69d9-4c1b-b0c9-82126e9e608e runid=ed1de13037eb1bcfeefc20d46af38743bdac68e6 read=18650 ch=108 start_time=2020-02-10T18:13:00Z flow_cell_id=ACE547 protocol_group_id=barcode_test sample_id=barcodes_fish h-(1),h+(3) h1 h-(1),h+(3) h1
82	0814efe2-4177-4aa9-9e43-17881787f9ff runid=ed1de13037eb1bcfeefc20d46af38743bdac68e6 read=29000 ch=69 start_time=2020-02-10T19:48:32Z flow_cell_id=ACE547 protocol_group_id=barcode_test sample_id=barcodes_fish H-(0,7),h+(3,-1) h1 H-(0,7),h+(3,-1) h1
122	c68e8f44-f27e-4b20-9406-70a4efde0322 runid=ed1de13037eb1bcfeefc20d46af38743bdac68e6 read=48173 ch=108 start_time=2020-02-10T22:41:43Z flow_cell_id=ACE547 protocol_group_id=barcode_test sample_id=barcodes_fish H-(3,10),H+(2,8) h1 H-(3,10),H+(2,8) h1
122	0fd6add9-68c2-44b9-8dfb-0f2c8c41f641 runid=ed1de13037eb1bcfeefc20d46af38743bdac68e6 read=59407 ch=43 start_time=2020-02-11T00:43:24Z flow_cell_id=ACE547 protocol_group_id=barcode_test sample_id=barcodes_fish h-(1),h+(1) h1 h-(1),h+(1) h1
122	0d8ff958-62fb-4545-b455-09185927ec0e runid=ed1de13037eb1bcfeefc20d46af38743bdac68e6 read=9445 ch=84 start_time=2020-02-10T18:17:31Z flow_cell_id=ACE547 protocol_group_id=barcode_test sample_id=barcodes_fish h-(1),h+(2) h1 h-(1),h+(2) h1
122	555a0b95-f92f-47a7-832b-aa3a9b4d3e0f runid=ed1de13037eb1bcfeefc20d46af38743bdac68e6 read=17206 ch=122 start_time=2020-02-10T19:24:12Z flow_cell_id=ACE547 protocol_group_id=barcode_test sample_id=barcodes_fish h-(2),h+(2) h1 h-(2),h+(2) h1
122	4badff18-7dbc-4b5c-8f22-058694cf6b9e runid=ed1de13037eb1bcfeefc20d46af38743bdac68e6 read=34693 ch=43 start_time=2020-02-10T20:47:52Z flow_cell_id=ACE547 protocol_group_id=barcode_test sample_id=barcodes_fish H-(3,11),H+(0,9) h1 H-(3,11),H+(0,9) h1
122	a0e9c81d-4fbd-4802-9c09-b6d2abb0713c runid=ed1de13037eb1bcfeefc20d46af38743bdac68e6 read=29363 ch=61 start_time=2020-02-10T19:54:34Z flow_cell_id=ACE547 protocol_group_id=barcode_test sample_id=barcodes_fish H-(1,10),H+(0,9) h1 H-(1,10),H+(0,9) h1
182	0a513fc5-5ac4-4b2d-a70a-d947981b26bf runid=ed1de13037eb1bcfeefc20d46af38743bdac68e6 read=37545 ch=58 start_time=2020-02-10T21:35:17Z flow_cell_id=ACE547 protocol_group_id=barcode_test sample_id=barcodes_fish h+(0),h-(0) h1 h+(0),h-(0) h1
182	c119c231-1123-4f22-9957-dbb32122df38 runid=ed1de13037eb1bcfeefc20d46af38743bdac68e6 read=55882 ch=41 start_time=2020-02-11T00:11:09Z flow_cell_id=ACE547 protocol_group_id=barcode_test sample_id=barcodes_fish H+(0,9),h-(2,-1) h1 H+(0,9),h-(2,-1) h1
182	d5b0c466-c28d-46d9-b563-810289e2b8c2 runid=ed1de13037eb1bcfeefc20d46af38743bdac68e6 read=13319 ch=89 start_time=2020-02-10T17:26:40Z flow_cell_id=ACE547 protocol_group_id=barcode_test sample_id=barcodes_fish H+(0,9),h-(3,-1) h1 H+(0,9),h-(3,-1) h1
182	16c4b452-1d2b-42be-a635-25c26bb38725 runid=ed1de13037eb1bcfeefc20d46af38743bdac68e6 read=36012 ch=26 start_time=2020-02-10T20:38:52Z flow_cell_id=ACE547 protocol_group_id=barcode_test sample_id=barcodes_fish h+(0),h-(2) h1 h+(0),h-(2) h1
182	023b7721-f2e5-4a15-8e7a-e53099124585 runid=ed1de13037eb1bcfeefc20d46af38743bdac68e6 read=35049 ch=45 start_time=2020-02-10T20:50:51Z flow_cell_id=ACE547 protocol_group_id=barcode_test sample_id=barcodes_fish H+(3,10),h-(1,-1) h1 H+(3,10),h-(1,-1) h1
182	693551d7-67a3-48cb-9958-970d37a281b3 runid=ed1de13037eb1bcfeefc20d46af38743bdac68e6 read=51570 ch=84 start_time=2020-02-11T00:29:40Z flow_cell_id=ACE547 protocol_group_id=barcode_test sample_id=barcodes_fish h+(2),h-(2) h1 h+(2),h-(2) h1
291	0338d503-74da-4459-98fe-c2b15e6373dc runid=ed1de13037eb1bcfeefc20d46af38743bdac68e6 read=70043 ch=108 start_time=2020-02-11T02:07:35Z flow_cell_id=ACE547 protocol_group_id=barcode_test sample_id=barcodes_fish H-(3,11),H+(3,11) h1 H-(3,11),H+(3,11) h1
291	d16a5f9a-3907-454d-a8ce-2b3955d6cafb runid=ed1de13037eb1bcfeefc20d46af38743bdac68e6 read=51367 ch=35 start_time=2020-02-11T00:35:32Z flow_cell_id=ACE547 protocol_group_id=barcode_test sample_id=barcodes_fish h-(2),h+(1) h1 h-(2),h+(1) h1
291	2bb2dae3-2fcf-42f5-843d-87e26b22533c runid=ed1de13037eb1bcfeefc20d46af38743bdac68e6 read=15579 ch=84 start_time=2020-02-10T19:11:41Z flow_cell_id=ACE547 protocol_group_id=barcode_test sample_id=barcodes_fish h-(3),h+(3) h1 h-(3),h+(3) h1
291	57b70aaf-32e4-48c1-af0d-be245c9289a8 runid=ed1de13037eb1bcfeefc20d46af38743bdac68e6 read=63002 ch=45 start_time=2020-02-11T01:14:02Z flow_cell_id=ACE547 protocol_group_id=barcode_test sample_id=barcodes_fish H-(2,10),H+(2,8) h1 H-(2,10),H+(2,8) h1
291	abeed222-8984-4c80-8fab-4f647e8b56c6 runid=ed1de13037eb1bcfeefc20d46af38743bdac68e6 read=13367 ch=93 start_time=2020-02-10T17:24:58Z flow_cell_id=ACE547 protocol_group_id=barcode_test sample_id=barcodes_fish h-(1),h+(2) h1 h-(1),h+(2) h1
291	b7496e82-8d8d-4247-8f17-b2e8f52cfb78 runid=ed1de13037eb1bcfeefc20d46af38743bdac68e6 read=60092 ch=61 start_time=2020-02-11T00:27:52Z flow_cell_id=ACE547 protocol_group_id=barcode_test sample_id=barcodes_fish H-(2,8),H+(1,9) h1 H-(2,8),H+(1,9) h1
148	56fec209-d8c7-46b6-8409-440c0d439c58 runid=ed1de13037eb1bcfeefc20d46af38743bdac68e6 read=54575 ch=81 start_time=2020-02-10T23:27:12Z flow_cell_id=ACE547 protocol_group_id=barcode_test sample_id=barcodes_fish H+(2,11),h-(3,-1) h1 H+(2,11),h-(3,-1) h1
148	5280ad26-bd0e-407b-a5b2-401a69cdc929 runid=ed1de13037eb1bcfeefc20d46af38743bdac68e6 read=2529 ch=51 start_time=2020-02-10T15:52:12Z flow_cell_id=ACE547 protocol_group_id=barcode_test sample_id=barcodes_fish h+(0),h-(2) h1 h+(0),h-(2) h1
148	b5913bce-7ce1-4def-bb33-08f93f86398a runid=ed1de13037eb1bcfeefc20d46af38743bdac68e6 read=4591 ch=34 start_time=2020-02-10T16:10:17Z flow_cell_id=ACE547 protocol_group_id=barcode_test sample_id=barcodes_fish H+(0,9),H-(2,10) h1 H+(0,9),H-(2,10) h1
148	f35f92af-db24-40a7-b7ba-28f206178696 runid=ed1de13037eb1bcfeefc20d46af38743bdac68e6 read=77230 ch=8 start_time=2020-02-11T02:44:08Z flow_cell_id=ACE547 protocol_group_id=barcode_test sample_id=barcodes_fish H+(3,10),h-(3,-1) h1 H+(3,10),h-(3,-1) h1
148	ba5e847f-64b6-4c98-826b-9f1f60409784 runid=ed1de13037eb1bcfeefc20d46af38743bdac68e6 read=50906 ch=61 start_time=2020-02-10T23:04:56Z flow_cell_id=ACE547 protocol_group_id=barcode_test sample_id=barcodes_fish H+(2,8),H-(3,11) h1 H+(2,8),H-(3,11) h1
257	0d4aa99b-c273-4c70-8581-8340b751cef5 runid=ed1de13037eb1bcfeefc20d46af38743bdac68e6 read=58008 ch=17 start_time=2020-02-11T01:57:03Z flow_cell_id=ACE547 protocol_group_id=barcode_test sample_id=barcodes_fish h+(1),h-(1) h1 h+(1),h-(1) h1
257	bb261abc-56b8-446f-92bd-f25985d3b1bf runid=ed1de13037eb1bcfeefc20d46af38743bdac68e6 read=29165 ch=29 start_time=2020-02-10T19:56:30Z flow_cell_id=ACE547 protocol_group_id=barcode_test sample_id=barcodes_fish H+(0,9),H-(3,9) h1 H+(0,9),H-(3,9) h1
257	c9b2eff9-85f4-42e2-9138-089385cfee90 runid=ed1de13037eb1bcfeefc20d46af38743bdac68e6 read=74147 ch=45 start_time=2020-02-11T02:54:11Z flow_cell_id=ACE547 protocol_group_id=barcode_test sample_id=barcodes_fish H+(2,10),H-(0,10) h1 H+(2,10),H-(0,10) h1
257	b5485a0c-7ff0-46a1-b122-54a0c0e90a3b runid=ed1de13037eb1bcfeefc20d46af38743bdac68e6 read=68225 ch=105 start_time=2020-02-11T01:36:56Z flow_cell_id=ACE547 protocol_group_id=barcode_test sample_id=barcodes_fish h+(1),h-(2) h1 h+(1),h-(2) h1
257	9d483da3-f2be-449b-9074-6e0c91ec79b2 runid=ed1de13037eb1bcfeefc20d46af38743bdac68e6 read=23077 ch=60 start_time=2020-02-10T18:50:08Z flow_cell_id=ACE547 protocol_group_id=barcode_test sample_id=barcodes_fish H+(1,10),H-(1,10) h1 H+(1,10),H-(1,10) h1
52	dc93ecce-243b-4512-a320-77d7dba6282d runid=ed1de13037eb1bcfeefc20d46af38743bdac68e6 read=12656 ch=68 start_time=2020-02-10T17:18:02Z flow_cell_id=ACE547 protocol_group_id=barcode_test sample_id=barcodes_fish H-(0,9),H+(3,8) h1 H-(0,9),H+(3,8) h1
52	346b174a-6f86-4646-83c5-020b9157bb8d runid=ed1de13037eb1bcfeefc20d46af38743bdac68e6 read=4072 ch=110 start_time=2020-02-10T16:05:49Z flow_cell_id=ACE547 protocol_group_id=barcode_test sample_id=barcodes_fish H-(2,11),H+(2,11) h1 H-(2,11),H+(2,11) h1
52	d1ff5441-4e1c-4816-8a7d-2f5ebff4b1cb runid=ed1de13037eb1bcfeefc20d46af38743bdac68e6 read=20121 ch=105 start_time=2020-02-10T18:13:36Z flow_cell_id=ACE547 protocol_group_id=barcode_test sample_id=barcodes_fish H-(0,9),h+(1,-1) h1 H-(0,9),h+(1,-1) h1
52	593b6fb0-e469-4b03-bd9f-d116e6db72d0 runid=ed1de13037eb1bcfeefc20d46af38743bdac68e6 read=12261 ch=93 start_time=2020-02-10T17:15:26Z flow_cell_id=ACE547 protocol_group_id=barcode_test sample_id=barcodes_fish H-(0,9),H+(2,8) h1 H-(0,9),H+(2,8) h1
132	d4c1ca53-7a29-40bf-ae68-3fda9afb04f7 runid=ed1de13037eb1bcfeefc20d46af38743bdac68e6 read=56314 ch=96 start_time=2020-02-10T23:14:10Z flow_cell_id=ACE547 protocol_group_id=barcode_test sample_id=barcodes_fish h-(0),h+(1) h1 h-(0),h+(1) h1
132	7bf1e991-9361-4a30-97ad-22e87cde9e21 runid=ed1de13037eb1bcfeefc20d46af38743bdac68e6 read=32467 ch=41 start_time=2020-02-10T20:30:15Z flow_cell_id=ACE547 protocol_group_id=barcode_test sample_id=barcodes_fish H-(1,7),h+(2,-1) h1 H-(1,7),h+(2,-1) h1
132	c6c69edf-a0da-4e41-9b40-45faf5095261 runid=ed1de13037eb1bcfeefc20d46af38743bdac68e6 read=59168 ch=58 start_time=2020-02-11T01:03:08Z flow_cell_id=ACE547 protocol_group_id=barcode_test sample_id=barcodes_fish h-(1),h+(2) h1 h-(1),h+(2) h1
132	2465646c-3895-4cfd-8cf9-f520f2701230 runid=ed1de13037eb1bcfeefc20d46af38743bdac68e6 read=34257 ch=81 start_time=2020-02-10T20:24:34Z flow_cell_id=ACE547 protocol_group_id=barcode_test sample_id=barcodes_fish h-(1),h+(3) h1 h-(1),h+(3) h1
238	c3e8a177-2f56-4ec0-a012-aa582ed8e9cd runid=ed1de13037eb1bcfeefc20d46af38743bdac68e6 read=49157 ch=83 start_time=2020-02-10T23:50:18Z flow_cell_id=ACE547 protocol_group_id=barcode_test sample_id=barcodes_fish H+(1,9),h-(0,-1) h1 H+(1,9),h-(0,-1) h1
238	ff448207-9c7b-46db-a1e3-699f58d1706a runid=ed1de13037eb1bcfeefc20d46af38743bdac68e6 read=73554 ch=69 start_time=2020-02-11T02:23:23Z flow_cell_id=ACE547 protocol_group_id=barcode_test sample_id=barcodes_fish h+(0),h-(2) h1 h+(0),h-(2) h1
238	d8ec3dfe-c80f-4cd1-89a4-54640cf0f9e6 runid=ed1de13037eb1bcfeefc20d46af38743bdac68e6 read=26882 ch=64 start_time=2020-02-10T20:21:00Z flow_cell_id=ACE547 protocol_group_id=barcode_test sample_id=barcodes_fish H+(3,7),h-(3,-1) h1 H+(3,7),h-(3,-1) h1
238	9a0510c6-d0b7-464c-855f-53b1866a71f5 runid=ed1de13037eb1bcfeefc20d46af38743bdac68e6 read=40616 ch=34 start_time=2020-02-10T21:28:31Z flow_cell_id=ACE547 protocol_group_id=barcode_test sample_id=barcodes_fish h+(1),h-(3) h1 h+(1),h-(3) h1
36	61ae227c-f10a-47fe-b8a0-dd0a19fe283b runid=ed1de13037eb1bcfeefc20d46af38743bdac68e6 read=284 ch=68 start_time=2020-02-10T15:35:27Z flow_cell_id=ACE547 protocol_group_id=barcode_test sample_id=barcodes_fish H-(2,10),H+(1,8) h1 H-(2,10),H+(1,8) h1
36	2234feed-7556-47de-8891-6a4fd81df289 runid=ed1de13037eb1bcfeefc20d46af38743bdac68e6 read=17920 ch=75 start_time=2020-02-11T00:43:19Z flow_cell_id=ACE547 protocol_group_id=barcode_test sample_id=barcodes_fish h-(1),h+(2) h1 h-(1),h+(2) h1
36	7b3e6a76-0189-46f3-b842-be020efc10bc runid=ed1de13037eb1bcfeefc20d46af38743bdac68e6 read=21446 ch=96 start_time=2020-02-10T18:10:31Z flow_cell_id=ACE547 protocol_group_id=barcode_test sample_id=barcodes_fish h-(0),h+(2) h1 h-(0),h+(2) h1
65	b26d2144-3bc5-42ad-b087-95d1f3e4f169 runid=ed1de13037eb1bcfeefc20d46af38743bdac68e6 read=4798 ch=59 start_time=2020-02-10T16:13:57Z flow_cell_id=ACE547 protocol_group_id=barcode_test sample_id=barcodes_fish h-(2),h+(3) h1 h-(2),h+(3) h1
65	387c8af0-6f0b-45ea-a74f-04e298f6daab runid=ed1de13037eb1bcfeefc20d46af38743bdac68e6 read=14906 ch=60 start_time=2020-02-10T17:36:44Z flow_cell_id=ACE547 protocol_group_id=barcode_test sample_id=barcodes_fish H-(0,9),h+(2,-1) h1 H-(0,9),h+(2,-1) h1
65	4dff77c7-eb9a-4248-8b0a-7d31ce05cec1 runid=ed1de13037eb1bcfeefc20d46af38743bdac68e6 read=1438 ch=79 start_time=2020-02-10T15:43:34Z flow_cell_id=ACE547 protocol_group_id=barcode_test sample_id=barcodes_fish H-(2,9),H+(3,11) h1 H-(2,9),H+(3,11) h1
168	50267c21-1b04-4962-8137-cf8e43023edd runid=ed1de13037eb1bcfeefc20d46af38743bdac68e6 read=30392 ch=69 start_time=2020-02-10T20:01:04Z flow_cell_id=ACE547 protocol_group_id=barcode_test sample_id=barcodes_fish h+(1),h-(2) h1 h+(1),h-(2) h1
168	97fa0f51-05a7-41a4-8bea-7b474d0180ac runid=ed1de13037eb1bcfeefc20d46af38743bdac68e6 read=62379 ch=96 start_time=2020-02-11T00:09:35Z flow_cell_id=ACE547 protocol_group_id=barcode_test sample_id=barcodes_fish H+(1,11),h-(3,-1) h1 H+(1,11),h-(3,-1) h1
168	9a921f4c-27f7-425f-a560-d047fba05767 runid=ed1de13037eb1bcfeefc20d46af38743bdac68e6 read=45349 ch=29 start_time=2020-02-10T22:26:30Z flow_cell_id=ACE547 protocol_group_id=barcode_test sample_id=barcodes_fish h+(2),h-(3) h1 h+(2),h-(3) h1
201	33d4e33e-0ee7-4bbd-b8ab-8661e41f6db3 runid=ed1de13037eb1bcfeefc20d46af38743bdac68e6 read=59918 ch=34 start_time=2020-02-11T00:19:10Z flow_cell_id=ACE547 protocol_group_id=barcode_test sample_id=barcodes_fish h+(3),h-(0) h1 h+(3),h-(0) h1
201	bd04c773-f4d5-408e-abbb-181ee86d62dc runid=ed1de13037eb1bcfeefc20d46af38743bdac68e6 read=41170 ch=96 start_time=2020-02-10T21:03:56Z flow_cell_id=ACE547 protocol_group_id=barcode_test sample_id=barcodes_fish H+(0,11),h-(3,-1) h1 H+(0,11),h-(3,-1) h1
201	bfddc10f-3a4e-4f8e-8b82-04c168a7b060 runid=ed1de13037eb1bcfeefc20d46af38743bdac68e6 read=64453 ch=60 start_time=2020-02-11T01:12:38Z flow_cell_id=ACE547 protocol_group_id=barcode_test sample_id=barcodes_fish H+(0,9),H-(0,11) h1 H+(0,9),H-(0,11) h1
288	f40f4a2a-2ad5-44dd-96c5-650b47f2186e runid=ed1de13037eb1bcfeefc20d46af38743bdac68e6 read=51706 ch=45 start_time=2020-02-10T23:29:34Z flow_cell_id=ACE547 protocol_group_id=barcode_test sample_id=barcodes_fish h+(0),h-(0) h1 h+(0),h-(0) h1
288	e21bade4-e0e0-422b-bb05-3e78d907b37d runid=ed1de13037eb1bcfeefc20d46af38743bdac68e6 read=61157 ch=64 start_time=2020-02-11T01:59:34Z flow_cell_id=ACE547 protocol_group_id=barcode_test sample_id=barcodes_fish h+(1),h-(0) h1 h+(1),h-(0) h1
288	d842ae0e-4f9e-4736-b9d1-5b05be17ca06 runid=ed1de13037eb1bcfeefc20d46af38743bdac68e6 read=28137 ch=45 start_time=2020-02-10T19:45:31Z flow_cell_id=ACE547 protocol_group_id=barcode_test sample_id=barcodes_fish h+(3),h-(3) h1 h+(3),h-(3) h1
181	9a633aae-7d63-4e4a-8ae6-a0d6d45371c3 runid=ed1de13037eb1bcfeefc20d46af38743bdac68e6 read=1802 ch=120 start_time=2020-02-10T15:45:01Z flow_cell_id=ACE547 protocol_group_id=barcode_test sample_id=barcodes_fish H+(3,10),h-(2,-1) h1 H+(3,10),h-(2,-1) h1
181	4802bd44-0aee-4a94-b54a-58ddd5c4229c runid=ed1de13037eb1bcfeefc20d46af38743bdac68e6 read=74642 ch=61 start_time=2020-02-11T02:30:01Z flow_cell_id=ACE547 protocol_group_id=barcode_test sample_id=barcodes_fish H+(0,11),h-(1,-1) h1 H+(0,11),h-(1,-1) h1
296	d100b803-073b-4b64-9084-61ea86ead104 runid=ed1de13037eb1bcfeefc20d46af38743bdac68e6 read=32583 ch=85 start_time=2020-02-10T20:31:28Z flow_cell_id=ACE547 protocol_group_id=barcode_test sample_id=barcodes_fish H+(1,9),h-(2,-1) h1 H+(1,9),h-(2,-1) h1
296	655bda07-8b51-4bbb-ba36-2c6a3ff304bd runid=ed1de13037eb1bcfeefc20d46af38743bdac68e6 read=67214 ch=106 start_time=2020-02-11T01:42:46Z flow_cell_id=ACE547 protocol_group_id=barcode_test sample_id=barcodes_fish H+(2,8),h-(3,-1) h1 H+(2,8),h-(3,-1) h1
16	303a2742-8c4a-4338-891d-63825a1a82e9 runid=ed1de13037eb1bcfeefc20d46af38743bdac68e6 read=11431 ch=75 start_time=2020-02-10T23:31:05Z flow_cell_id=ACE547 protocol_group_id=barcode_test sample_id=barcodes_fish H-(1,7),h+(0,-1) h1 H-(1,7),h+(0,-1) h1
34	b7d44735-b344-4a9f-8876-b32fa47dcde7 runid=ed1de13037eb1bcfeefc20d46af38743bdac68e6 read=40065 ch=121 start_time=2020-02-10T21:46:26Z flow_cell_id=ACE547 protocol_group_id=barcode_test sample_id=barcodes_fish H+(0,9),h-(3,-1) h1 H+(0,9),h-(3,-1) h1
88	01d8c631-5c0e-497c-a021-690cc0a4d331 runid=ed1de13037eb1bcfeefc20d46af38743bdac68e6 read=3211 ch=7 start_time=2020-02-10T15:59:29Z flow_cell_id=ACE547 protocol_group_id=barcode_test sample_id=barcodes_fish H-(1,9),h+(0,-1) h1 H-(1,9),h+(0,-1) h1
164	b02422d2-829e-4309-ac36-ed74c04d905c runid=ed1de13037eb1bcfeefc20d46af38743bdac68e6 read=50301 ch=45 start_time=2020-02-10T23:15:53Z flow_cell_id=ACE547 protocol_group_id=barcode_test sample_id=barcodes_fish h+(1),h-(3) h1 h+(1),h-(3) h1
214	8eef6172-1426-4f33-bd56-6e0046242bae runid=ed1de13037eb1bcfeefc20d46af38743bdac68e6 read=67079 ch=34 start_time=2020-02-11T01:18:44Z flow_cell_id=ACE547 protocol_group_id=barcode_test sample_id=barcodes_fish H+(0,10),h-(2,-1) h1 H+(0,10),h-(2,-1) h1
248	52c34a7b-ad28-4b13-a32a-8a0e77dc6060 runid=ed1de13037eb1bcfeefc20d46af38743bdac68e6 read=24854 ch=8 start_time=2020-02-10T19:04:04Z flow_cell_id=ACE547 protocol_group_id=barcode_test sample_id=barcodes_fish H+(0,11),h-(0,-1) h1 H+(0,11),h-(0,-1) h1
324	146827a5-46b7-4ad8-b516-2e8aa381d3cb runid=ed1de13037eb1bcfeefc20d46af38743bdac68e6 read=49333 ch=121 start_time=2020-02-10T23:16:25Z flow_cell_id=ACE547 protocol_group_id=barcode_test sample_id=barcodes_fish H+(2,8),h-(3,-1) h1 H+(2,8),h-(3,-1) h1
325	8004975a-2c81-49d2-8093-06b4da421abc runid=ed1de13037eb1bcfeefc20d46af38743bdac68e6 read=37110 ch=95 start_time=2020-02-10T21:00:59Z flow_cell_id=ACE547 protocol_group_id=barcode_test sample_id=barcodes_fish H-(1,7),H+(1,10) h1 H-(1,7),H+(1,10) h1
326	64093e6c-8b6a-43b6-bed1-f44d7a99ac9b runid=ed1de13037eb1bcfeefc20d46af38743bdac68e6 read=72456 ch=29 start_time=2020-02-11T02:27:18Z flow_cell_id=ACE547 protocol_group_id=barcode_test sample_id=barcodes_fish H+(3,10),h-(0,-1) h1 H+(3,10),h-(0,-1) h1
328	3033e9ff-34ca-470c-baf9-7336aa537d92 runid=ed1de13037eb1bcfeefc20d46af38743bdac68e6 read=63718 ch=85 start_time=2020-02-11T01:24:34Z flow_cell_id=ACE547 protocol_group_id=barcode_test sample_id=barcodes_fish h-(2),h+(3) h1 h-(2),h+(3) h1
