0	bea8fd6d-e3f7-4d1e-9e44-eb6d181eec2e runid=ed1de13037eb1bcfeefc20d46af38743bdac68e6 read=18026 ch=125 start_time=2020-02-10T18:06:25Z flow_cell_id=ACE547 protocol_group_id=barcode_test sample_id=barcodes_fish H+(3,8),H-(3,11) h1 H+(3,8),H-(3,11) h1_259.0408008092333	GCACCACTTTATCTCGTATTGTTGGTGCCTGAGCCAGCATCAGTCGGAACAGCCTTAAGCCTGCTTTCGGTCGAGCAGGCTAAGTCAGCCTGGTGCACTTCTGGTGATGATCAGAATTTATAATGTGATTGTCACAGCACGCTTTTCGTAATAATTTTCTTTATAGTAATACCACTAATAATTGGAGGCTTCGGAGAAACGGCTCATTCCTCTAATGATTGGTGCCCAGATATGGCTTTCCCTCGAATAAACAACATAGTTTCTGACTTCTTCCTCCATCTTTTCTGCTTCTTTTAGCATCATCTGGAGTAGAAGCTGGAGCAGCTGGGTTGAACTGTTTATCCCCTTTTAAACCTCCAACTCATGCTGGGGCATCTGTTGACCTCACTATTTTTTCTCTTCATCAGCCGGAATTTCATCCAATTCTTGGAGCAATTAATTTTATTACCACAATTATTAATATAAAACCTCCTGCAATTTCACAATATCAAACACCCTTTTGTTTGAGCGGTCCTAATTACGGCTGTGCTTCTGCTATTTCTCTTCCGTCTTGTAGCCGCCGTATCACAATACTTTTAACTGATCGTAACCTCAATACTTCTTTCTTTGATCCTGCTGGAGGAGGTGACCCCATTTTATATCAACATTTATTC	0/00,$#$)'49?9=//-((%1+06;487././*)$%$%$"%$)$,>40''79677.'&%&&&#%-,*)&),-),-.1*53:2-,;64B@.+4<347012761-387662,::,A67;<600-&&'98<>938%-,)$%,-,/2.3855@912**+');D:8*))?=LA==64/-'+,'-&&)-'#--//47,%##*)(*,&13534<05.@666773472/3)''&)*/)($%*')131293+2,9BGB/6;*-004'>D:768555>=C>:;6/;:88>?;;95)$&*25742.+6:<><;EE8>*02.&)(*AED8'-$$(&&&.+:*,,48?54:3+..132(75+.1.000$,$$5<A?=:76%/*;8303-'&(+7>>37158;ADEED5=A@H:?:5*%'#$%'+*<?;46$$;-8,><?@9:/14<4355/7;>@6?@38G?>?557-+,.-.17:70+;==034BBCH>NA-.;>;;:99;7..1102'497.'+'&'%*-7((/5/**-&%%345-4&&')$#')(('(&*)2;>5;24222%'.:@@:<5(1/18-03-&%#''(-32338>;F;AF8<=.<,9CCHQ=A=?FEDD57:++/5;@E>5(2,$)'+%$%%%%&'+&&24633/$479CD55.,	259.0408008092333	0.08874423563017508
274	2d896d3e-3306-4da0-86d9-f9ce6f2c8b1c runid=ed1de13037eb1bcfeefc20d46af38743bdac68e6 read=60828 ch=95 start_time=2020-02-11T00:39:07Z flow_cell_id=ACE547 protocol_group_id=barcode_test sample_id=barcodes_fish H-(2,11),h+(3,-1) h1 H-(2,11),h+(3,-1) h1_101.06794574501724	AGAATAAATATTGATATAAAAATGGGATCACCTCCTCGGCAGAAGGATCAGAAAAGGAGTATTGATTTTGATCAGTTAAAAATATTGTGATACCGCAGCTAAGACGAGGAAGAGATAATAACCCAGAAGCACAGCTGTAATTAGGACACTCAAACAAAACGGGGTGTTTGATATTTATGAAATTGCAGGAGGAGTTTTATATTAATAATTGCGTGGCAAATTAATTGCTCAGAATTGATGAAATTGGCTAGATGAAGAGAAAAGAATAGTGAGGTCAACAGATGCCCCATGAGCGAGGTTTCCAGCTAGGGGATAAACAGTTCAGCCTGTGCCAGCTCAGCTTCTCTCCAGATGGTGCTAAAGAAGCAGAAAGATGGAGGAAAGTGAGAAACTTATGTTGTTTATTCGAGGAAGAAAGCCATGTCTGGGCACCAATCATTGAAGAATGAGTCAGTTTCAAACTCAATTATTAGTGGTATTACTATAAAAGAAAGTATTGCAGCGTGTGCTGTGACAATCACAGTATAAATTTTGATCATCACTAGAAGTGCCAGATTGACCAGCTCTGCTCGAATGAGCGAGGCAAACTATTCCGACTATGCCAGCTCAGGCGCAATACGAGATAAAAAGTGCCG	(-+88:.&$$$'-;3/,9?965--%*#)*++,.8<'6$---,))/48))($)(&$%%&'.1000$$($#122>2147.410,,,.264$%&&%%%"$&%'/(-0&&%(%&.1')559688(%*$**,(#',.1',+*+&&#$&,-+%*10,/3-:CE.%$#%(.:1&A+%$'$$)"%%%10-%-%$%.010*#)%41))'))*2256.-/'-/1$%'22>3<:96=9;)A:(5,,.89886-''*%&+(%&8333384$(94'$&5--*+$$)52A4)377,.()&&&(//,.+((04:>:&860-+,$)*%%$%&$$'/0*620@?=43$*/'1?+<4()),'#"%&/$%1++-;<:>BE/%'%,,--4>3,>=>51/1,3((+-/%),**,-488<85,@<,D8940.4$'&(%&0984,)'3'%&&%$#$$$18/57&&+'/5,,2.*5(/(-',%'%*&/+++-+*,)+,'(-,025<=?>BDB*,40%#/&$$#%&%./8598//58<:9A1-,*&($3.,1/(.0+')((8/;@;<0:(*&%4&$%$)#$+%$#'+&-0<>,(/9**8(((3''%%%''&%%'&*06:,$$,/&&$$&+/36,38%%(,+'(%&%*;5>@:+)6=A;A1	101.06794574501724	0.1446723744291802
200	d0c3051b-3459-4b36-8656-43485d03af4e runid=ed1de13037eb1bcfeefc20d46af38743bdac68e6 read=49921 ch=122 start_time=2020-02-11T00:14:02Z flow_cell_id=ACE547 protocol_group_id=barcode_test sample_id=barcodes_fish h-(0),h+(3) h1 h-(0),h+(3) h1_123.80908528191358	AATCCAGAATAAATGTTGATATAAAATGGGGTCACCTCTCCTTGAGGATCAAGAAAAGTATTGAGTTACGATCAGTTAAAAGTATTGTGATACCGGCGGCTGAACGGGAAGAATATCAGCAAACTGGCGCCAGCCAATTAGGACTGCTCAAACAAAAGGGGTGTTTGATGTTATTGAAATTGCAGGAGGTTTATATTGTAGGTGTGAAGTAATAAAATTAATTGCTCCAAATTGGTAGAAATTCGGCTAGATGAGAGAAAAATGGTAGGGTCAGCAGATGCCCAGCACGCGGAGCAGGGGTTTCTGGCTAAAGAGATAAACAGTTCAGCCTGTGCCAGCTCAGCTTCTACTCAGATGATGCTAAAGCCTTGAGAAAAAGATGGAGGAGAAGAGTAAACTTATGTTGTTTATTCGAGGAAAGCCATGTCTGGGGCACCAATCATTAGAGGAATGAGTCAGTTCCGAAGCCTCAATTATTAGTGGTATTACTATAAAAGAAAAGAGTGAGCGTGTGCTGTGACAATCACATTATAAATTTGATCATCACCTAAAAAGTGCACCAGGTTGAAGCTTAAGCTCTGCTCAGGCAAAACGGACCAAGAACTGTTGACTATGCCGGGCTCAGGCACCAAATACAAAGATAAAGGGTGCCAATATCT	86'':'&(0-?DF<==;BA>E?EE4/%%++&,,/8:.0'(($%)$*0.,9:7(87<19@8232*/%&/23)$=),*,/<7*,6::<:<=9440*,3$$320-)$$%1505.$0)%##%'+,&$&''(%##$'*').&&(%,.*55$$18:6'>BB.&-1,247:DC66++4*&%&'-,*(+*--?A8@48>;:1212%"%$%3%-/)(),,)(-'&(+,,%%')%(*03)%,-')*$#(2+?46,39:?=833)%,$)4464))21+'&67?/*..1(-+&%#%)%%"%&*&%'*+0:'2:A2+*$*)(+.$/"+)'))&((+57A9+97422')*$&8./'(%&%$%&#+357569;=BD5>4(&%$$%$)$5=83$2::<9,7)6&48'%%)&),(()8;;1%1$73$/.20+6.$'$'BC:0/.=5+-2.2302?::C3451*'4,/7&&%)%=(8(,(<(())20+8./,0646,(+)&+1((*.-215;2%''46&%&#($&%/1<::;8:1.$&$-3080-.),4578;&88112:69A;85'')$-.+2'&(**',.?*(&&###$&$$$02.+33@)*)&65+&''(##%*(%%$$').&%20)33182-$$+'/,2,%%%0.0.(($%'$)7665%.),+%138,/2599	123.80908528191358	0.13654198606159507
67	6143c7e8-3426-4250-8c23-3fa225608d4d runid=ed1de13037eb1bcfeefc20d46af38743bdac68e6 read=31808 ch=94 start_time=2020-02-10T20:10:42Z flow_cell_id=ACE547 protocol_group_id=barcode_test sample_id=barcodes_fish h+(2),h-(0) h1 h+(2),h-(0) h1_167.88759530625086	AGCACCTTTATCTCGTATTTGGTGCCTGAGCCGGCATAATCCGGAACAGCCTTAAGCCTGCTCATTCAGGCAGAGCTAAGTCAACCTGGTGCACTTCTAGGTGATGATCAAATTTGTAATGTGGTGTCACAGCACACACTTTCGTAATAATTTTCTCTATAGTAATACCACTAATAATTGGGCTTCAGAGACGGCTCATTCCTCTAATGATTGAGCCCCAGATGTGGCTTTCCCTCAGAATAAACAACACATAAGTTTCTGACTTCTTCCTCCATCTTTCTGCTTTAGCATCATCTGGAGTAGAAGCTGGAGCTGCACAGAGTTGAACTGTTTATCCCCTTTAGCTGGAAGCCTCAACCATGCTAGAGGCATCTGGCCAACCTCACTATTTTTCTCTTCATCTAGCCGGAATTTCATCAATTCTTGGAGCAATTAATTCTATTACCACAATTATTAATATAAAACCTCTCACCAATTTCACAATATCAAACACCCTTTTTGTTTGAGCAGTCTAATTACAGCTGTGCTTCTGCTATTATCTCTTCCGTCTTAATACGCCAGTATCACAATGCAACTGATCGTAACCTCAATGCTTGTGCTTTCTTTGATCCTGGAGGAGTGACCCCATTTATATCAGCATTTATTCTG	,(((*($())23+4.71/4:/?C:??:;82//'*,+'(+'')5:.6583;8774/#..+-0+3./04%%'((+#-215(&03-+8::38A:;C<<+/+#%87/+--,-98)+,-//2*(/*&'%3//6##$+*.*)'$#-3326;JC>?<DC@:8:B>0.0(25(-.68381/.*,&&)+*322/''(($##$%$%&)/5+1,1&('')%$(&######$'&&%#%$$$)4-4.'-(&+1573)01+74%37<87;J6+%,$''+&+,#.)3=7411><7*.'((-9AB=:>4:@=<='.61))(,*+,/%.)((&5770$3%()))+-,1<7.%%0')&,('*'(&''($&&(*&%&15<953$'#12555:9.+***)0215,&-.>?:<;9A3D/3/-<4/))**0,/&9=;;;=62->025*+(%/44355;64<5256186.-.,-0)025.5:8JF9-$$$"$*&&))2)>+6*35862/671&&())',5:=@;4=3,%0/0/*2&(%&'(,/4=;4=0../''&%**()*:;31;3.+(47.2&#%$%(,.,7C.*6'')($#$'$(+**/:),./*&1;</%$$%&"&$#'437>>832,,.-*221'%(,0496:34EHC30-+(%&$%&*2./.,#%	167.88759530625086	0.12877024371424212
132	d4c1ca53-7a29-40bf-ae68-3fda9afb04f7 runid=ed1de13037eb1bcfeefc20d46af38743bdac68e6 read=56314 ch=96 start_time=2020-02-10T23:14:10Z flow_cell_id=ACE547 protocol_group_id=barcode_test sample_id=barcodes_fish h-(0),h+(1) h1 h-(0),h+(1) h1_140.8713184928929	GAACCGAATAAATGTTGATGTAAAGATAGGGTCACCTCCTCCAGCAGGATCAAGAAAGAAATATTGAGTTGCGATCAGTTAAAAGTATTGTGATACCGGCAGCTAGGAGCGGAAGAGATAATAAACAGAAGCACAGCTGTAGTAGGACACCTCAAACAAAAGGTGTTTGATATTGTGTAGAAATTGCAGGAAGCTTTATATTAATAATTGTGGTAATAAAATTAATTGCTCAAGAATTGATGAGAATTCAAGCTAGATGAAGAGAGAAAAATGAGTGGTCAGCAGATGCCCCAACCTCGACGAGTTCCAGCTAAAGGGAGGATAAACAGTTCAGCCTGTGCCAGCTTAACTACTCGAATGATGCTAAAGAAGCAGAGAAAAGATGAGAAAAATCGAAACATGTTGTTTATTCGAGGAAAGCCATATCTGGGAACAATCATTAGAGGAATGAGTCAGTTTCGAGCCTCCAATTATTAGTAAGGTATTACTATAAAGAAAGTATTACGAAAGCGTGTGCTGTGTAACAGAAATCACATTATAAATTTGATCATCACTAGAAGTGCACCAGGTTGACAGCTCTGCTCGAATGAGCAGGCCAGACCTATTCCGACTATGCCGCTCGGGCACCAAATACGAGATAAAGGGTGTAA	)2.,'%'08996((603//,*,1,%($$'+1-2+*,,*541<00//.:*&<5,)8-)*63,77;;;(6&*%)-53?*>*+2<1*')))+/,''+'$$$($%/++*%)%#*(3(4***;;;749-'*+%$-$+.239;=)).*8%5;,%%$$'*/+*2;H=.)'7&','6832(*%&%%)(+.*)+*11(*+*./+16911/06:56**-)0+4<CA<DC2-&,68:=<>-4.*%,'134513&('*#-))%%%%)9D664-2*$%&0)A>3%%#,,(&42(.-246-*'$$#)&&$$#$%#$#*$($53:@=:1,**'$/:2.49.55>6<>1,-+,+3)&2*+***-('/)$(2%%6111/1,0-;2&''*-/0-%5=2%24)(%%*&$)&'-$$+-)6///,/'479<66'&/2#)-,:A/--470+$,$$+55?C2?>3*13-+46531)4.-1=-1&,*.-/%?5-,.*'($)/''&%*1-18777221)%$%%)21-.,$$$+((8;>85;<>3&,$+')*),*017,2447:4=2.57(/3=@53337/-,(&)7($$%+).-8+/''-+))**-8270//('',,+1+'')%$$$+'000-*&(,1*))''1/6,21--&00'2--/138@=@C+'&%5*)-+	140.8713184928929	0.11685939662002585
135	3357521c-9d7e-419d-aba5-3f92ed7fad1c runid=ed1de13037eb1bcfeefc20d46af38743bdac68e6 read=12599 ch=40 start_time=2020-02-10T17:16:30Z flow_cell_id=ACE547 protocol_group_id=barcode_test sample_id=barcodes_fish H+(0,7),h-(3,-1) h1 H+(0,7),h-(3,-1) h1_140.04369645433093	CTGCTTATCTCATGTTGGTGCCTGAGCCGTAGCATAGTCAGGGTGACCTTAAGCCTACTCGGCTGAAACAGAGCTAAGTCAACCTGGTGCACTTCTAGGTGATAGTCAAATTTATAATGTGATTGTCACAGCGCCTTCATGTAATTTCTTATAGTAATACCACTAATAATTGAAAGCCTGACGGCTCATTCCTCTAATGATTGGTGCCCCAGATATATTTCCCTCAGATAAACAACATAAGTTCTGACAGCACACTCCATCTTTCTCCAACTATTTGGCATCATCTGGAGTAGAAGCTGGAGCTGGCACAGGTTGAACTGTTTTATCCCCCTTTGGCACATTTGCTCATGCTGGGGCATCTGTTGACCTCACTATTTTTCTCTTCATCTAGCCAAAGAATTTCATCAATTCTTGGAGCAGGTAATTTTATTACCACAATTATTAATATAAAACCTCCTACAATTTCTAATATCAAACACCCCCTTTTTGTTTGAGCAGTCCTAATTACTGGCTGTGCTTCTGCAATATCTCTTCCCGTCTTAGCCATAGGTATCACATTAACTTTTTAACTGATCGTAACCTCAATAACTGCTCTTTGATCCTGCTGGAGGGTGACCCCATTTTATATCAGCATTTATTCT	.2-$%12;92>+++536/,,-/,../3'%#$%&*4597:'0&)*,'%&%,+)%%&%#&-.($*)('&#(+)&5956,(56%#/'/*.7-)*)7<;438;>;,%%%+:42.,1/4016,,-;3<>;7:**+)*,121//%%$&&$$%&'%&'',%,9633213,%(1,4+,,'#%$$"##&%*.(69>59;#((7,,*&'%'9(6;%--,$&&%$%$#)+73:&*)%%'$&)&,/*.-/1'(),(%)%$$"$#%%&0=CDCEJI33$#%'$&,$&-&$--0=?2&&&&+$12+%'&%,-/3(32,)66323-(3&23651+)70&/..9.-'$.2)(%$$$#%+%.:;4/(/0/7=AB64?@;?=@76//4-44;FGFC4132?B)0-:<-&$%''%$/%89771141<0?>=;,(*&,+%%,030;=:4+.5/-,-...1-')-373157?/517)-'#$%'#+/,$'%0./*44$%,11440(;>@A29@<;7:9:A''A02++-,%%&+$&,((((2//&&%$/2<=59C(*.16@EB?&0/0($$)09/*7+*+#%$$%.0124:75:9/,,&)/,214=5'((#%+#")'-*$'*--0.*$('/19,.384771*,/1.-0&*'<1%414>?667.-	140.04369645433093	0.13699478479719038
74	7c045578-7837-4018-ba26-f2a79b36c518 runid=ed1de13037eb1bcfeefc20d46af38743bdac68e6 read=75 ch=54 start_time=2020-02-10T15:33:30Z flow_cell_id=ACE547 protocol_group_id=barcode_test sample_id=barcodes_fish h-(1),h+(3) h1 h-(1),h+(3) h1_165.69833885423634	AAGAATCAGAATAAATGTTGATATAAAATGGTCACCTCTCGTAGGATCAAAGAAAGAAGTATTGAGGTTACGATCGGGTGTTAGTATTGGCGATACCGGCGGCTAAGCAGGAAGAAGATAATAGCAAACTGCTTTGTAGTAGGACTGCTCAAACAAAGTGTTTGATATTGTGAAGTGCAGGAGGGTTTTATATTAATAATTGTGGTAATAAATTAATTGCTCCAGAGTGATGAAATTCCCGGCTAGATGAGAGAGAAAAATAGTGGGTCAGCAGATGCCCCAGCATGACAGAGTTTTCCAGCTAAGGATAAACAGTTCAACTGTGCCGGCTCCAGCTTCTACTCAGATGATGCTAAAGAAGCGAAGAGGAAGAAGTCAGAAACTATGTTGTTTGTTTAGGAAAGCCATATCTGAACAATCATTAGAGGAATGAGTCAGTTTCGAAAGCCTCAATTATTAGTGGTATTACTATAAAGAAAATTATTACGGCGTGTGCCAGCTGACAATCACATTATAAATTTGATCATCACCTAGAAGTGCACCAGGTTGACTTAGCTCTGCTCGAATGAGCAGGAGGCAAGGCTGTTCCGACTATGCCGGCTCAGGCACCAAATACGAATAAAAGGGTGCC	3-+80)<,)/79==4-,5+9/11//++,-+'%/$''*(%$$#(-14.=/,&&++*'(+*889:;836>2.28..+&)%&$%&'%**-3/0'+22*'$,/((57420%$$-88@4*%')173-0)(')$#%%"$%-%,-/1./44370??=@;49<2.-0)&973.**+02,///$+%#%67-4:6'59:?CD99F@;<''*&804:8(&)/9%?@))+(+0)?6('$;:9:9/38<5&-#$%&04:E432&+'2*35@C-))'2+(1+(%$%-,((+///'497761$%%'#.$)754>B8DCF?)-CAE?*..;211/&)(,52//-)00)388&&/82-%(73;D?A;>>>8?B*+0*1'''7-;<*&/$,*.*3/,//'$//=>:9<->(%$%%&)(+2'(>?7<5242)#%,/-//%&&.//2C2D,,-1,7+3,/-=)*25,87+8(%$&*&'%,9;<@;;<0''029B3'&62-).7584((275;06)&&&##$'*,%%/0%',,.4)7'8::6415?;:*/:;0/.-.9@60106)-12.2('''3,48<>1'*-5-*)*(,((+2&.%'**%&%)0%-*,%$)/68897,3<.=567468B4+*(('((.*8=+%)&13.,.	165.69833885423634	0.10679819638180495
201	33d4e33e-0ee7-4bbd-b8ab-8661e41f6db3 runid=ed1de13037eb1bcfeefc20d46af38743bdac68e6 read=59918 ch=34 start_time=2020-02-11T00:19:10Z flow_cell_id=ACE547 protocol_group_id=barcode_test sample_id=barcodes_fish h+(3),h-(0) h1 h+(3),h-(0) h1_123.15195221872399	ACATTGGCACCCTTTATCTCTGTTGGTGCCTGAGCCGGCATGAGATGGAACAGCCTTAGCCTGCTCATTCGGCAGAGCTAGAAGTGGTCAGCCTGGTGCATTCTAGGTGATGATGGAATTTATAATGCGATTGTCACAGCACACGCTTTCGTAATAATTTTCTTTATAGTAATACCACTAATAATTTGGAGGAAGCTGAGAGCGAGCTCATTCCTCTAATGATTGGTACTTGGAGATATGCTTTCCTCGAAGATAAACTTAGCATAAGTTTCTGACTTCTTCCTCCATCTTTTCTGCTTCTTTTGGCATCATCTGGAGTGAAGCTGGAGCTGCTGGGTTGAACTGTTTATCCTTTAGCTGGAAACTACCTCCTTTCATGCACAGAAGTCTGGTGACCTCACTATTTTTCTCTTCATCACAGCCGGAATTTCATCAATTCTTGAGCAATTAATTTTATTACCACAATTATTAATATAAAACCTCTGCGAATTTCAGTATCTAAACACCCCGCTTTTGTTTCGAGCAGTCCTAATTACAGCTGTTAAGCTATACTTCTCTTCCCGTCTTAGCCGCCGGTATCTGTCCGCGCAACCTGATCATGACCTCAATACTTCTTTCTTTGTGTGATCCTGCTGGAGAGGTGACCCATTTTATATCCCAACATTTATTCTGAT	#$%'*+::80/&$&*1;:3:,6226=<472230.+%(.-/%%%%$&(:458946,//%%../42089?23-&&&(#./.%#%%%#).14/%33+,(0$&$&-'%#(4B00544''*%&$((4//(-($%%020-,$%%/+,&.,)%'582()65/449@A98B?=0''',*'+05056296&8758/6924)'$$$#$$#%$&&$,/00$(,&).60('&*$#$)+2+---/+'%'**&&#&(/+-//,.+'5471'"##+$')(0.4,005,9:KJIAE<++.:D@ABJK?3')%"%/3673-%*-3+//.4-/(%'+'%&++,*+&),-)&'$-5<2005:75.53//0-*,%#&%2)'%)*$$)/01*+)*61**,((()(%%$$))+*-)*12*41351$7896+/;C>>,'.%'*(/,+',(48+8729/.,@9<<3'$&*#$(/.2866-./,+',,-$(-**-++./-/23-8:+1$%#$&%34/+&$%&$%#)*$%&)(('$#./219/0)%$$1..8**15/+*0./29:;08*(%$*,'%%#$(#),,:<@70//-0/'(')()&.41.82.(&#$#$&,('$%)),/&'(*''+7.>85&&71.1@8::3(*$&/6350788:66,-$*(,%$$##%(())+&3//A.-$;>ADH3926075-	123.15195221872399	0.15395285763604732
16	303a2742-8c4a-4338-891d-63825a1a82e9 runid=ed1de13037eb1bcfeefc20d46af38743bdac68e6 read=11431 ch=75 start_time=2020-02-10T23:31:05Z flow_cell_id=ACE547 protocol_group_id=barcode_test sample_id=barcodes_fish H-(1,7),h+(0,-1) h1 H-(1,7),h+(0,-1) h1_204.30225680400324	AGAATAAATGTTGATATAAAATGAGGTCACCTCCCTCCAGCAGGATCAGAAAAGTGTGATTACGATCAGTTAAAAATATTGTGATACCGGCGGCTAAGACAGGAAGATAATAGAAACTTTGGCTGTAGTAGGACTGCTTTTCAGAAACAAAAGGTGTTTGATGTTAATGGCAGAAATTGCAGGAGGTTTTATATTAATAATTGTGGTAATAAAATTAATTGCTCAAAAATTGATGAAATTCCGGCTAGATGAAGAGAAAAAAATGGTAGAGATCACAGCAGATGCCCAGCATGAGCAGGTTTCAGCTAAAGGGGATAAACAGTTCAGCCTGCGCCAGCTCAGCTTCTACTCAGATGATGCTAAAAGCAGAAAAAGATGGAGGAAGAGTCAGAAACTTATGAAATTGTTTATTCAGGGAAAGCCATATCTGGGGCACCAATCATTAGAGGAATGAGTCAGTTTCGAAGCCTCAATTATTAGTGGTATTACTATAAAGAAAATTATTACGAAAGCGTGTGCTGTGACAATCACATTATAAATTTGATCATCACCTAGAAGTCTTTCCAGGTTGACAGCTCTGCTCGAATATGAGCAGGCAAGGCTGTTCCGACTATGCCAGCTCAGATTGCAAATACAGAGATAAGGGTGCCGATATGC	6</359DB72=:CB?@CLIB=--%**'4,-.0,3&(0;1&))4?52;1-,+/%&'$%%%%(#%+.):127C@97&%,1(0&-'&+&9:5/&&(-6/2,.((57)+%*01*%%$,6,'')+'$$(#%(%+(43356%%&24-B4../059N;)(8>;<E433%%5&'$%$(()$,*-)0,**.23A8@EA>0//-/62,---156/288.-3666589++.40.;=:%('')0.-2<=;>>2135799;B//0:59*79@@B94))*)'&%(#%+$#&$0:39:6/.(3*9;620)&&(79E/92$56=?,./5A7361$03382?5&973'##%',*1'2,&&&,.+($%55<:763,+*-10*(''&&9E5('(*79>5CE$3+,368)&/2-''(---%%$(.(+.-05:@*1/3$(36BB8>?=@81;B=<=5>E41=;;<50==0*60//-%((8:B0:-30,()(=<//1/-//$-#&3.-0,/79>FB5)7?A9>@;).%"#'&&.+'&*<,5:48:8;IB<?;5368;CI:?-?;/%-=<@C@?:6&#+)((##'&&;1>DG?;0*+209BCDD7=7-)$$$*$%%%&'%&&$%*)&/A9;:7388'&%/%:>/8+.(')$-8@/)(&%$'9<9>6*8:91<I>=D@;%#	204.30225680400324	0.11372442638078656
272	9d483da3-f2be-449b-9074-6e0c91ec79b2 runid=ed1de13037eb1bcfeefc20d46af38743bdac68e6 read=23077 ch=60 start_time=2020-02-10T18:50:08Z flow_cell_id=ACE547 protocol_group_id=barcode_test sample_id=barcodes_fish H+(1,10),H-(1,10) h1 H+(1,10),H-(1,10) h1_101.34537797439896	GCACCCCTTATCTCGTATTTGGTGTTGAGCCGGCATAAGTCCGGAACAGCCTTAAGCCTGCTCGTCGAGACAGAGCCCCAAGTCAACCTGAAGTGCACTTCTGAGTGATGATCAAATTTATATGTGATTGTCCTTTACGCTTTCGTAATAATTTTCTTTATAGTAATACCGCAATAATTGGAGGCTTGAAACTGGCTCCATTCCTCTAATGGTGGTGCCCAGATATAAACTTTTCCTCAGATAAACAACATAGTTTCTGACTTCTTCTCCTCCATCTTTTCTGCTTCTCTTAGCATCATCACGGAGTAAGCTGGGCCAGCACAAGGTTAATTTGTTTATCCCCCTTTAGAAACCTCGCTCTTTTAGAGGCATCTGTTGACCTCACTATTTTTCTCTTCATCTGTAAATTTCATCAATTCTTGAACAATTAATTTTATTACCACAATTATTAATATAAAACTATCTGCAATTCACAATATCAAACACCTTTGTTTAGGTAGTCTAATTAGCTGTGCTTCTGCTATTATCTGTTTCGTCTTAGCCCGTATTATCTGTCTTTAACTGATCGTAACCTCAATACTTCTTTCTTTGATCTGCTGGAGAAATTTGTATTTACATTTATATCGGCACTGTTTGTTA	%##%&'#%'&567:386679*')'$'%$$&'',+,,.47$$42:/+''(-.-.-'$(*,(,0,%*+'#.%%%&%(*(&%)(#*56/,--$&#(*#'&'.774*%78=:;<83<9/,.1+()(#%'/.4B4&&&$(%$&""'*/2&&'&*/225/-,+*%&)*-..%((-.&'/'%.&&8+/%'&%%($%)&)(-)22&*%25(,'%#%%&'&++),$''%')($#$%'$&).-,*+-7*-1.01,09-4-*22(/.'%%$01=8964$3+/*46;;@E@07-+('("&#&%%//1231..$$')$.21)%738-2'%#"#$$&%&*;)>883-$.75,*+037%.3.%$+-*,.01/:43#$'$&'%&-.-+14)%((5:9446469-=>:0137@E)3672)'#%%*,<<83>696:(0*)##-2+-1.1*B@=:<<<8412826:;8;<)/.,.+,*$#$'(&(')%'+-'$2450.;:6,***-)..$'84#&,%-(%*76&%)%,1:)2*--+&&*(10&)/+'&%&)%'&886/$%#$$#&%(+$$1&)(##&*38:8983;(-.*044:9-,-+*879<ACLL>5-%.%$$$*+,(&&$%-$$$%&))$#(()'$+344,$#$"%$#&&%%.'	101.34537797439896	0.17599142233291695
214	8eef6172-1426-4f33-bd56-6e0046242bae runid=ed1de13037eb1bcfeefc20d46af38743bdac68e6 read=67079 ch=34 start_time=2020-02-11T01:18:44Z flow_cell_id=ACE547 protocol_group_id=barcode_test sample_id=barcodes_fish H+(0,10),h-(2,-1) h1 H+(0,10),h-(2,-1) h1_119.26265738519474	GCACCCTTTATCTCGTATTGGTGCGCAGGCCGGCATAGTCGGAACAGCCTTAAGCCTGCTCATTCCAGGCAGTTCTGCAGAAGTCAACCTGGTGCACTTCTGGTGATGATCAAATTTATAATGTGATTGTCTGGCACGCGCTTTTCGTAATAGTTTTCTTTATAGTAATACCACTTCAGCAGTGGAGGCTGAAACTGACTCATTCCTCTGATTGGTGCTGAATATGGCTTTCCCTCCGAATAAGTAACATGGTTCACGACTGACTTCCTCCACATCTTTTCTCTTCTTTGCATCATCTGGAGTAGAAGCTGGAGCTGGCACAGGTGAACTGTTTATCCCCCCCAGCTGGAAGCCTCATTTCATGCTGGGGCATCTGTTGACCTCACTATTTTTGCTCTTCATCTGTAGCCCGGAATTTCATCGAATTCTTGGAGCAATTAATTTTATTACCACAATTAATATCAAACCTCCTGCAATTTCACAATATCAAACACCCTTTTTTGTTTGAGCAGTCCTAATTAGCTATTAACTATATGTATCTCTTCCCGTCTTAGCCGCCAGTATCACAATGCTTAACTAGTCATGACTGCCTCAGTACTTCTTTCTTTGATCCTGCTGGAGAGAGAGTGACCCATTTTATATCAACATTTATTCTGA	)%&A@<'*,(01+/'$$$%)8;0%#'&&-*(&1//.6-(8+1).12--((*,+$<=<>(,>9>?%'%&(%%$+,'&%(($)'&36*%-+(&+A99:11484)159:78756+-,/:1645.%$-3=<B3.:$%$'$#'(+-??=34%%&''(&253255;:1,-'+/(%%45.''-'.+)*1701$%%#'$$%$#%+)<<?1EF.2(5)$$010,2,())(+'&(+1))/:;=:2&+-+*))%'&'%&'(('-%'$$-(%&$#$()$*0-7*&23379331%1575431#&,46/+8'+%($-*&(%*8@?:$;=2;,))()0*1*-.+1),D@501>/+'$$*.(((&$*%-,++$%',46;;674*1/,+-67.&7)886.2&$)%(,21*11,.*-32.-&&#)%-($,('0+2,41,3#&&C?;:=/-&3884361*)+'&$$&'0.55;003(*%%'"$,)02('**&))&%421%%%0/,+2&(,+554<%6@BB>52@>3+$''6&&(<81/2&../&&')&&&$#$##''9=<BG>01)/9958&,*)++-'8</)4#$$&%##+*,(&$$',/((%$""#&(+/,#%&//0-21633465=//1.*00/::2$)()%*-5459)%-6641,,24712?BIF9=55-/.	119.26265738519474	0.15442053012044188
34	b7d44735-b344-4a9f-8876-b32fa47dcde7 runid=ed1de13037eb1bcfeefc20d46af38743bdac68e6 read=40065 ch=121 start_time=2020-02-10T21:46:26Z flow_cell_id=ACE547 protocol_group_id=barcode_test sample_id=barcodes_fish H+(0,9),h-(3,-1) h1 H+(0,9),h-(3,-1) h1_185.45545338847327	GCGCCTGTATCCTGTGGTTTAACAACCATATTTTATTGGTGGCGCTATAGCCGCGATCATTCGTGCCGAGTTATTGTGGACTGCAATTAGTCGAACCGAATTTTTCAGCAAATGACCACACACGGTTTGATCATGGTGTTGGCGCTGTGATGCCGCTGCCTTTGTCGGTTTAGCTAACTGGATGTTGCCTTTGATGATAGGAGGCTTGAATGTGGCGCTACCACGGATGAATAACACTGAGTTTTTGGATCTTGCCGTTTTGCCTTTTCGTAGCTGTTATCCTCTTTACAGAAGGTGGCAGCTAACTTTGGATTTGGACCTTCTATCCCCGTTATCAACTAAATGCAGTCCCGACAGTACTGCGATGTTGTATTCTCCGGCGTACATTTAATGAGGATCAGTTCGATAATAGGCGCGATTAACGTCATCGTGACTATTTTAAATATGCCTTACCAGGCATGACATTAATGAAAATGCCAATGTTCGTGTGGACCTGGTTAATTACCGCATTCCTATTAATTGCTGTTATGCACCTTGTTGGCGGGAGTGCAGTGACCATGATCTTGGACCGATAAATGTTTTGGTACCAGTTTCTTGCTGATGCTGCCTTTTAAGCGGTGGCGATCGGTACTCTTCAACATATATTC	*#$)*+787##&##()$*+&'&()%%--/1/13)()*)*+&*&'&'&$)'&&&&+3234689:B<86.))%(&()-0001.2-76658281;**23.00003249@6134,.)+-*)%)$%%$&0(.)4417$%%&-&1)(646?=<<63+*))%#'(,,0/-037-/6@997>0<06:BHH;6<5259:>/9//8.((1.&'%##%&&)''%'*('$$#$$$%+,).//634/$01.0&:*/==<8:?=68/.4;:7>::266*8:98(.+%$*(+$)$$)$$*+)%/5.17+97()$$%)4&%"%&%,5(()07A:/0.1*(-<?>H:69?2/3,.*/34.$$)))2152&(''0:2-,*((+-*2.&25)2497989(5=;79>CCCA(('2?<8@9;=+::AAC+%%+2---0/.08*44/<..6'*5099=AB@::=843-)'&#$$%$$&$#$$''))++,-/110/5&&(<;512?1:)6.*48;23/.-4++.,3389.533:$*'(,.0**-$#$$%&.61..+,()($%(4&&(&#'6'''/034..*(*,42..%%+10(')*+%$%98.'((5.5<.A8DB043&$+(1))))/++*-1(&#+(**0$'&+.)<2649B=8;0?4$876/)).+8	185.45545338847327	0.12968089847813033
88	01d8c631-5c0e-497c-a021-690cc0a4d331 runid=ed1de13037eb1bcfeefc20d46af38743bdac68e6 read=3211 ch=7 start_time=2020-02-10T15:59:29Z flow_cell_id=ACE547 protocol_group_id=barcode_test sample_id=barcodes_fish H-(1,9),h+(0,-1) h1 H-(1,9),h+(0,-1) h1_159.6611296658675	AGAATATATGTTGGAAAAATTCCGGATCGCCGCCAGCAGCATCAAAGAAACTGGTACCAAAATACTTATCGGTCAAGATCATGGTCGCTGCACCTGCCACAGGCATAACAACAGTGTAGGAATGGGTAATTAACCAAGTCACACGAACATTGGCATTTCATTAATGTCATGCCCGGTGCGCGCATATTAAAACCGTCACGATGACGTTAATCGCGCCATTATCCGGGCAGTCCCCATTAAATGTGCGGAGAAATACAAACATCGCAGTACTGTCGGGACGTATTTAGTTGATAACGGGGATAGAAGGTCAGCAAAGGATTGAGGCCGCCACAACTACTGTAAAAGTATTAACAATAATGAAAAAGGCAAACGGCAAGATCAAAAACTCAGTTGTTCATCGTGGCAGCGCCATATCTGGCGCTCTATCATCAAAGCAACATCAGTTGGCTAAACCGACAAAGGCAGGCGTCACAGCGCAAACACCATGATCAAACCGTGTGAGGTGGTCATTGGTTGGCATTCAGTTCGACTAATTGCGGTCGGGTTGGAATAACTCGCTTTGAATGATCATGACCATAGCGCCGCAATAAAAAACATGGTTAGCTAAACCACAGATAGGCTGCCA	+,+168286-%3,<,4-((#%$,+0;6513)3328212$**.?D=&*79*%%+06,)*,1::70)9:3.>2;3=5&03-60++411(/0+'(,,+)''((()++10A-//&''-;23'/.&.*)%*463>@>0..&$)(6&&%$(&&()*)*/+-67<C/;@<;;=<G:1110&&02%$&#$$'&&#%';5,%$'(/%))&$#&&()432.<,&--,)()6%%=*1*%%%:;CD<:B==?;:5;%*+**&463//555,47<>,-,2CDED?8@&::.--666:>7;6:967A6.)4.+.++(''(0)A4+5FA,+%#&&$#+111036(0&#&.)+AEDJC-'*/,,.**4=:<B??@>A:2('-0233((2-30&+%.(+2320)6*-)0)%,*+%0)8+.,4=><68%%''*%(.*,=3=:+)3**1*-&&.1$1'$>)4+-*20-4/),(()/??*21//2?/,(4)((A;49<9-07=:%&)4/;/-&6:*4&*.&')9:;>E6<=*(:.*$#&#'0'>(0;4/336++.3%%0+=(-(,(/$4AEI;521,&&&'%$#$$*260'&#+.)')$&(22)6C<676*)0'$.--(:''%%&/412/42452,&-4>A?<=;	159.6611296658675	0.10934131913495322
105	ca23aa6c-3084-4b4e-9995-f925f11a613e runid=ed1de13037eb1bcfeefc20d46af38743bdac68e6 read=62204 ch=121 start_time=2020-02-11T01:23:39Z flow_cell_id=ACE547 protocol_group_id=barcode_test sample_id=barcodes_fish H+(3,11),H-(2,10) h1 H+(3,11),H-(2,10) h1_149.39909068103495	GCACCTTGTACCTGTGGTTCAGCTTCTGCATATTCCTATACTCGGCAGCTCTCGTTCGCCATGGTGATTCGCGCCGAACTGTTCCAGCCCGGCTTGCAGATCGTAGCCCCGGCGTTTTCCAGCAGATGACCACCATGCATGGACTGATCATGGTCTTCGGCGCGGTGATACCGGCGTTTGTCAGCTTCAACGGCAGATGATCCATGATCGGCGCGCCGGACATGGCTTGCCGAGGATGAACAACCACAGTTTTTGGCTGCTGCAGGCATTCTTGCTGCTGGTGTCGACGCTCACCGCAGGTGCTGGAGGTTGAACTTCAGCTGGACTTTCTGCGCGCCGCTTTCTGGGAAACATATGCGCGGCGTGACTTGCTTTATTTTGCCATTCATTTGATGAGTATCAGTTCGATCATGAGACGATCCAACGTGATCGCTACCATTCTCAATTTGCGTACCCGGCATGGCTCTGATAATACCGCTGTTTGTCTGGACCGCAGCTGATCACGGCGTTCTGCTGATCGCAGTGATGCCAGTGCTGGCCAGGTAAGTGACCATGATGTTGATGGATGTTCACTTCGGCACCAGCTTTTTCAGTGCGGCGGGGGCGGTGACCAGGTGCTGTTCAGCATGTGTTC	*%$&$$%#$%000217:F+2870/8?A2+($$%++1-%%%)+34,&&30+,)(*-0<2./('(&&88<101++*).01>E5C?%A5,>>7.3#$(*..02-=)'$,.++%&*111C77,;3*22)7654:?256)*)(/1-5-515-);%%%)67:43%-43.-25;.&&==17-38E350=%--352'#%%('(+%*'2:<;+-14/3$*((+255'%-,'&$%$*/.;?6,.)1(('))-'*)&./72BB?=/5:989=$-$%46=BD3137DGB??..<5.60-'&-5=5=>0**.+.$##'+$+(#%'&%#%)3$=<<<62$$99=9*277<><'01<8/%%('-8,47644535&&%(*+:699:$)*.4&&(/(,9=//01$'*%1,((%;C><5*2)1A><4;'%&$(#&*=&&1'#$%(,*,0'&'')0,-)%&-)%%))10-.'.'$$&$$#%49/>/2$%%'%%(+:=@<;D:4.)/6<2+)$%%-)')(/9./04.01.;.11/736:*&&.123/.//)9>=;9*5.((.471.4655>B<689,,#&*6/204$$4$$%$%(+$,++01-.+-/24*:,25=223++%3,6&&543310&/($&%'/A)>:4<=127+9-0	149.39909068103495	0.11677442473171813
324	146827a5-46b7-4ad8-b516-2e8aa381d3cb runid=ed1de13037eb1bcfeefc20d46af38743bdac68e6 read=49333 ch=121 start_time=2020-02-10T23:16:25Z flow_cell_id=ACE547 protocol_group_id=barcode_test sample_id=barcodes_fish H+(2,8),h-(3,-1) h1 H+(2,8),h-(3,-1) h1_75.62137279966727	GCACCCTTTATCTCTCGTGTTGGTGCCTGTGAGGCCGGCATAGTGGAACAGCCTTAAGCCTGCTCATTCAAAGCATTAAGTCAACCTGGTGCTAGGTATTGGTCGGTTATAATGCAGTTGTCACTGCGCGCACTAAATAATAATTTTCTTTATAGTACCACTGTGGTGGAGCTGGGCGTTAATTTCTCTAATGAGTTGGTGCCCCAGATGTAGCTTTCCCTCAATGAAACAGCATAAGTTTTCTGACAGCTACATCATAACACAGCCTTTGGCATCATCTGGAGTAGAGCTGGAGCTGGCACAGGTTGAACTGTTTATCCCCCTTTGTGGAAACCTCGCTCATGGGAATCTGTTGGCCTCTTTATTTTCTCTTCATCTGGCGGAATTTCATCGTTGGAGCAATTAATTTTATTACACAATTATAATATAAAACCTCTTAATTTCACAATATCAAGCTTCCCTTTTGTTTGAGCAGTCCTAATTACAGCTGTGCTTCTACTGTTATCTCTTCCGTCTCAGCCATGCGTATCTGTACTTTGTGATCATGCTTATTCACTTCTTTTCTTTGATCCTGCTGGTGGTATTTTATATCAACATTTATTC	%#%%&$#$$):=/95(-.)<520647=>:,%$*/1/066-((&$%'$%((.998863+6750*+714/(&*%&&&&)$$),<5+56/+)*$#&$0*%%%%+$$1(%6)1./%$#$$('<)**$"#%####""#(%%$'-+-1-/202.341(&',-&10+%&%$&*60.)(+/+%%#$#$%$(-)*&*%$%"##'(++$>,595+*051)&'3@CE>=81)-'%$&*-#$(&'%$%('+42)%$,(&&$)-)&,*),,-)(&$'%&##')%8>:5B50;0/-$*))#&(,224%(331*(&'),+6(,-5?;7(30566:80,(47$(('+.'$'&(&,32&(%&%$&,1.'-%'&,-,.&&$'09<5;?BD2@-')%'+))/+/*/-/021$"'',*,//'%)%)%*('&())&''(&#)(&-8:62;;22&(%+'*4:=?:100321/+-.($$$$%'$#(89=5=/%()((9%%--5-,.%'')&&+61))+''%*+%)+16+*264)./?954,%+-($#"$.(*+$#%&$%(&$$&%%3$&%$%&$'('$%)**-34,(%'%()%-(%'...&*%#$%,4:7<:423622556457>B	75.62137279966727	0.19109957747213063
