795	fb9df1c9-0422-4d1b-bfe9-701f3c7dda72 runid=ed1de13037eb1bcfeefc20d46af38743bdac68e6 read=16629 ch=91 start_time=2020-02-10T18:08:26Z flow_cell_id=ACE547 protocol_group_id=barcode_test sample_id=barcodes_fish H-(5,11),H+(1,9) c1_141.0011750617088	CGGTGTACTTCGTTCGATTACGTATTGCTCGGAGTTAGCATGTCTGATGGGTTCTTGCCTGTCGCTCTATCTTCTGAGCTTCTAGGTGGCGAAAGATCAGAATAAGTGTTGGTATAAATAGGATCACCTCCTCCAGGGTCAAAAGAAAGAAAAGTATTAGATTACGGTCAGTTAGAAGTATTGATACCAGCTGCTAAGACGAGGAGGGATAATAGTAGAAACACAGCTGTAATTAGTACTGCTCTGAAACAATAGAGGTGTTGGTACCAGCAAAAGTCGCCGGAGGTTCATAATGTAATTGTAGTAATAAAATTAATTGCCCCAATTGATGAAATCCTGCTAGATGAAAGAGAGAAAAATAGTGAGATCAATGAATGCTGACATGAGCAGGTTCCGGCTAAGGTGGATAGACAGTTCATTCCAGCCCAGCTACACCAGGATGCTAAAGGAGCAGAAATGGAGGAAAGTCAGAAACATGTTATTTATTCGAGAGGAAAGCTATATCTGGTGCGCCATCATTAGAGAATAGGATCAAGTTCCCAGCCTCCAATTATTAGTGATGATACTATAAAGAAAAGTATTACGAAGGCGTGCGCTGTAGCGATCTGTATAATTTGATCATCTCAAGAAGTGCACCAGGTTGACAGCTCTGCTCGAATAGGCGAAGCAGAACTGTTCCGACTAGTGCCGCTCAGGCACCAAATACGAGATAAGGGTACCGATGTCCTTGTGGTTGGTTGAGAAGCAATATCAGCACCAGCAGAAAGGGTGTAGTAATGGTAATGCTCGAGTTAGCAATACGTAACT	)$&'$&1116<99:6%"$&$$$1(')$#%*%&%*&*&&&34410#'+&&&&#'$"$$$%&/335:6?@<78D,6((%%&&7&&%+471.+*&%$&%%56+4967+26)<0235,'94($$8A63;3//:366'7'+'-&-.3,%'/3&+746,-;98;5*113+0-/);4<583-.+$&&'/',++%&&%2345:<=65))(/2(.3&0-.--0,.'&&3%.3+5499112%%(-48<773.28.,10&470))%$')/(;3-/7,%,,%)*'&&$02./3(0&0)>)8*&'&''.3**;('&'2-+),,)3361)),4855.(&$(0)&$%-.))+$#)0*28((+0*)+(%#3;64&$$+*,/;/(?:3+++-.,+,*#$%#%$'$$%(=1(+&)4-46)/<=B)&&'(--.7,1*%($(#('&%&#%-$%')5+0'0+&(,.;-.5,0021$&%&&,+1116-.6,2--3%'+((()//1156-(.0)((*%'%'(,+((7>8A7=72:;:49<=IC565,&$"$*'('&$&/39,3&'%./.%<43143-.$&'$#$#$''0.42EC5(<83.':001'$%$#(.5:EC;60*'(&%#$$-6&%'&(*&%)'4214/+-%'('%)'%%"#%+:29:?51&$,0.1=@($0<*)*%%%&%%%$$$&%$%###&-%($$'$$$''((%<8:)))**().)1-(%))$0,,*+(+9'?=>300))1/17354C<,0:/0-'''(179=757(,---..(3447@5*&+8,*.-//,--121/((&(-%%1(+)&'5455-(-+$#$	141.0011750617088	0.157504115477277
4	65d29c00-210f-4b56-8096-e08a197ee993 runid=ed1de13037eb1bcfeefc20d46af38743bdac68e6 read=40 ch=95 start_time=2020-02-10T15:33:08Z flow_cell_id=ACE547 protocol_group_id=barcode_test sample_id=barcodes_fish H+(6,6),H-(2,9) c1_305.454831305537	CGTGTACTTCGTTCGGTTACGTATTGCTCGGCATTACCAATACTACTTTCTGTTGGTGCTGATATTGTCAATAATATACAAAGACATCAGCACCCTTTATCTCGTATTTGGTGCCTGAGCCGGCATAGTCGGAAGGAACAGCCTAAGCCTGCTCATTCGGCGGCTTTAAGTCAACCTGGTGCACTTCTTGGTGATGATCAAATTATAATGTGATCGTTACAGCGCACGCTTTCGTAATAATTTTCTTTATAGTAATACCACTAATAATTGGAGAAGCTGGGAACTGACTCATTCCTCTAATAGTCAGTGCACCAGATATAGCTTTCCTCAGACTAAATAACATAAGCTTCTGACTTCTTCTCCATCTTTCCCTGCTCCTTTTAGCATCCTCTGGTGTAGAAGCTGGGGCTGGAACAGGCTAACTGTCTATCCATACCTTTGCCGGAAGCTGCTCATGCTGGGGCATCTGTTGATCTCACTATTTTTCTCTTCATCTAGCAGAGTTTCATCAATTCTTGGGGCAATTAATTTTATTACCACAATTGATAATGAAACCTCCGGCAATTTCACAGTACCAAACACCCCTGTTGTTTGAGCAGTACTAATTACAGCTGTTAGCTTCTGCTATTATCTCTCCCCGTCTTGGCGGTATCTACAATACTTCTAACGACCGTAATCTTAATACTTCTTTCTTTGACCCTGCTGGAGGAGGTGATCCCATTTATGCCAACACTTATTCTGATTCTTTGGCCGCAGAAGTCTAGAAGATAGAGCGACAGGCAAGTAGTTCCATCGCGACATGCTAACTTGAGCAATACGTGGCGC	$&"$%$,<8AD=2>*.D*.559/.0$78=0$'()0$(77),->7524ADCD=:63.;1:-<501//&$%+&&4*&'$+8A5%,=@:48))&'+,)*.(7:>6@0/$$'57304,(&'&**(575.$$((;+:''(&$%%%+.&.23'%'+:AEE@C17(%$%%%')$7821@:/01,,-%&(-%%1-.889;;<><*$65)')+.476,,344>BAAE%//8,+&&$%$&(039<>1;>;4?>;4787/5:3>>11359;63=A>?88;5.,(&(+*+,(/)*.,.,2389=C6:6975&$$$26$.;.-/056399523'$)))(1/-$&%#%,428>333263,$$.)*.5>>9==6958/-99;H;85:5*#,36,5.*%%#,38=;C??1A762)--->?=3,2/44:225=:6759>>?;7?G6..6%%(02144$##'+&*%(''/3:=DEHJ@BCEF;7?E.7,>78>?B@BC<<=@A?653GB5)%/#('&))*54@A90,62+59;88-8-&&&0%)-2,767-.0+57445::<''875%'28699:870-5;7:=66344155)08?,7<<6:2+%42,*43;7,**793;7.(()%%'8=>+3&&$#%'&&$3+657;>>6?9?;3''<>?:&*(*&,$(:,43?611>:/2%'&#%%%'**118903A2-($03+06685709,CAJ=?<==<890*+31//((=(,9:2.0($&0.+1)))+347-.%).).1/><=;&2/27697A;((933;:;642;>634<3./2,1/;.3;<3;976922<@:8;3-$%$(,18<.&&431$$"#$	305.454831305537	0.0977095333634184
213	c1ec031c-d7d2-4c60-b192-1523827a6cc7 runid=ed1de13037eb1bcfeefc20d46af38743bdac68e6 read=16212 ch=110 start_time=2020-02-10T17:52:52Z flow_cell_id=ACE547 protocol_group_id=barcode_test sample_id=barcodes_fish H+(5,9),H-(2,11) c1_210.44997072370543	GATATTACCCGTTCAGTTACGTATTGCTAACTCGAGCGTACAATACTACCTTTCTGTTGGTGCGAAATGTAGCTCAACCAGCCACAAGGATATTGGCACCCTTATCTCGTATTTGGTGCACAGGCAGCATAGTCGGAACAGCCTAAACACGCTCATTCGGCAGGCTTCTCAAGTCAACCTGGTGCACTTCTTGGTGATGATCAAATTTATAATGTGATCGTTAGCGCACGCTTTCATGTCAGCACCTTTATGGTAATACCACTAATAGTGGGCTTTGGGAACTGGCTCATTCCTCCTAATGATCAGTGCACTGGAATATAGCTTTCCTCGAATAAATAACATAAACTACAACTTCTTCATCCATCTTTCCCTGCTCGCTTTTAGCATCCTCTGGTGTAGAAGCTGGGGCTGGAACAGGCTGAACTGTCTATCACCTTTATTGTGGAAACCTCGCTCATGCTGGGGCATCTGTTGATCTCACTATTTTTCTCTTCATCTAACAGGTTCATCAGATTCTTGGGCAATTAATTTTATTACCACATTATTAATATGAAACCTCCGGCAATTCACAGTATAGAAAACACCCCTATTTGTTTGAGCAGTACTAATGCAGCTGTGCTTCTATATTATCTCTCCCCCGTCTTAGCGGCAGGTATCTAATACTTCTAACTGACAAAGCAATCTTAATACTTCTTTCTTTGACCTGCTGGTGATCCCATTTTATACTAACACTTATTCTGATTCTTTATGCAGAGAGTCTGAAGATAGAGCGACAGGCAAAGTAGTTTCCATCGCGACATGCTAACTCGAGCAATACGTAAGC	$#&$%($#$&*21>%4%&*783-)+(&'&%$+.+++))3)41)%%1(&*&$&/;88>5-080'(#%&&%$$$$)53-8;4''%,-0&7?1+++4.1++444&3/22/:***+;958=(*$$$%'%$++0+,+)..;-767554.22$'#$(65=695/&%%%'*'&,&$$$$%*68/?@>95C,)($%+>(<25<4-,/.152'&),+1181.*')(37001%.***/,,''3--&$$##&$#%%&&--3&&'3/'$$12%/(+'$&&:,(%%%&)($$%,+))$)/132:+0007-2,(+049)+7&###%))(+,,')+&&3725/735=:<4+,6*/1362+15***$55@>?/5+..=4458B@-86(86*5&&.00)'&$'01503$($(&&*(+.-9<88;9@@D:1566>8:612141,310*%1'&&%-+$$&((*$/31+,+048<?=:9;<+34/13=?<,:+83/4,6,+.0.4??;8879;?85<:+$''('90*1/7($'::;;=2++&*+'33.EDD<69<810,,.'(368:845))&%'0237::55;64-+%%%&0)&&&26889:1-2&-**+>78B430)'',64,58+4*//&##%'%%&'(%)*2*-:@B;2-;BHC:479/1&%$&(').0443.()&32DB4'$/89;7(,%&$#'3432*18755<:8::??=AC;=72*'8431+531=CH@2@DA<0**'%.-..%%'2>73-1,.:4BB?%$$(('0#(+%9'&&,6+$$$%*04-))-416/%'(&(&,7(-,49(/3/,-(%#%''))(%(#+0--.0/.-&##	210.44997072370543	0.1335121158853439
406	1e8a712f-bb70-48ca-bcb4-e7e6fa8163f0 runid=ed1de13037eb1bcfeefc20d46af38743bdac68e6 read=12079 ch=7 start_time=2020-02-10T17:18:20Z flow_cell_id=ACE547 protocol_group_id=barcode_test sample_id=barcodes_fish h-(4),h+(5) c1_184.82613089322678	GATGTGCTTCGTTCCCGGTGTATTGCTCGGAGTTAGCATGTCATGATGGAGATTTGCCCGCCTGTAACTCTATCTTCTAGACTTCTGGGTGGCGAAGAATCAGAATAAGTTTGGTATAAAATGGGATCTGCCTCCTCAGCGAGGTCAAAGAAAAGAAGTATTGAATTACGGTCAGTTAAGTATTGTGATACCAGCTGCTAAGACGGGAGAGATAATAGTAGAAGCACAGCTGTAGTAGTACTGCTCAAACAAATAGAGTGTTGGTACTGTGAAATTGCCGGGTTTCATATTAATTGTGGTAATAAAATTAGTACTTCCCAAAAATTGATGAAGTCCTGCTAGATGAAGAGAAAAAATAGTGAGATCAACAGATGCCCCAGCATGAAACGAGGTTTCGCTAAAAGGTGGATGAGCAGTTCAGCCTGTTCCAGCCCAACTACACCAGAAGGGATGCTAAAAGGAGCAGGAAAGATGGAGAAGAGTCAGAAGCTTATGTTATTTATTCAGAGAAGCTATATCTGGTGCACCGATCATTGAGGAATGAGTCAGTTCCCAAAGCCTCCAGGTAGTAAGTAGTATTACTATAAAGAAAATTATTACGAAAGCGTGCTGTAACGATCACATTATAAATTTGATCATCACCAAGATACACCAGGTTGACTTAGCTCTGCTCGAATGAGCGAGCTTAGAACTATTCCGACATGCCGGCTCAGGCACCAAATACGAGATAAAAAGTGCCAATATCCTTGTAGTTGGTTGAGAAGCTTAATATCAGCACCAACAGAAGGTGTAGTATTGGTATCCGGTAGTACTTCGTTCCGG	##$$&$$&&'**3%5#&11&*&&(-@88#+#)%',1487-)*%#(***+'%$$%*#%%#$$$$$$%$-::83?BE-83,-0896852-87-&'%&20;51=&'+...(%''$+7=98:975''->538'&,,.2.'800(((31,@BA*%+<9',9*.21%'/.202(&&-)0%9%&,'&42332/-'%%04.%,,)%%$''1))*(4(*(87?2--5=7,42&%',/347(&%'2))((''+$)<;906B;.%&$$/6&1*126268&%.)0%$'%)%)*)#''6$.,&'&$(+,.-2<E8673*--/-%3%##$$%#$'$(%%(76///,244858<8.+A552-'&&/3JG=1-.04349:5<7,,53;;:811-4$8=762%#&''%4'))*&(/.<4&+>?B<,$$##0144-791B@@2'<'6-+*+(,$$#$''%)')''+596)((/5H<&+'$+--205;-*@?@-3++1,('%>'%&&)##*+,(0&234C;A60$$%%'&-9:747:?B<48-**,*/)30156%$&3$>55481A659;.4/+2/3564*<.((8)%77-*4%-08:=778>=BD.'-./-*1002+11633*45<--/'''##%$3;62889>=B;07:467>?8:<&&1<**&$$&'&2-.1E/A5.:9-,57;9>125&%&''%('((-&&'&'*+'(+:<=>9)$2651();?-:001..-0/&1--020458;>2('(;'CFG;==''+'+:9(:'*(1:3&%&$$$$$%.('))*$%%%222+11+'*%,:4,*33*)*(()%#'.)+)'%%%$$((..4(9'*	184.82613089322678	0.13249106724051207
606	ee692228-eda7-40c2-8177-1c08d2512e87 runid=ed1de13037eb1bcfeefc20d46af38743bdac68e6 read=14967 ch=99 start_time=2020-02-10T18:12:17Z flow_cell_id=ACE547 protocol_group_id=barcode_test sample_id=barcodes_fish h-(5),h+(4) c1_163.58014091122752	CAGTATACTTCGTTCAGTTACGTATTGCTCAGGTAGCATGTCATGATGGAACTACTTGCCTGTCATCTATCTACAGGCTCTGGGTGGCGAAAGTCAGAATAGTGTTGGTATAAAAATGGGATCACCTCCTCCAGCAGGGTCAAGAAAAAAGTATTAAGGTACGGTCAGTTAAGTATTTGTGATACCAGCTGCTAAGACGAGGAGAGACTAATAGTGAAACACAGCTGTAGTAGTACTACTCAAACAAATAGGGGTGTTTGGTACTGTGAAATTGCCGAGTTTCATATTAATAATTGGCGTAATAAAATTAATTGCCCAAATTGATGAAATCATAGATGAAGAAAAATAGTGGATCAGCAGATGCCCCAGCATCAACGAGGTTTCCGGCTAAAGGTGGATAGACAGTTCAGCCTGTTCCAGCCCAGCTTCTACCAGAGGATGCTAAAAGGAGCACCAGGAAAGATGAAGGAAGAAGTCAGAAACATGTTATTTATTCGAGAAAGAGCTAATCGGTGCACCGATCATTAGAGGAATAGGTCAGTTCAGCCTCCAAGTATTAGTGAGTATTACTATAAAAGTATTGCAAGCGTGCGCTGTAGCGATCACATTATAAATTTGATCATCACCAGAAGTGCACCAGGTTGACTTGCTGCTCGAATAAGGCGAAGCTTAGGAACTATTCCGACTATGCCGGCTCAGGCACCAAATACAGATAAGGGTGCCAATGTCCTTTATTGGTTGGTTGAGAAGCAATATCAGCACCAACAGAAGGTGTATTGGTAATGTCGAGTTAGCAATACGTAACT	-$()$&'6:26,=<<.6-/)34:88:9$'9%&((%-0221%&%%-,2321,',$#')))(+*&/+0/-')-)%##&$##%%(*165(,)+*'$$%+&'+*1///',,041*3941/&&36;4417:9&,+';/-''2372?>4&9IJ60**75*,.&)*6%++5+.*0+./,++*+-(('.,('&('+'((,..-0/--+;491'(2(1<2)).+%,,(-44:DB?310%4**11./&&-;:7,AE=/*)%0+074,:**154./19.+*%(0&##%$+'*4;2<?897,)*))+),$)'*((:><>?A6),.*((')%$$'84.../($/##&5241-0)+6CB2./&</3=44($*-38A=A@A354232('&()+,/+D>304;<:</.-2CBD,&&&8567:1+,'661.C9.57/0/($'&(0'&$#&%%%./8;?AAFJ<%/-*$###$()+(-%,6--&'>?05%%%.,4,%''#%+$$7),-0,5<:;502'0*('$&&(+5+/5A,((.1.+7:9=>**$.*/*%%%208&2&0%&.223*<1')3.-/(,;/&2:/++(:<2-9=1&%**%'&$%&&,*'+)(%'$&'%+095=43457;67+,250337A0;@..6)&)(/.+**-3-8/&%%&##$"#+$%,4-('%$#'&%&$%$%&$(+'()',*4@4622&&421.((&''0$2+(('.3073(##&2...,&)%&'&*212%%'%(#%%'12?2*.=)43%.=.;F9:.*1&$$##&($**'*,,01&.&&'*/8@=989:3/,),'$$1.**//00&#%	163.58014091122752	0.1416514138538892
599	d7eafdf9-c57a-4e2c-8fa7-f64d6fa19902 runid=ed1de13037eb1bcfeefc20d46af38743bdac68e6 read=9460 ch=99 start_time=2020-02-10T17:22:18Z flow_cell_id=ACE547 protocol_group_id=barcode_test sample_id=barcodes_fish H+(2,8),H-(5,11) c1_163.9386225955985	CGTATTGCCCCAGACCGTTTTGTATTGCTAACTCGGCATTACCAATACTACACTTTCTGTTGGTGCTGATATTGCTTCTCAGCAGCCGGGACATCGGCACCCTTTATCTCATCATTGGTGCCTGAGCCGGCATAGTCGGAACAGCCTAACCTGCTCATTCGAGCAGGCTAAGTCAACCTGGTGCACTTCTTGGTGATGATCAAATTTATAATGTGATCATGGCGCTCTTAATAATTTTCGTTTATAGTAATGCCGCTAATTAATTGGAGGCTTTGAGGAACGACTCATTTCACTCTAATGATCAGTTTGTACCAGATATAGCTCCTCGAATAAATAACATAAGCTTCTGACTTCTTCCTCCATGTTCCTGCTTCCCTTTTAGCGGCATCCTCTGGTGTAGAAGCTGGGGCTGGGTAGCTGAAACTGTCTATCACTTTTAACCCGAGAAACTCGCTCATGCTGGGGCCTGTTGATCTCACTATTTTTTTCTCTTCATCTAGCAGGGTTTCATCAATTCTTGGATGATGGTCTGCCACCACAGTGTAATATGAAACCTCCGGCAGTTTCACAGTATAAACACCCCTGTTGTTTGAGCGGTGCCTAATTACGGCTGTTAGCTACTATTATCTCTCCCCGTCTTGGCAGCTGGTATCACAATGCTTCTAACTGACCGTAATCTTAATACTTCATAGCTGATATATAGAGGTGATCGATATATAACATGTTCGTTGTCTTCGTACGAAGTCTAGAAGATAGAGGCGACAGGCAAGTAGTTCCATCGCGACATACTTCAACGAGCAATACGTGGCTT	#$%$$'#&$##$$'$%$+30&.1**/'%(*+679+)++*,.48H<9985+%%%-9:<?B<;>5;98/;+%%%($%)21079&//%*+'2421+&6,,2677A4JD856$-&*)$%+'&6++$$('&&&$')),1/,</=-..0279&(%/+,-1;=566;0.(&&&*36;304>9057617>202>BECBC6;D;;7<;6BDGA;DF>@F:95..,-3$$$$"#"%%$&0+))%),%'&"$$"&%)****$$/0$(&#$$%&&&)=9*/6HHI86(0*#%%&(0*&#+.)2%%68,53.32-.$'&)%##%'.()0,,%*%)2-2-6./=DIHA@143117.(%&((&(&&&7588*.436,)%%&#$$%(+089?9>8)*'&'&&133:3=@6&=0.5*)'0251+-.11-($$$',-)'$##$*6:=,&*##$&%#$##$#$#%%)'-'*(043'&'$%&,*('((*5'756;9=8743:<:<<<<786?25+/87(-,0,&.&,),/9:1423(')%&$#&($$%&#$###%%&$%%%/$*.+*)&(*2-011/.%&$$#)-+,&('%3'$00+,.,,+%*'88:4?=4.0&&(:)'%(06699((41.&(+(%'1)'(*+/<@B/:-182-47;78*0-.1.')59-+8*+/.%%52,*#(-,+/+9;337+&1'&%$'$$%($$#%$$(%%%$"$$%%$%%+'&&*%$%$$%%*%$%$$#,$&#'#*(003$2$&$%))%3)--1.,2---)&*-1*%%(--,,*.*4)+/2*),%%+((&$$"$*###'*,(22/10//,&'##$	163.9386225955985	0.17937239504745153
413	3de20c82-55da-4b61-9197-d119c11dc7e6 runid=ed1de13037eb1bcfeefc20d46af38743bdac68e6 read=16927 ch=68 start_time=2020-02-10T17:56:16Z flow_cell_id=ACE547 protocol_group_id=barcode_test sample_id=barcodes_fish H+(3,11),H-(1,7) c1_184.02178660418488	CAGTATATCGTTCGGTTACGTATTGCTAACTCGACCGTACCAATACTACACCTTTCTGTTGGTGATGTGCTTCTCAACAACCACAAGAACATCAGCACCTTTATCTCTGTATTTGGTGCCTGAGCCGGCATATCGGAACAGCCTAAGCCTGCTCATTCGAGCAGAGCTAAGTCAACCTGGTGCACTTCTTGATGATCAAATTTATAATGTGGTCGTTGTGCACTCATTAATAATTTTGCTATGTAATACCACTAATAATTGGAGGCTTTGGGAACTGACTCATTCCTCGTGATCAGTGCACCAGATATAACTTTCCCTCGAATAAATAACATAAGCTTCTGACTTCTTCCTCCATCTTTCCTGCTCTTTTCGCATCCTCTGGTGTAAAACTGGGGCTGGAACAGGCTGAACTGTCTATCCACCTTTGTGGAAACCTCGCTCATGCTGGGGCATCTGTTGATCTCACTATTTTTCTCTTCATCTAGCCCAGGATTTCATCAATTCTTGGGAACAGTGCTTTATTACGCAATTATTAATATGTAACCTCCGGCAATTTCTATTACCAAACGCCTATTTGTTTGAGCAGTACTAATTAGCTGTGCTTCTACTATTATCTCTCTCCCCGTCTTAGCATTGGTATCACAATACTTTTAACTGACCGTAATCTTACTTCTTTCTTTGACCCTGCTGGAGGTGATCATTTATACCAACACTTATTCTGATTTTCGGCCGCCCAGTCTGAAGATAGAGCGACAGGCAAGTAGTTCCATCGCGACATGCTAACTCAGAGCAATACGTAAC	(%$)#&#"$,*.+%*I&<;;>646.3-63$&(-022&7)%5141+)8(,/667<?=7286,*(&'%'4348=:)8)#')')'/6,))&64*&6#-,.45,:D?><4,#/1%%*+&'2(-.-//.,+,2250.-03A67:;@=8375-77;=@/?,014/.-**+(%%&%%%'?:(7322&##+6457110-.-.03;>78*:9977''&%&&)*,15%$%&+%&($$&72/0./1,$%$&,$$'%$))(&,)'.4//((+*,%(,&&)&'/,%)546.2587;;'+(%$%+*38&;C*'&&(%%'(,-.')288170-3$$2/41-*-&'($,&(&&(1&/(&&)),.+0.2+,89>>@.2-&'('))(&#&+/)*+-;5,0@78;53*...02/6611%143763*/.966,)))7&&+459896))/'0869:9@6EC>4,)#&'*11339BA@CB@846726768?B;;30):@7::6;5'&$&#%-*&+-:654@4<1G@><(,*$$&&''&%*.10-.(##)+/-2046610/.($(''**$4*33;D=F6-%$#&''(+(%$#&&+/02:31?70-,)*,3.,,.&&($%%)$'$%%)#$-233*,775*8%0*3DHA38>8:/&&'%',,0'$2)*+*))(**)*2050/+-)$584552%'@?><=C@?=?8.(*+&&)$%(''()81,%6,)+&)$$&&'$()$%):6=@@>?BC430+2::%(+&&$6>2''3+=:=9>79:*%%%$%'($++,0:/3)-+$$(+*(('(&&%$$'%'$(:=1**$$$$$$	184.02178660418488	0.1394250968261408
237	2dab7f39-a16d-46ed-8240-1b0418220c5e runid=ed1de13037eb1bcfeefc20d46af38743bdac68e6 read=1537 ch=41 start_time=2020-02-10T15:45:42Z flow_cell_id=ACE547 protocol_group_id=barcode_test sample_id=barcodes_fish h-(1),h+(0) c1_205.11035644214277	CAGTATTATACGTTCAGTTACGTATTGCTCCGAGTTAGCATGTCGCGATGGAACTGCTGCCTGTCGCTCTATCTTCTAGACTTCTGGGTAGTGAAGAACCAGAATAAGTGTTGGTATAAATGGGATCACCTCCTCCAGCAGGGTCAAAAGAAGTATTAAGATTACGGTCAGTTGAAAGTATTGTGATACCAGCTGCTAAGACGAGGAGAGATAATAGTAGAAGCACAGCTGTAGTAGTACTGCTTAAACAAATAGGGAGGGGTGTTTGGTACTGTGCAGGTAGGTTTCATATTAATAATTGTAGTATCAAATTAATTGCCCCAGAATTGGTAAATCCCTGCTAGATGAAAAGAAGAAAAATAGTAGAGATCAACAGATGCTAACATGAGCGAAAGTTTCCGGCTAAAAGGTGGATAGACAGTTCAACCTGTTTCAGCCCCAGCTTCTGCAGGATGCTAAAGAGCAGGAAGATGGAGGAAGAAGTCAGAAGCTTATGTTATTTATTCGAGGAAGCTATATCTGGTGCACCGATCATTAGAGAATGAGTCAGTTCCCCAAAACTCAATTATTAGTAGATGATATAAAAGAAAATTATTACGAAAGCGTGCATGTAACGATCACATTATAAGTTGATCATCACCAAGAAGTGCACCAAGTTGACTTAGCTCTGCTCGAATGGGCAGGCTTAGGAGCTGTTCCGACCATGCTCAGGCACCAAGCTGGTCTAAAAAGTGCCAATGTCCTTGTGGTTGGTTGAGGAAGCAATATCAGTACCAACAGAAGGTGTAGTATTGGTAATGCTCGAGTTAACAATACGTA	0$&%%$##$&)2--8$&(+/+++''(87>%>&$+%(%''143/11062/02(-*,$##&((+05<&+,8338>A(9*.*&'18779.1-'$#%%%'-.+4+).;9:50)&%&(12-(*67((-6524.+,)87?*:+*'')+1+??>0'*1/&01-/.)%$$'%''85:&''+$&($,576833;<=7ABB;CC<<77023--$2(.%03;774/6+/0.)((025<4>D;:4-;-+7826?AB=B=*9A;>@A;;95/.28@91F*5@?<HHB=.%%*%7$&)&-131/0+26=<>56A/.$&&$##(,'+/,$$&$,%%$&$$#$&0'&1876795/.;:;:E5632'%(0&(/7:<3/10:()4,:770'589:84-%-,-)%%'&+,+&%/&+4*/%686411%,1<;8+()*16778451&,-+/)8+0)*++,%(%"#$'(/140(-0+)/%+('#)()49-7%.48464)37(2/465)%(,)++-<99:8,,,'*/*+-/8*))'-.-&)-/*,++'%)52)14:++-,135.9220+(5+40>-6+$.4/&$$$'.*0.)+&'.#&$$$'()7=H<'+8@?E-F0-.(%$%%%,)($$$$$%*-++.--0)%'$,(&&%%$(+-9<842').3.%&%/-%#%&*'#-(,.*,-/36@BCA<;;;11=00=)&&&-<=<-18$06+6>0'(&%&*&&'411$/(&&%+,/*)),-.*#))*(()=15=@>;1'*)(,,,.3<1*(3%,01))*%$%/1.,-&##$&-5(00086)7@99/.:2+../4525/*./'*.'*'$%-($$#&&&	205.11035644214277	0.127113076008369
40	cbb60c9d-8a1f-4032-a9b0-c53ff7da0a1b runid=ed1de13037eb1bcfeefc20d46af38743bdac68e6 read=2384 ch=35 start_time=2020-02-10T17:22:21Z flow_cell_id=ACE547 protocol_group_id=barcode_test sample_id=barcodes_fish H-(1,11),H+(2,8) c1_250.20296864103742	CGGTATGCTTCGTTCGGTGCATTATTGCTCGGGTTAGCATGTCGCGATGGAACTACTGCCTGTCGCTCTATCTTCCTAGACTTCTGGGTGGCTAAGAATCAGAATAAGTGTTGGTATAAAAATGGGATCTCATCAGCAGGGTCAAAAGAAAAGAAGTATTAAGATTACGGTCAGTTAAGTATTGTGATAGCTGCTAAGACGAGGAAGATAATAAATGAAGCACAGCTGTAATTAGTACTGCTCAAACAAATAAGGGGTGTTTTGGTGCGTGTAAAATTGCCGAGTTTCATATTAATAATTGTGGTAATAAAATTATTGCCCAAATTGATGAAATCCTGCTAGATGAAGAGAAAAAATAGTGAGATCTACAGATGCCCAGCATGAAACGAGGTTCCGGCTGAGTGGATAGCGAGTTCAGCCTGTTCCAGCTCAGCTTCTACACCAGAGGATGCTAAAGGAGCAGGAAAGATGGAGGAAGAGTCAGAAGCTTATGTTATTTATTCGAGAAGCTATATCTGGTGCACCGATCATTAGAGGAATGAGTCAGTTCCCAAAGTATCAATTATTAGTGGTATTACTATAAAAGTATTACGAGCGTGCGCTGTAACGATCACATTATAAATTTGATCATCACCAAGAAGTGCGCAAGGTTGACTTAGCTCTGCTCGAATGAGCAGGCTTGAAACTGTTCCGACTATGCCGGCTCAGGCACCAAATGCAGATAAAGGGTCCGATATCCTTGTGGTTGGTTGAAGCAATATCAGCACTAACAGAAGGTGTAGTATTGGTAATACTCAGTTAACAATACGTAAC	,%&($$$%(5631*?'->*))&(+,.8,/=%++#'%#&)*08=0.0000+143;+&+-?CD84<,)=B0>@CHG)>'.-0(::<81210/31(2-#)&&;24(-/5379><<=6E2/18=891121=0*).%&..3006375AA<+%.2=:&+0+2CC@@?3'-),0-183>(6')-$%/../-01&#):>B:43=<69..)77%-,0/0(%&%%$$'.)('*.6>;;9*$%'$16=ED:B@BGCADMF?88'%+.7@<0?.'%(1&$$&##%*+%+/023($*5@27301-/494537::>31975014*../.'++/0++((,/3-++-FA668256')(3+++.,1,34A?E74<9:&*@85;106=>B@5..-3'4543&$#$%#,0B<:30,41%$->AF5./()*&6-/)72>;93B6')4-%':,+)+9><(%&%,,.&&,-449762/'5'-..278C&A>>@45,/%/80;8=1033$"#$.*.@084515:2;+')#%)$025;77).16*'(-3;89:223++&(3,:554>6@5859+--.3,$$(&6.2/20-/-7<<877+59A@82:31'%8$#$'&&&&0.3847')*4:857,/=2.558==@2;&777;;?79?/2>69*(%'(($$)/)-;;84$&%%11;8,,3'*1)+7''&.++--(((*))%$&&$()84313+&%,',6B/;&52--,8626%%)(,7589(*')#%-4@@>%%*$+$4632/3/;+($$%&96<;7E7<AD4=C831*,)*6A65-,+-&(*54;*'(00+$&%'('7?<::8765'%	250.20296864103742	0.09688675386723304
801	c342a4e4-6d85-4165-bad7-5444475459ac runid=ed1de13037eb1bcfeefc20d46af38743bdac68e6 read=16653 ch=106 start_time=2020-02-10T17:52:51Z flow_cell_id=ACE547 protocol_group_id=barcode_test sample_id=barcodes_fish H+(5,11),H-(4,10) c1_139.8139002888715	CGGTGCGCCGTTCGGTTACGTGAGCATTGCTCGAGCGTACCAGTACTACACCTTTCTGTTGGTGCTGATGTTGGACCTACTCAGCAGCCACAAGGATATCAGCACCCTTTATCTCGTATTTGGTGCCTGAGCCGTATAGTCGAGACAGCCTCGCCTGCTCGATGAAACTTGAGCTAAATCAACCTGGTACTTGCGTTGATCGAATTCCTGTGTGATCGTTACAGCGCACTTTGTAATAAGTACTCTTATAGTAATACCACTGTAATTGGAAGCTTTGGGAACTGGCTCATTCACTCTGAGTCGGTGCACCAGATATAGCTTTCCTCGAATAAATAACATAAGCTACGACTTCTTCTCCATCTTTCCACCACTCCTTTTAGCATCCTCTGTGGTGTAGAAAGCCGGGGCTGGAACAGAAATCTGTTCTCATCACCTTTAGCGGAAACCTCGCTCTTTGGGGCATCTGTTGATCTCACTATTTTCTCTTCATCTAACGGGGTTTGTCATTCTTGGGACAGTAATTTTATTACCACAATTATTAATATGAAACCTCCGGCAATTTCACAGTACCAAACACCTATTTGTTTGAGCGAATTACTAATTACAGCTGTGCTTCTACTATTATCTCTCCCCGTCTTAGCAGCTGGTATCTGGCCTTTCTAACTGACCAATAATCTGTCACATATCTTTGACCCTGCTGGAGGTGATCCATTTATATATTACTTATTCTGATTCTTCGGCGCAGAAATTAGAAGATGAGCGACAGACAAGTAGTTCCATCGCGACATATTGCTCCGAGCAATACGTA	'(&%&#&(-7;54$(:+7310,(&$%#'**-4('0**995;)/64%%$%%'&&)/)'%1*+%409;:2((#%&)($(1(''0('/3%21+&.+&<?;:9<&047;0&',(.64*9<@--D9.0,'-2'-/%76*1300*)-'$$#$&$$#&$#$$%%'36/+%%'%$""#$%$%($%%)'/)&'%&+0)''+&#%#&%$(0%%&'($##$%%)/-17,15)()'$$%$&*./%%$$$)%$&##'&%'&'*'*6<<><:+$&&$&%#&20,*&%%&)(/-*75595<8;24-6(&064$$&0066@.)(%')*($##%()-.).#,2&&67?@97842,.1+'$,#"''+,/*,('$.;<:89<9(2%$%$$'%#$'$#'&)9//73=</&92:;;2.//,($%$600:974,)&'$$'$#$$$#&&&('(.+++/3+/,*)2%-<67.4(*..$&&&3?;>73>;5:841:<64+)/$$5>8939A>F>;<0,(&'%(&'1*#%#$+.123--)%'&.1/+*753+,/)((25<9;>9;=</22**,)((%&&+&,,1,171.(''3<6.95A2;??>=**-;41;-))%#$'#&).73:359445/<=/&&(()+++;<,-.1?B::%)./,3=8=?,,((0=BC>F($7&$#$$$)+,+/-+)()$&'&38429*%)$#$#)'%%&+),;87962-47+(*3632225,.0*)&%#%#$)&+4278;97--<.&,)&$'$#%$*,*%(&+/*83''%,,,)&(*#*238B97;>102A@))0/.,)('(&&*)7321<@514)(('	139.8139002888715	0.16518323856491887
