50	6d115b36-df06-42ae-a85e-7a9c9c77f6a7 runid=ed1de13037eb1bcfeefc20d46af38743bdac68e6 read=18400 ch=40 start_time=2020-02-10T18:05:03Z flow_cell_id=ACE547 protocol_group_id=barcode_test sample_id=barcodes_fish H+(0,11),h-(2,-1) c1_264.34678855071206	CAGTACTTCGTTCAGTTGCGTATTGCTAACTCGAGCATTACCAATACTACACCTTTCTGTTGGTGCTGATGTTGCTTCTCCAACCAACCACAAGGACATCAGCACCCTTTATCTCGTATTTGGTGCCTGAGCCGGCATGGTCGGAACAGCCTAAGCCTGCTCATTCGAGCAGAGCTAAGTCAACCTGGTGCACTTCTTGGTGATGATCAGGGTATAATGTGATCGTTACAGCGCACGCTTTCGTAATAATTTTCTTTATAGTACCACTAATGGTGGAAGCTTTAGGAACTGACTCATTCCTCTAGTGATCAGTGCACCAGATATAGCTTTCCCTCAAATAAGTAACATAAGCACAGCTTCTTCCTCCATCTTTCCTGCTCCTTTTAGCATCCTCTGGTGTAGCTGGGGCTGGAACAGGCTGGAACATCTATCACCTTTGCCGGAAACCTCGCTCATGCTGGGGCATCTGTTGATCTCACTATTTTTCTCCTCATCTAGCAGGATTTCATCAATTCTTGGACAATTAATTTTATTACAATTATTAATATGGGAATATCGGCAGTTCACAGTACCAAACACCCTATTTGTTTGAGCAGTACTAATTACTGGCTGATAGCTTCTACTATTATCTCTCCCCGTCTTGGCAGCTGGTATCACAATGCTTCTAACGACCGTAATCTTGTACTTCTTTTCTTTGACCTGCTGGAAGAGGGTAGTCCCATTTTATACCAACACTTATTCTGGTTTTAAATACAGAAGTCTGAAGATAGAGCGACAGGCAGAAATGGTTCCATCGCGACATGCTAACTCGAGCAATACGTAGGC	,$$$&0554*=58$.$%$+,9124+$,&'114*)4101:),>?3/.11+()+*)-536:;6<9>0,45',*4))*286/)C8,%1:$//(++,'701..3'8<=;:6(6>364.812103329DB<:;7-0/-/-$(&%.-4*>5,''(770.+*>><?%*A113=0/,))+'/22,**.-&+;<*76@=;<11FDFF>2;3453(%7,($$&(.2..'+12233/4')/09500/10=DA60/.-/0-.45569;6267/5.79:<522((+4*1'$,56;6$)(.1,928A@>.IF(2134'046($<)6?.)*-1'''$&%,-EGJA?B?.1-.,*/(#&'&.,04/'$###%-;92;:2842?76269:*-)(::6;<=;:6@AB99<;+839?43$(--..<5BA77'/222*)(&%$&$&/1%'%5'''()*'&&(,#'1340,2DCGE??@=9/398655/'6$33856?;:37EEEB7359?9?-+:$#)')'($%9;=71+).(7522,&&%'&%)'/)546--0%$(($./34;.)))*$$&$%%%%$#&&()0/%$$.-,)+12,'7AAA03358/;D7-+(+,$4463;AFC0-00<53/'&/+**-*'*/6:48<7,'0&-7;;6;>77&,,/59<95:)%/))+*%%8:0741)&(-*+**,,5760%-,764+36;:=DD=%%%&+-9;A=-**%%0*''';<>E=KIG=,''''123-)34+++-082572%'*+0,)))3*'+--,,2E0++*$*,1.,,)(%'#(,*$$'B5-*)01++10*+'',,0.4/5.$'5:897,++$%$$	264.34678855071206	0.10202999123414358
1188	e4ff6e53-a8cc-49e0-aadd-93b1e94ec75f runid=ed1de13037eb1bcfeefc20d46af38743bdac68e6 read=31033 ch=81 start_time=2020-02-10T19:55:50Z flow_cell_id=ACE547 protocol_group_id=barcode_test sample_id=barcodes_fish H-(6,10),H+(2,9) w1_174.44030707725656	GTTACTTCGTTCAGTTACATGTTGCTTCTGGCGCATCCACTACCGAATTTCTGCCTGTCGCTCTATCTTCTAGACTTCTGGGTGGCGAAAGAATCAGAATAGATGCTGGTATAAAATACAAGTCACCTCCTCCAGCAGGATCAAAGAAAGAAGTATTAAGATTACGATCGGTTAAAAAGTATTGCATGATACCGGCACTAAGACTGGAAGAATAGTAATGACTCACCAGCTATCAGTAGGACTGCTCAAACAAAGAGAGGGAGTTTGATGTTATTGGTGCTGGGGTTTTATGTTAATAATTGTGGTAATAAATTAATTTACCCCAGGTGATGAAATTCCTGCCAACCAGATGAAGGAAAAATAGTAGAGTCAGCAGATGCCCAGCATGAAAGCAGGTTCCAGCTAAAGGGGATAGACAGTTCAACCTGTCCCGGCTCAGCCTTCTCTCGAATGATGCTAAAAGGAGTAGGAAGGGTAAGAGAAGTCAGAAACATGTTATTTATTCGAGGAAATATATCTGGGCACCGTCATTGGGAAATTAGTCGATTGCCAAAAGCCTCAATTATTAGTGGTATTACTAAAAAGTGTACAGCGTGTGTAACGATTACATTATAAATTTGATCATCTGAAGTGCACCAGGTTGACTTAGCTCTGCTCGAATGAGCAGGCAAGGCTATTCCGACTATGCCAGCTCAGGCACCAAATACGAGATAAGAGTGCCCGATATCTTTGTGGTTGGTTGAGAAGCAATATCAGCACCAACGAAACACTCAGATCGATCCACCCAGGATATAGCAATACAGTAAC	%#$%%%2542,=&0&(''('%9$08:01)297658**<8:80/0#%&,/*,./3889:>51BCH8:<8486015**;*&*)741&+(*+%&%&)'8-;85657&%$)*4@;3458*&&&%$$+*+023474%<+,**2=<456=1&;D>(7,(--'/40/($'+49635$)1%.3-'')9512%%$"%'((.'&%%$%-))-<9:=*7:2--&&,+,+')&%%%#"$%%&,'%#&#'&'&8CF486;419>D?&))%$--*'''+&-%$$1$$$&'%6*#%(&'&)*)(3''0',+))$*.12*131&$*,&%((%%'$$&%$$&%'2.+,+24?:A-1.)$$%%%,,35,)*'15+3;=9%'(2'#$&02&$$&)#%%$%#'(%*))*+-%&&,-?90:8;::79,+:?57221102340*5.,--/$$0$&%#$*%$%%')%#&$.($(*,+35665973*%%(6/:=,1'($%%$)$&%$%)(&&(.#$.14;6223-,1*)%%+%%&&&&.)'6(7(;81)&&6<557&.')*+,/40.'&$')&$$'+++)00*8.))+6241%=39?;88+&&%1-)'-5)6&%%&2;=5$-274,-**-068792-./-*/,%*+:239%%*&7<+%%'31(-610'$1235><CA?:9>,*1'%%*)*)()/02:=>1260967:99%%'(%-5.;5.0565==<41114-)3/0+')(0-,,(011189892+-+)<+67=575&,;025,50-<50//009*$$$,,2234://1*+*+035)&,$+,2965/925E>9,(('$)%$	174.44030707725656	0.13872878243282025
51	011d146e-6421-473c-9113-db799be619e8 runid=ed1de13037eb1bcfeefc20d46af38743bdac68e6 read=10775 ch=73 start_time=2020-02-10T17:15:26Z flow_cell_id=ACE547 protocol_group_id=barcode_test sample_id=barcodes_fish H-(2,9),H+(2,11) c1_263.9924922499754	CGGTAATAGCACGTTCAGTTACGTATTGCTCAGGTTAGCATGTCGCGATGGAACTACTTGCCTGTCGCTCTATCTTCCTAGACTTCTGGGTAGCCCGAAAAATCAGAATAAGTGTTGGTATAAATGGGATCACCTCCTCCAGCAGGAGTCAAGAAAGAAAGTATTAAGATACGGTCAGTTAGAAGTATTGTGATACCAGCTGCTAAGACGAGGGAGAGATAATAGTAGAGCACGGCTGTAGTAGTACTGCTCAAACAAATAGAGGTGTTTGGTACTGTGAAAGTGGGTTTCATATTAATAATTGTGGTAATAAAATTAATTGCCCCAGAGGTGATGAAATCCCTGCTAGATGAAGAAAAATAGTGAGATCTTAGATGCTAGCATGAGCGAGGTTTTCCGGCTAAAGGTGGATAGACAGTTCAGCCTGTTCAGCTAGCTTCTGCAGAGGATGCTAAAAGGCAGGAAAGATGGAGGAAAGTCAGAAACATGTTATTTATTCGAGAAAGCTATATCTGGTGCCGATCATTAGAGGAATGAGTCAGTTCCCAAAGCCTCAATTATTAGTGGTATTACTATAAGAAAGAATTGTTACGAAGCGTGCGCTGTAACGATCACATTATAAATTGATCATCGCCAAGAAGTGCACCAGGTTGACTTAGTCTGCTCGAATGAGCGAGCAGGGCTGTTCGGCTAGCCAGCTCAGGCACCAAATACGAGATAAAAGGTGTAATATCCTTGTGGTTGGTTGAGAAGCAATATCGCACCAACAGAAAGGTGTAAGTATTGGTAATGCTCAGTTAACAATACGTAACT	1$&$$#%(##$#?7+@',+=.45731(5@-:%))A&2168448=129133<2===21224>@;5197;>;9=7:<>$)1((:;;/7--58.$,2,(457=B6391(,1./(-15==951/.36:553=22:1687.5*1B6-+,-/*0)>>..330(37%-67%&)(+($%.3,'<==B@2(('#$$&''&,-35?*<4&)5;6@5+<++%*1-*('1:@B<773;7+*&,-*+1,.(*-*/'/5/36+:8=72$7:7;687''7A?:G4<BCAB@8/),((')$'-3<60+''''32//(*,*',5=:*05:<:>?5%%'&999(,3*/0242123A>78>--+$$,-1248,:8+@:(%&(1//<;7511//7//3$,-55113)&&',11>;0(.)/45;B+3:@A@.(((8=;@B1<4-345/=-4/--&%%-03/-$7/8;1HB>CE=>>2('134=;*:*8;33/.-,%.*-2?0-06*+:>@B@;8=@=K3;0-7&3,56/)$&3;2/%2#$'-*9:.=>00475()+&'1/<,8-28872*&(.'+?:../(+.')<:<<:-.;=<?>C@*4,$,%$#%$4..%%&%'--=ABEAF:7:379)$4(*//0/**%$%&/69,4=A0/00),01:<.&&'-')>>;8,$$('#$#'88,>523+,(&#%%$'(.03AD+=%5*&%&'%&'(&&(+(+.*))0/+223(()'3014.%')5*&2,26//2,57&$%9%33A5/+&(.*/=1./.5()),>7$:@47<-/2@2.2'&+/12)6881-,71:%%%3',06(&&&()+,#&	263.9924922499754	0.09322809244911466
6	5f2ce489-0cd1-407e-a55a-7ebfdfe801b3 runid=ed1de13037eb1bcfeefc20d46af38743bdac68e6 read=100 ch=71 start_time=2020-02-10T15:33:52Z flow_cell_id=ACE547 protocol_group_id=barcode_test sample_id=barcodes_fish H+(1,8),H-(0,11) h1_314.4046699672074	CATGCTTCATTGGGTATTATTCTTCATAGATTGAACCTGTCAGTTATTTCTGTTGGTGCTGATATTGCTTCTCAGCAACCACAAAGATATCAGCACCCTTTATCTTTGGTGCCTGAGCGGCATAGTCGGAACAGCCAGCCTACTCATTCGAGCAGAGCTAGAATCAACCTGGTGCACTTCTAGGTGATCAAATTTATAATGTGGTGTCACAGCACACACTTCGTAATAATTTTCTTTATAGTAATACCACCCCAATAATTGGAAGCTGGAAACTGACTCATTCACTCTAATGATTGGTGCCCCAGATATGGCTTTCCCTCAGATAAACAACATGAAGTTTCTGACTTCTTCCTCCCGCTTTTCTGCTTCTTTGCTAGCATCATCTGGAGTAGAAGCTGGAGCTGGCACAGGTTGAACTGTTTATCCCCCTTTAGCTGGGAAACCTCACTCATGCTGGGGCATCTGTTGACCTCACTATTTTTCTCTTCATCTAGCCGGAATTTCATCAATTCTTGGAGCAATTAATTTATTACCACAATTATTAATATAAAACCTCCTGCAATTTCAATATCAAACACCCCTTTTTGTTTGAGCGGTCTAATTACAGTATTAGCTGCTATTATCTCTTCCGTCCTAGCCGCCGGTATCTGTACTTTTAACTGATCGTAACCTCAATACTTCTTTCTTTGATCCTGCTGGAGGAGGTGACCCCATTTATATCAACATTTATTCTGATTTTCGGCCGCGAAGTCTAGAAGATAGGCGACAGGCAGAGTATCTTCTGAGCACGACACCGTAATGAAGCAATACGTAA	)&%#$%,/()+%&###$%##'))9<0++,')*6<B787+&B1>145<=C@(?A;;@?2-890))))++03/*=;&2-&1334=1.,6853;$355874$'(-(&&&&-8752+..*.0+<;1,,/+3,,))&&$$#&#$#$#'36+1-(('*%%&$-/1-%(%/762:==>86))**+1,))+0=*,(@@.*03168C<6553)89=>0233/-+*#&%+08**,,>C>BCF?@;;84;<0?D:67%%73$$$4.)*(()(3&&%%2&)&(%&(.*228;E*:%#&+*.++,599*.>,+**)09;77/1755::1@:)7()77==78B598$$0#84811-3@<=A=A9=A?06+%'.57:=@=<=?;;:8%"#&56??C=;DFA;-@?:/-*-@?B=30-.-/**++0%7$77:7B-:@F:8:?<41$..///.+&%$)-1+')$.049DD@EA9?>963.7987;84+-6;@>BEGJI@A<*@E?=;=:-%%&(,'.'6=<@=?,<4IDC>)/$.04,/5.,,/+6<=8:6446204;=@DCBBCGA8:5680/>1231/='3%,5+&;2)%($)))##'66552=:;95$$869:*2-0*$$,2001+*/1//5$*-.;B<:;6'')&&(0'.,-.:+7??-&6(*.,--3222'.3467?3:<3<;99:72298A>CBIBA@08:?BF0EAEE?>4).%'*,*---+4@BB;996??3:>>@=BH?1HECSOH3<30.++&$$563/'(+0-9/%%%,:A*%%&/((&$'13;::6428/43636)%0;<<:=1,/.&*)*'&&,1.,&	314.4046699672074	0.08685636308599044
1169	e1474666-f51c-4486-aee2-70a04fdf9d01 runid=ed1de13037eb1bcfeefc20d46af38743bdac68e6 read=14121 ch=34 start_time=2020-02-10T17:32:45Z flow_cell_id=ACE547 protocol_group_id=barcode_test sample_id=barcodes_fish H-(2,10),h+(6,-1) c1_174.9681002763672	GTGCTGCCCCACGTTCAGTTACATGTGCTCGGAAGTTAGCATGTCGCGATGGGACTGCGCTGTCGCTCCTATCTTCTGAGCTTCTGGGTGGCCGAAGAATCAGACCAGTGTTGGTATAAATGGGATCACCTCCTCCAGCAGGGTCAAAGAAAGAAATATTAAGATTACGGTCAGTTAAGTATTGTGATACCAGCTGCTAAAGGAACGAGGAAGATAATAGTAAACTGCTTTGTGAGTAGTACTGCTCAGAAGCAAATAGGGGTGTTGGTACTGTGAAGTATGGAGGTTTTCATATTAATAATTGTGGTAATAAAATTAGTACCCCAGGGTGATAGAAATCGCTAGATGAAGAAAAAATAGTGAGATCAACAGATACTTAGCATGAGCAAGTTTCCGGCTAAGGTGGATGAACAGTTCAGCCTGTTGGCCAACTTCTGCAGAGGATGCTAAAAGGGAGCAGGAAAGATGGAGGAAGAAGTCAGAAGCTTATATTTATTCGAGGGAAAGCTATCTGGTACCGATCATTAGAGGAATAGGTCAGTTCCCAAGCCTCAATTATTAGTGGTATTACTATGAAAGTATTGCAGCGTGCGCTGTAACGATCATTATAGGGCAGTCATCGCAAAGAAGTGCACCAGGTTGACTTCCAAACTCTGCTCGAATGAGCAGGCTTAGAGAACTGTTCCGACTATAAGCTCAGGCACCAAATACAGATAAAGGGTGCCAATATCCCTTGTGGATTTGGTTGAGAAGCAATATCGCTTTCAACAGAAAGGTGTAAGTAGCAATGCTCAGTTAGCAATACGTAGC	$'#"&(*%%%#'4@87'-%('((((<;GD3(/%%,3,+3468745312---+%***%$$,,01;2>C$7::<?B<>80($'76643'2/-.-.''5(*(/0&&$$--5G:;8189/-174--:<96:7774))+'2(())+/+(?=9)*+0.(-,*34229--::C=--=7>05,0&'&/**+*,:1-,+*%$%+#&*,5%)3$&'&%*+$*@9;G=:>->:3)$/%$%&.%%%&&3)(,+.-++.90'2%,8;6-*+(-)6A*=5.04;((-2)-&(/%$(2.1+4=;45)''.24656'5:200)+0.+30))(+'+-).--%,(&(-,%%%$):(#1$$-%(3))**'.+540*,-+7-,(20-/(.65*&&%'('+**%(/-/0'-0:3*+&''')-'-7;?C&&&-4596190/.-*%1&+5442%,,1,,$('.#/:82,$(2>3&),*&--0,?4F2)=43'&*.&6-.42/9)(-)&555*%'(*/.2;=.-9($.0%78:*+*)))(%12<.25))*&*(-/),'-065:/:.<081('%(*-5)'&(8340&<)380-.1843))**%$2&&)%,-.0/75<>@@?=:167.14'*8)$&%$##$&9?899%)63&&&%*/+(('*'(.$-,+$$%%*%*)//381+.:54?.-.(''',,-,%$#%+*)*'5)(&$)'(*%'+'*+3(*/,,(,,*0)(((3=<>>))*0<1797++/468:2<4/+6&'+0.-7-%%$16(9@:9.(3'&3311,$.//5,).8A740(###&$((('%14'.)*%'(*())*+&'$#	174.9681002763672	0.12618583516687792
2342	363e76b5-84ef-4ef9-841e-9d930bb027d9 runid=ed1de13037eb1bcfeefc20d46af38743bdac68e6 read=28774 ch=96 start_time=2020-02-10T19:14:01Z flow_cell_id=ACE547 protocol_group_id=barcode_test sample_id=barcodes_fish H-(4,9),H+(2,9) w1_129.9218424726446	CATTTTGCCTTCGTTCAGTTACGTATTGCTTCTGTTGCATCCACTACTAGGACCACCACTTGCCTGTCGCTCTATCTTCTAGACTTCTGGGTGGCGAGAATCAGAATAGATGCTGATATAAAATAGAGTCCACCTCCTCCAGCAGGATCAAAAGAAAAGAGATGGCGGGTACGATCAGTTAAGTATTGTGATACCGGCTGCTAAGACTGGAAGAAGATAATAATGAAGCACAGCTGTAATTAGGACTGCTCAAACAAAGAGGGTTTGATATTGTGTAGAAGTGCTGGAGGTTTTATGTTAATAATTGTGGTGGCAAATTAATTGCTAAGAATTGATGAAATTCACTGCCAGATGAAGGAAAAATAGTGAGAGCAGATGCCCAGCCTCGAGCCGAAGGTTTCCAGCTAAATGGGGATGGGCAGTTCCAGCCTGTCAGCTCAACTTCTGCAGATGATGCTAAGGAGTAGGAAGGATGGGAAGAAGTCAGGAAACATGTTGATTCGAGGAAGCTATGTCTGGAGCACCGATCGTGGGATGAGTCAGTTGCGAAAAGCCTCCAGGTATTGATGGTATTACTATAAAGAAAGAATTATTACAGCGTGTGCTGTAACGATTACATTATAAATTTGATCATCGCCAAGGAATTGCCAGGTTATTAAGCTCTGCTCGAATGAGCAGGCTGAGCTGTTCCGACTATGCCGGCTCGGGCAAATACGAGATAAAGAATTGCCCGATATCATGTGGTGGTTGAAGCAATATCGGCACCAGCAGAAACACTCAGATCGATCCACTGGGGATATGGCAATACGTAAC	'#'+'&$##$'(*--'&0$'%%&++)-155*2+&#$$&*225)#'111,.()(&$$%($%$(1204/0*5;>:$.2/.#"$(+##&##%&&-*0-)'$112A<06;555,2156971+$.91-*+)&+++'(455,0.%'$(&'+3:4D95-'(96/$'$%&&'&&'%%0%(-/0/(($&*)%((*,*..(%$%&)'$451(58,7:89)-8*,&41121.0'$%%/'1,()<?=<=92(3++'658>26C>9&@FJ.()/((%/6;4-.)+()'%'$'&$54<?==?24;@@>6$$%-',89--03.'')$#&+,,26:434*'$*4&2)36;8232+<<*9$#&).470H??73(5$*=0*&&,1$%%$&(+,../8701)%#%&%'$)'+)(,3.A5%6-412/0*((872-'&&&34878%82&'&')%/$'*'*$$#$(%&%//1=4423744,'%*$'0,-,*6'<=:<2.-4.+'/15'($,'&)-''2)$$')%'').$'%$'(#$58462%(#&)+,38=,7/0/*+('+((#'%&'$&((*'(123':&&&9245&%%(-22''-''16DK1(.'$+((()001&$$&,*;4:4/>.270.//5?0''&(9<?9>2<60/;E96<$$'/'-,,((*&.9515@2%##2%9CAC?A51C911,.,)##&&#$%%',,*(9',+..05337;11-+8%0%&14*''(&+=@=?;-%&$$'/22*'%(()2%'($((55:B94.'-++'128<%423//-&)))3=7223,/%%-144:**..-,(&27*&'$%'&'$#$&,()&#	129.9218424726446	0.15132542568018564
1158	06aab1a9-714c-46c5-bc2a-2d769b8a450f runid=ed1de13037eb1bcfeefc20d46af38743bdac68e6 read=16959 ch=75 start_time=2020-02-11T00:32:19Z flow_cell_id=ACE547 protocol_group_id=barcode_test sample_id=barcodes_fish h+(3),h-(1) h1_175.5878605194553	CGGTGTGCTTCTGAGTTCCGATTTACGTATTGCTACTTCATAGGTTGATTCTGTCAGTTATTTCTGTTGAGGTGCTGATATTGCTTCTCAACCAGCTACAAAGGATATCAGCGCGCTTTATCGTATTTGGTGCGCCAGGCGGCATGGCAGGAACAGCGCTAAGCCTGCTCATTCGAGCAGAGCTAAGTCAACCTGGTGCACTTCTAGGTGATGATCAAATTTATAATGATTGTCACAGCACACGCTTTGTAATAATTTTCTTTATAGTAATGCCACACTAATGAGTCGGAGGCTTCCTGAGCAGCTCATTCCTCTAATGAAGTTGGTGCCCCAGATAGCTTTCCTCGAATAAGCAACATAAGTTTCTGACTTCTTCCTCCATCTTTACTCTCTTCTTTTAGCATCATCTGGAGTAGAAGCTGGAGCTGGCTGGAGTTGAACTGTTTATCCCTTCAACTGGAAACCTCGCTCATGCTGGGGCATCCTGTTGACCTCACTATTTTTCTCTTCATCTAATAGATTTCATCAGATTCTTGGGAGCAAATTAATTTTATTACCACAATTATTAGTATAAAACCTCCTGCAATTTCACAATATCAAACACCTTTTTTGTTTGAGCAGTCCTAATTACAGCTGTAACACCTTTATTATCATCTCTTCCCGTCTTATGCCAGTATCACAATACTTTAACTGATCGTAACCTCAACCTTCACTTTCAGTCCTGCTGGAGGAGGTGACCCCATTTTTATATCAGCTGTTTATTCTGGATTCTTCGGCCACAGAAGTCACAGAAGATGGAGCGACAGGCAAGTATCTTCTGAGCACGACACCGTAATGGAAATGACGGCGAAA	+&&'&'%3320'(%&&++)(#%%%&11:1160,00?@2/)$$*##$%#$%'')$@.3.16<@@??39/2(%'=58/8200.16--<99=:%,,%%$%&'-.&)=>9408(&&(%##&''$3(4877<822>,%$$%*,11070.()'%$+''(11+)%%-42'51-($6;8B84/).44922?/6,$-45'5663.A68<86--$#&,-.,(-.(>94304*)'(01-8;<4/8+,,*++$,-)$')+&+.-0290A?5313,()*$%%&&&%'%-'4.+'%%%'1$+.$/8?8A+3.-*)*+.9*<'98')(5,*&$&'%+*.((8&+++%.04/,5447=%,(2)*/.56%4;*72-104:A0;44-,,-&&(%$'8:99<:8)$$*)*)$57:>@=:=?;5C;92;1-&38)$*(7@?A?4/8106''',$+8)()*'($&+*259>2#&#%$0253,/',-/,+6?ACA=96'5=532&&850(.))363;=BD>LIIH9:A@G@=-(5)$#"$'(.3:61+8(&)72331*,&$$%%+$<>;DIKIG89:499027235-,.&#$#'210-665**%$%-1,B;8:@D<<:6@:-&#%042<CCA9@?HE92+%%7$$)7+$$&#$'&$-%%$""$&&')*),//(&%%3/545%*'&2111*$%&$#.4,*6.99+''$$'046;<;69<577.7:-=7()'#&$#%,./'$&&&+2506678;('''1+(+++%(+/)($++,-6)*%$$.43**3($$&#%-35*1((0*%)()+/54)''''1'57$$%$&16*$$(.669;K=8=<6,%*+&%('*)')//$$%$#%%'(##%$#%'##%%$	175.5878605194553	0.14878901902416097
1246	26383b06-2796-4485-ab96-764444c4c7ec runid=ed1de13037eb1bcfeefc20d46af38743bdac68e6 read=26924 ch=32 start_time=2020-02-10T19:18:42Z flow_cell_id=ACE547 protocol_group_id=barcode_test sample_id=barcodes_fish H+(2,9),h-(3,-1) w1_172.0709267586224	GTTGTACTTCGTTCAGTTACGTATTGCTATATCTTGAGTGGATCGATCTGAGTGTTTCTGTTAGTGCTGATATTGCTTCTCAACCAACCACAAGGACATCGGCATCCTTTATCTCATGTTGGTGCCTGAGCCCAGCACTTAGTCAGAACAGCTAAACACCAGCTCATTCGGCAGGAGTAAATCAGCCTGGTACTCATGGTGATAGTCAAATTTATAATAGTAATCGTTACAGCTTTGCGCTTTCGTAATAATTTTCTTTATAGTAATACCACTGCTAATAATTGGAGGCTTCGACAAAGCATTAATTCCCCTAATGATCGGTGCTCAGATATGTTTCCCTCGAATAAACAACATAAGCTTCTGGCTTCTTCCCCATCTTTCCTACACCTTTTGCGCATCATCTGGTGTAGAAGCCAGATCCAGGACAGGTTGAACTAATACTCACAACTGAAACACACTCGCTCGGCACTGGGGCATCACAGTAGCTCCTATTTTCCTTCATCTGGCAGGAATTTCATCAATTCTTGGGGCAATTAATTTATTACAATTATTAACATAAAACTATAACGAAATCTCACAATATCAAACTCCTCTTTGTTTGAGCAGTCCTAATTTCAGCTGTGCTTCTGTATCTCTTCCAGTGCGCGCCAGTATCACAATGCTTTTAACTGATCGTAATCTTAATACTTCTTTCTTTGATCCTGCTGGAGGTGACCCCATTTTATATCAGCATCTATTCTGGTTTTCAGTACCCAAGTCTGGGATGAGCGACAGGCAGAAGTAGGTCCTAGTAGTGGATGACAGGAAGCAATACGTAAC	%$&&*+((*)1106.-(+%4462240444-63455$#./.(&.3,+,/*-/...%419,4:4&):2767623362;:@>/@7))-4+2.**,$-)9930'(/68++.&*2)(1-3&%%956593*)%&%++,%$&%%"#$$.22**/,''*('&($%$$'*$'-33624)%%$%&$%&)(#%;,1=>6321'.+4'*+14(%$%&4=<B;6=C678+&&&+//78608***%%&''*.145F8:...-3<;8B?=;AA1,-.+32+(,+($""'&(-578001-0$&(##,(%#%(&&$%&#$$)$14:3'.0////19),<:-(9--,('$$%-2215+3%%8456,,*()*.0)-**)&&''/221/;7<>7244568.71%-/79:;75#%+747:3,-,./5)&&$11&&&$&%$%%(4=511,+;'(&(%'%$%&##&$#%#%)$'.)*+-,+16*52/#$$%#%%,144'$0#%%$#%$*)(,+():53/3)5375:14*%%,+,&&(+,0/@=*86/02'&,*+.--0,0,0')(*(,,++.12351//0@=+*&$$#&#$$,/07;*,578(%%&((()9769.???6,-;-*$-017''*47:?E155%1379=::/53*-*;A@;>E0E6*#$$$#%$%&#$%$##%')('%&+)(.($)%&12..88:?>?.)()&&,447=698'/.**01,%,.)%(,*-*'.11''(&%*286<:*>:0B8;JCE:6:>EA4/$$###$"%'106,%%$('))*)*(%%)',/&&%-0)*<11:3%())+'-(%$#%'-)34199>1--*++)'#	172.0709267586224	0.15546348468415996
2314	9705d183-4e1e-4a45-9a72-f569e0689833 runid=ed1de13037eb1bcfeefc20d46af38743bdac68e6 read=66424 ch=81 start_time=2020-02-11T01:12:00Z flow_cell_id=ACE547 protocol_group_id=barcode_test sample_id=barcodes_fish h-(1),h+(2) h1_131.21009212716763	GGTATGCTAAGTTCAGTGCAGTATTGCTTCATTACGGTGTCGTGCTCGAAGATACTTGCGCAATCGCTCTATCTTCTAGACTTCTGGGTGGCGAAAAATCCGAATAAATGTTGATATAAAACCGGTCACCTCCTCCAGCAAGTCAAAGAAAGAAGTATTGAGGTTACGATCAGTTAAAAATATTGTGATACCGGCTAAGACGGGAAGAGATAATAGCAGGCTTTGGCTGGTAGGACTGCTCAAGCAAAGGGATGTTTTGATATTGTGTGGTATAGGAGGTTTTATATTAATAATTGTGTTGACCAAATTAATTGCTCCAGAAATTGATGAAATTCAGCTAGATGAAGAAAAATGGTGAGGTCAGCAGTGCTGGCATGAGCAGGTTCAACTAAAGGGGATAAACTTAGTTCAACCTGTGCCAGCTCAGCTTCTACTCAGATGATGCTAAAAAAGAAATAGAAAAGATGGGAGAAGAAGTCAGAAACTTATGTTGTTTATTCGAGAGAAAGCCATATCTGGGGCACAATCATTAGACGAGTCAGTTCCAGCCTCATTATTAGTAGTATTACCCCATAAAGAAAATTATTGTGCGAGCGTGTGCTGTGACAATCACGGTATAGGGTGAAGTCATCACCTGAGTGCACCAGGTTGACTTAGCTCGGCTCGAATGAGCAGGCTTAAGGCTGTTCCGACTATGCCAAGCTCAGGCACCAAATACGAATAAAGGGTGCCGATGTCCTTGTAGTTGGTTGAAGCTTAATATCAGCACCAACAGAAATAACTGACAGGTTCAATCTGTAAGTAGCAATACGTAAC	%()(&%%,&(+++1$)7+**$%&#&-.1/8('*(,,0:0%)/4.896%%1'-&&&&')&#$$$)&&*/6.,8=?.=,67<;;/4/&)(-*''(,9465%%5%&,.69>23@3@:458?>3'%%%024/*+-*10&1'&%'%%,796(+--%()%$&&$')21.;+%$&(,(*-&)*A0/(%%$%$%/.00-((+($&(/,((*-'.*150))&&&(')('***'&6/.(%4+/71+>&%&'3.&431%)&&&''(+-'2.(((*)),%'&+'$%*645,%2,*-..''((%&%(2&)%"#%&#&1,(,/-%$'1/0%=;*.+236==268,2),1$,,3.0=6678)2-C<9000/20*4-90$%(&%''&$))+%%%%&%&'6*$'%'')2**,3:710*+$$$0.3376$77,/64/1,21(+%$$*-**#%,.&(.*,,('$'+8.)&&&()%#('88+&()''-&*%.3,62)&;$$(,/*,-.7684.:=6?A7=76+,&,+.(5<311.1&$))%##$4:9;+,,((#''%.58+2*0%/%%$#%$)"%,+-)'#$+4.&(-0//-.37:3'-..,24'''))$#$%&9@DB6>?=824+'1142-##&/+),%&&))%%'334;@740/*%'-*$$&-*7>B9D<?>;0*1*.$,+..&#$%%%&&&%$"##-,%,8<>C>().-%%'$$#$(($+,5**,))%&/1866//-3-.1%$*''#%&+*('''*(('#%%%''$%&%'),,,,53-,-4-36700='-..:I9>B58;;0--.-<4;7-0/+++(%'''(,2+**$&&'$#	131.21009212716763	0.15933317110923087
2313	ff448207-9c7b-46db-a1e3-699f58d1706a runid=ed1de13037eb1bcfeefc20d46af38743bdac68e6 read=73554 ch=69 start_time=2020-02-11T02:23:23Z flow_cell_id=ACE547 protocol_group_id=barcode_test sample_id=barcodes_fish h+(0),h-(2) h1_131.22354316950006	CAGGCGTGCTTCGTTCAGTTACGTATTGCTACTTCATAGATTGAACCTGTCAGTTATTTCTATTGTATGGTGCTGATAATGCTTCTCCAACCAATACAGGACATCGGCACCTTTATCTCGTATTTGGTGCCTGAGCCGGCATAGTCCGGAACAGCGCAGAAAGCGCTCATTCGAGCGAGGCTAGTCAACCTGGTGCACTTCTGGGTGATCAAATTTATAATGTGATTGTCACGCTTTTACGCTTTCGTAATAATTTTCTTTGCATAGTAATGCCACTAATAATTGGAGGGCTTCAGAGCGAACATTTCCTCTACAATGAAGTTGGGTGCCCCAGATGTGGCTTTCCCTCAGATAAACAACATGAGGACACGACTGTTCCTCATCTTTTCTCATCTTCTTTTAGCATCATCTGGAGTAGAAATGGGCCTGGCACAAGGATTGAATATTTATCCCCTTTAGTAAACCTCCCCGCTCATGCTCACGGGACATCCTACATTGACCTCACTATTTTCTCTTCATCTAGCCGGAATTTCATCAGTTCTTGGGTAATTAATTTTATTACTGCAATTATTAATATAAAACCTCCTGCAATTTCCACAATCAAACACCCCTTTTGTTTTGAGCAGTCCCTGATCTGGCATGCTTCTATATTATCTCTTCCGTCTTAGCCGCCATTACAATGCAACTGATCGTAACCTCTAATACTTCTTTCTTGGAATCCTGCTGGAGGAGGGTGACTTGTTTATATCAACATTTTATTCTGATTCTTATTGCAAGTCTAGAAGATAGAGCGACGGGCAGAATATTCTGGGCACGACACCGTAATGAAGCAATACGTAAAAT	*$''$#&%%+*1/+*=%5%&+--2&&)*)*$*3::,+.,-==11:()&%16%7%&):;-+%%%')**%&*,%2,/*+,$*''*0/2(C?*/<;&$&&&.3&$01.%4211+9>=5240)%()&)41,3(-),-'-+%*..0138%%>442,33*,'%$$'(''%$1;?-..6''.%%$$'')$$-<5,*,),+8(#$*,3-0,12,)(':90&372'*,,.+++')7(.+'&%"#&)',+(&(+&*&,//3<878222342%#08<>?@60*#&((&)%#$$&(2)%.-)22./&'$%%%$$)*'272.-3('$++/-*('.0-'8;5210(,+/('%%(.234<:5'3)$./1,(17&)$$%$('&%%%*&%2#%)*$&039:;,))%$#$''-,/153315>:6=459799'53)&)($)*+0&)#%)$$$$#,1%24.)'*+(**)26885&3/($#%,)240*6++-2.3-)(%&$#$$)&#((''*-#$%-/;9=A7A;7178:701,,=:54.:9&0:='4260<(:/.1)(.8016&(#$132451:?<<312(#%$6777:0./)&%02<71+''+271&)./.72%2$$%$$"$&*-+779'(4,,/5985880,,489=6/))%$#$$#%$$%%*%"%()+-21;7@FB5>467(*&$%&''$$"###*(%$(+&$#&&75223.01,+#'%#$$%&%'-00..(..59:877*+.431*-&%&',*#$$&#%'1//-.)$#&(+)%/342-,*06+'(#&'&,,%&3:%%%-0;-%%)&-040))')$%(%)%%))$$(/(%$$3223;9,,++',.4-/93..()//*&$$	131.22354316950006	0.17346430616710984
1282	769d9b50-1932-4076-8fd0-4fe712169f43 runid=ed1de13037eb1bcfeefc20d46af38743bdac68e6 read=22402 ch=104 start_time=2020-02-10T18:06:21Z flow_cell_id=ACE547 protocol_group_id=barcode_test sample_id=barcodes_fish H+(0,10),H-(2,9) c1_170.93969163081337	CAGTATGCTTCGTTCAGTTACGTATTGCTAACTCGAGCATTACCAATACTACACCTTTCTGTTGGTGCGGTAGCCTCAACCAACCAAGGACATCGGCACCCTTTATCTGTGTTGGTGCCTGAGCCGGCATAGTCGGAACAGCCTAAGCCTGCTCATTCGAGGCAGGCTAAGTCAACCTGGTGCACTTCTTGGTGATGATCAAATTTATAATGTGATCGTTGGCGCACGCTTTCGTAGTAATTTTCTTTATAGTAATACCATATGGTGGAGGCTGAGACTGTTTCATTCATCTAATAGTCGGTGCACCAGATATAGTAACTTTCCCTCGAATAAATAACATAAGCCACGACTGCTCCTCCCATCTTTCCTCTGTCCTTTTAGCATCCTCTGGTGTAGAGGCTGGGGCTGGAACAGGCTGAACTGTCTATCACTTGTGGCAGGAGCCTCACTCAGTACTGGGAAAATGTTGATCTCACTATTTTTTCTCTTCATCTGGCAGAGGGATTTCATCAATTCTTGGGGGCAGGTAATTTTATTACCTGGTGTAATATGAAACCTCCAAGCAATTCACAGTACCAAACACCCTGTTGTTTGGCAGGCAGTACTAGTTGCAGTAGCTACTAGTATCTCTCCGTCTTGGCTGGTGTCTGTGCTTCTAACGACCGTAATCTTAATACTTCTTTCTTTGACCCTGCTGGAGGAGGTGATCACTTTATACCAACATATTCTGATTCTTTGGCCGCCAAGTCTAGAGATAGAGCGACAGGCAGTAGTTCCATCGCGACATGCCCAACTCCGAGCAATGCGTA	*%**''&0117;E9@(3%($+-15)2368998-4/.333362<?C72264+%(10033$&%8%74<)&'%'&)//*3(',14*)*'(,+9>97<$1/3==A152&22*--%855.E<CB=?180+-5441656:+3'&*+,/..355A@?::;B;@-:%%&*%%+,./.()28)'0255;F)$-++;7<<8;9;9+/31,/2.7::0**&&%&((9:078)4/-/1406>B?7++'%'1425510033''*+//(''*(#&&##$3++$%(&'-)*)%$%$%+..4*.$$+*&$#%%12),4(&&&,+--)'#%$#%#$'+-23(+.$$68;6-+,))%%+.)(&$#$#%*&#'%-+)*%####%%,))'%#%-#$$%%(:=<''*+AC6*20+&&$&,::;:+<CGD>%+,,/*/110.--.197)%,%#&%&%'(&'(&$$-,))%$&('###&(&+*--0/-*&*,536*,%'/0:<<<<74*26@:0,92,.)12-430+=E=<.+9@=<D@?81,;0-&&$#&*++.,-**,1-,$$%%$,&&,,**)3(/20%/(%')02(-3+++$%%$%)*+(*+&&'(76;6>6&.$%&&%%*3,$('/#'$((%%&##&$()%%(&&2+6*1.29:77(),200725?2.-%&&)&&'&'+05646=;69570*&%$),'())('*%49>C8$%*4497:,&'&1'%':((.0,)%%$''%&%2683@:>BC>>;9,*-+)%$$$(76:&'&))*(()%766/))*+,$&0*6+@/;634**,((()&%$#1266,B()',--%%..+&	170.93969163081337	0.1531506981072325
2341	42111c97-8bed-45b1-ad6c-9d1eeb53029f runid=ed1de13037eb1bcfeefc20d46af38743bdac68e6 read=16799 ch=115 start_time=2020-02-10T17:50:13Z flow_cell_id=ACE547 protocol_group_id=barcode_test sample_id=barcodes_fish h-(3),h+(4) c1_129.94582475906512	CAGTAATACTTCGTTCAGTTACGTATTGCTCGAGTGCATGTCGCGATGGAACTGCGCACTGTCGCTCTATCTTCTGGAACTTCTGGGTGGCCGAAGAGAATCCAGAATAAAGTGTTGGTAAATGGGATCACCTCCTCCAGCAGAGGTCAAAGAAAAGTATTAAGATTGCGGTCAGTTAAATGTTAGCGATACCAGCTGCTGGGCGAGGAGGGATAATAGTAAGCACGAAAGCTGTAGTTAGTACTGCTCAAACAAACTAAGGTGTTGGTACTGTGAAATGCAGGAACTCCATATTAATAATTGGTAATAAAATTAATTGCCCCAGGGTGATGAAATCTGCTAGATAGAGAAAAATAGTGGAATCAGCAGATGCTAGCATGTAGAAACAGGGTTTGGATTTTCCGGCTAAAGGTGGATAGACAGTTCAGCCTGTTCCATTCAGCTTCTGCAGAGGATGCTAAAAGAGGCAGAGAAGAATAAGGAGGAAAGTCGAAGCTTATATTATTATTTAAGAAGCTATATACGGTGCACCGATCATTAGAGAATGAGCCAGTTCCCAAAACTATCAATTATTAGTGGTATTACTATAAAAAATTATTACCGAAAGCGTGCGCTGTAACGTCACGTATAAATTTGATCATCACCAAAGAGTGCACCAGGTTGACAGCTCTGCTCGAATGAGCAGGCTTAGGAGCTGTTCAATTGCTGCAGGCACCAAATGCAGATAAAGGGTGCCGATATCATGTGATTGTGGTTGAGCAATATCGAAGCACCAGCAGAAGGTGTGTATTAGTATTACTCGAGTTGGCAATACGTAAC	+$')&$&)/021--2<291;22471/1-.08'$.4$%((+,.334768:6:0/*$$*$#/.)7(&+3'036F=:3$1$,66:B=7153(+((&'*(*%/1'';+'$&$51)56/62)$%%(%#%-:5/0%,,0032(7-*+,-#&6/A>4&'/0/-$++''*'*$#&%),1/6'(&('%%$%0%&&"$%--<96)33$,%%&(%$%70/+*)-11,''(**&$,4%%%%$*12#&&%#$'))(+37@;AB/*241)./+&*.6.:75*2)).((%#&$%$$$'&$$#&%*&')%%('('$$'(4971//.)++-'%#&%%%$#%&'&*$%,'')''('$4589/()'-$+0;0+'',2**)2-?1'()+)((*$&$$$"$%&#*($%%()1#(*)'#8<?:,-'()+&-)&2>>B<9;;.()0+/2**++/1@6)()''$)(""&$%$,+)'+6<3*'2/3.&'$(1453,$/,'$$#%#75(2439))06',.+555'%%&,$%&##$&%&&%%'4781,((())8)')0572,5'59+,(.:D322>8%0:2=/8(663%'%&(22./28;B=4A>48*/34?A9235%.1649322$%$'(3--442,(+)*&'.'++07*'()*((&%+2,/-39767$$/51$*)%++-,+,-.02,2'%&+?AE?72/B00513./++*/,,,)*&#'')%%).$%#$&%%#)+,&###%'*+--557=:;:+*,4782.**''$$#$$"'$%(*%)'.&&%#)3,)(*+&(&(+---.&*104/(9C8/&-,47.,.'#%#.03,-'.0%)(,)((,+,-$#	129.94582475906512	0.1632255084088947
2391	72fde34b-0798-4b21-b915-efd7ec897ccd runid=ed1de13037eb1bcfeefc20d46af38743bdac68e6 read=29505 ch=9 start_time=2020-02-10T20:33:00Z flow_cell_id=ACE547 protocol_group_id=barcode_test sample_id=barcodes_fish H+(6,10),h-(2,-1) w1_127.92096868617	CGGTACTTCGTTCAGTTGCGTATTGCTATATCCTTAGTGGATCAGTGTTTCTGTTGGTGCTGATGTTGGCTGCTCAACCAGCCACAAAGACATTGGCACCCTTGTCTCGTATTTGGTGCCTGAGCCAGCATAATCAGGAACATTTAACCTGCTCATTCGAGCAGGCTAAGTCAACTTCAATGCCTCACTTGGTGACTGATCAAATTTATATTAATAATCATACCTTTGCACTTTCGTAATTTTCTTTATGGTAATACACTAATAATTGGAGGCTTCGGCAGCTGACTAATTCCCTATTGATCAGGTTGCTCCAGATATGGCTTTCCCTCAGATAAATAGCACCAAGCTGGCTTCTTTATCTCTGCTCCTTTTAGCATCATCTGGTGTGGCCGGGAGCAGGACAGGTTGAACTGTCTATCCTTTAGCTGGAAACCTCAGCATGCTGGGCATCTGTTGACCTCACTATTTTTCCTTCATCTGTGCAGAATTTCATCAATTCTTGGGACAATTAATTTGTGCACAGTGTGCCTCACGACCTCAGCAATCTCTGTCTCAAGCTCCCTACTGTTTGAGCAGTCCTGTTGGCTGTGCTTCTTATTATCTCTTCCAGTCTTAGCCAGTATCACAATACTTTTAACTGATCCTTAATCTTAATACTTCTTTCTTTGATCACTGGAGGAGGCGGCTACATCATGGCATCTGGTTACAGTTCTTCAGCCACCCGAAGTCTAGAAGATGGGCGACAGGCAAGTAGGTCTAGTAGTGGATGCGCCAGAAGCAATATTACAGCAAC	(&).%#()(*%.0(/+6)(#('((037.+,$$/)*(+/,*(%1$.96,@6)3722*)(-.33.$$.()%#%#&*92#%.6%;::7;:)&)(+,0**'((('$''/36>.7002>143+//(..,,*$'(($&'01()(%%&&"$&'')*+-$''$.+%()+*++/1730$+/*%##%$(0-*%''/$"%')&&%($&*+69<22@CF955#%%$&..-0(&&$&#&%$$&&&,46/0+447789<A92'',))('%),251)'(%%'4((&'*,/-%'()')(+($&-)+:,:(30%'*&$-#&$$&&%(%-%&$'&$%&)5776:+0*$$)&)4302&.-++,)')-&(24822'%)/,-))'%+*..10/%+,015.&0&(+4-'((-0%78(&&&.-.--.)%8(+1;;:@CB3..0.2,&''''''*'+(&'$$%%&''')1*''-3/4:3,)0226100/-059:355760/2'%$$#'&$76:=<986992E?:;1)(#358<5>8;<4%0#+)%)-959,&%%)$#&$-2*2)''76;;'4+$#()'4/%04.=+'#$).6;820111-8782.7+&1--+1.00/'%'(#&-5>=9?=+**+<>?8$%##$&456=489/*+*+---.,+,--$$'#%4+.213-+12650-.695773.-,?+/-12.3(#(((+%$##"$%##'#//.+1.($*(&*+2,2678,'((&%&&$%$&-+)%&'+*-1((+'+-%$$%%,/&&+))-(7+-/EA8B87?;:/,%+%'%(%()',+)*%&*#&&&#	127.92096868617	0.16381673498926885
2561	61bb38dc-4822-4627-b781-d9fb3f7dbbf7 runid=ed1de13037eb1bcfeefc20d46af38743bdac68e6 read=15011 ch=17 start_time=2020-02-10T17:43:01Z flow_cell_id=ACE547 protocol_group_id=barcode_test sample_id=barcodes_fish H-(4,11),H+(2,11) c1_117.78220041354885	CATTGTACTTCGTTCGGTGCAGTATTGCTCAGAGGTGTATGTCGCGATGGAACTACTGCCTGTCACTCTATCTTCTAGACTTCTGGGTAGCCGAAGAATCTTAAGGAGCCTCTGTTCTACCTCCAGGTAATCTTCTTTAGACATCTTGTGAGATGGTAGACATCTGGGTGAATGGTAGACGTACTTGACAAGCTGGTACATCCTTGTGAATGGTGACATGCTGGTGAGCTGGTAGTCATCTTCTTAGTAGGATAGTGAACATCTCGTATTTATATTGAATATCATGGTGAGAGGAGTGAAAAATGAATGTCCTCCATAGCATGTTTACAATTTTATGATATTTGCTATTGTCTGTTTCCTTTTGAGAGAGAGAGGGAAGTGGGAGAGGGAGAATAACCCTGACACCATGACAGATGGTGAGTCATCCTGGGTGCTGCTCTAATGCTAATGGATGGAATGGGTAAATGTGTGTATCTTTCTGGGTGGTGGCTCTCGTTCCATTGCCTGGGACACGGGGGGCCATCCTTGTGGTTGTGGTTGGCTGTATCAGCACCAGCAGAGAAAGGTGTGGTATTGGTAATGCTCGAGGTTAACAATACGTA	$##$$,-,-4,1=:9(+7)))'&$$%+%&2(.$(&/&"%&)+0&%&*''()++/'#$&362/+4&%/7<;7@A92.')17789.-*00.21/+./&<6/,(%+&)($*1+441)%)4.4113$9.1672)132.%#$,%%/5+&+'(-+/1'3''31((''(6983:41&&00010%&&"#$$$((%'$('$(*%$((*-+,1-14&80=--3')(')))-().-)*'-($)-&(3-49842#'(*23)**.001588;<A?=>?,,,+++*%%#$$#.17344..38./,*0(%+/%0/01))*)1//227-&.'#$&%'&%59612.70<85*('$%&&&(++,&&'-+:'&0794;8A?@==9/0%)',&.49%&)6@82/-$''%)%,+,1$00,&**+,,+&&&%(01,-,1-&%)'2(22744&-9,<?DF:,'-41078=<65+4687.;76+22=>=77&;>97=@BBB.(#$(*11%&'17<B7-/18-0&&(('&%'*'/.+(&'-.+(&%)0463?99)*3'/%(+5(++&&$+-11(++++-,%-,,1%.56-82*&%)4..0/..*3##*-8)(&&7&*$%&$%%#%&&	117.78220041354885	0.14303930083204364
1164	c6332280-c083-4e3e-a81f-0f27cfddca59 runid=ed1de13037eb1bcfeefc20d46af38743bdac68e6 read=14130 ch=7 start_time=2020-02-10T17:36:15Z flow_cell_id=ACE547 protocol_group_id=barcode_test sample_id=barcodes_fish h-(3),h+(2) c1_175.38283714500898	CGTGTGCTTCGTTCAGGTGCGTATTGTAGGTTAGCATGTCGCGATGGAACTGCCTGTCGCTCTGTCTTCTGGAGCTTCTGGTGGCCGAATCCAGGAGCCTCTGCTGTTTCTACACTCAGGTAATCTTCTTCAGGCATCCTTGTGAGATAATTGAACATCTGGGTGAGATGGTGAACGTACTTGTGAAACTGTGCACATCCTTGTGAGATGGTGGGGCGTACTGGTGAGCTGGTGATCATCTTAGTAGGATGGTGAACATCTCGTGACATGGTGAATATGGTGAAGGGTGAAAGTAGATGTCCCCTCCATAGCGTATTTACAATTTTACTTAATTATTTGCTGTCTGTTTCCCTTTTGAGAGAGAGAGAGGAGAGAGGAGGAGGAGGGAAGATAGCCTGACACCATGGGAGCAGATGGTGGGAGGTCCATCCTGGGTACTGCTCTAATGTAATGGATGGAATGGAGTAAATGTGTGTATCTTTCAAGATTGATTGGCTCACGTTCCATTTGCAGGACACGGGAGCCGATATCTTGTGGTTGGTTGAGAAGCAATATCAGCACCAACAGAAAGGTGTAGTATTGGTAATGCTCAAAGTTGGCAATGCGTAAT	%##'$%(*/..80.$.'5)*.40/0&$#&%2#(-*35;89,,39222(-,2&%&.00-)6::<%-05/03%&$$77<7<82/%,)*,(())=0,($46997)*<?<9B>;8*%%%':162B@=<>==011%&(*)211133(-/*.''##&)/6:;7<>?4/613./2--(4((*'(-,2347$'3+001)<2//$)89@;:1'2-0-+)+7073&3343=D20552.875291*/028;;<$0-$(-)*$,73/%88>?'.58;86>$$*1((101)%48933-+,0&(%%&'($1,+1176)(/3&%%%"$%%&'-$$&&)0.,-**,;--0,,,/--3&7:>86@@=??2?<=><9*,%)$'%/-8650(.+47@:6'=8=910&*)-.2.4438?@D@@443'$&#638/6121%-+%'/-.37++/....*)042673,,/&%,68AEE>?@A:-312%-2666&&4*8/1:=BDE85,',546-+/2/;64,&&5%A2+89<$2//7>-*)&$'+(,1,..25>?AB->C;I;')='@8048.6?57/*B;;:;<>,'*+*52*,48,**%))),-31+'$&%&$%'*+.1&%$-'%$..,*'#	175.38283714500898	0.10418158433697762
591	c940fe70-3809-4d95-a3a2-85a879438017 runid=ed1de13037eb1bcfeefc20d46af38743bdac68e6 read=42 ch=90 start_time=2020-02-10T15:33:11Z flow_cell_id=ACE547 protocol_group_id=barcode_test sample_id=barcodes_fish H+(1,10),h-(4,-1) w1_201.9503144551962	GTTGTGCTTCGTTCGGTGCATTGCTATATCCTTGAGTGGATCGATCTGAGTGTTTCTGTTGGGTGCTGGCCTTCTCAGCCAACCACAGGATATCGGCGCCCTCTATCTCATGTTGGTGCTTGAGCCGGCATAGTCGCGGAACAGCCTAAGCCTACTCATCGAGCAGAACTTAGTCAACCAGGCGCACTCCTGGGCGACGATCAGGTATAACGTGATCGTCACGGCACACTGTCGTAATAATCTTCTTTATAGTAATACCGCTAATAATTGGAGGCTTCGAAGCGGCTCGTCCCCTGTGATCGGAGCCCCGACATGGCCTTCCCCGAATAGAAGCAACGCGAGCTTCTGACTCCTCCTCCATCGTTCCTGCTCCTCTAGCATCTTCCGGGGTGGAAGCCGGGCGGGACAGGCTGAACAGTCTATCCCCCTCTTGCAAATGTCTTGCCCTTGCTAGCGCTTCCGTTGACCTCACCATTTTCTCCTCACCTAGCAGGCGTTTCATCAATTCTGGGAGCAGTGGTACAATACTACCATCATCAACATAAAACCCCTGCCATTTCTAATACCAAACACCCTCTTTGTTTGATCCGTCCTTAATACAGCCGTACTCCTCCTATATCCCTGCCCGTCTAGCCTTAGCATCACAATACTACTAACCGACCGAAACCTCAACCTCTTTCTTTGACCCCGCCGGAGAGGGGGCCCAATCTGTACCAACACCTATTCTGATTCTTCGGCCGCAGAGATCTGAAGATAGGCGACAGTGAATGGGTCCTAGTAGTGGTGCCAGGAATAATCTGTAACT	%+,%$$'.-2:36/&.@.'&#%)()-<B44956(&8@DG6130&++$$$-')6E8@><?=3-5=;10*$"#$-.(11%#%5.1*''(*610-)'&%+,01+'<;4@B>=-/.>9/374((+;;=EC874+))*&)%%':,;77C:6-84&11-(*-4,+;.--'03/=55:*/8=8$&3/86&%%17C=?:;@612(00)++)+&++9E<>@C?56:0,<'+0(&%$%%##1/-/0/28978=*5)CA+%%+4;755/-$%(4-*+*+80+'.(--+6,&%'23-15:7676/'0((/-'&&,&),((&+)*.68:95)5+22$00637(/.',-'%$#')0%%'&%-+10('**,85708:=>=&+&0()8/*92,248@BB6(0&,0.=<.--44'244'&53,'''+0,01'$$+01.22469;0+3..%%/.%$$/-/,(&&%###"*$*%&&(),02;<869413,,-(6;<615;=,2%.//'212+(337A21)(5352:=54-1%*./%3$%,##)%*+858;<>>@76><0:>;@<62:29/-3-679>2.$$$$##(+.,-0021)'389+9::0855.312506*$-.01&)))+)9698;)63$*0((3.*133<)%:)%+*)#$$(*)/80;7*&&220*-//...*/-))+*0&&0)$$)/8>>E@GC495651.%$%&*$&#+-+-&-3)864.-*)&))/+$079879(C)A;;CEI6:2)$$$*'*$&#+/)*(2.6///*+)*&&%$()*'&)%)'00%/,((*%$-##%&%$%&%'%'$%##%#"#	201.9503144551962	0.1286333939255715
979	01d334ed-3ca3-4180-93c7-f177ac0781bc runid=ed1de13037eb1bcfeefc20d46af38743bdac68e6 read=14258 ch=41 start_time=2020-02-10T17:38:14Z flow_cell_id=ACE547 protocol_group_id=barcode_test sample_id=barcodes_fish H+(3,10),H-(5,11) c1_182.71786615135616	CGGTATGCTTCGTTCGGTGCGTGACACTTACTCGAGCATTACCAATACTACCTTTCTCTGTTGGTGCCTTGTACTTCTCAACCAACCACAAGGATATTGGTTTGGGAGGTGCCATCAATGGAATGACATGCTTTTGGAATTGCACTGGCATGGATTTTGGGGATTATTTTAACATAAAGTGGTATAATCAGTAGGTTCCACAATGGTATGCTCATAAAATCGAAAATACTTTTAACAAGAACAGAGGCTTTGTTTTAAATATTTATAAGAGGCCGATTTATATTCCACGTTGCTTTCACTCTGTCACTTATCATATTTGTGAGAGCTCTGCTACTCACATTTATTAATATTTTTATTTTATTAGAGAAAATAGTTGACCGAGAAGTTTCTGAAGAGATGAGACAAAGGCCATCACTATAGAAAATGCTAATAATGCGGAAATCACTTTTAGCCAAAACAATGTTCTTGATAAACCCTTTCAAACGTGGCTCCTTAACTAAATGCAATGTATACCTACTGCTTAATCTGAAGGGTTGCGTGTGGTTTTGCTAAGAAATTGCCTGCTACAAATTTTTGCAGGAGCTGCTCATACCCTCAAGACTGTGCTCCTAGTTTTCCTGATTTTCAGCCACCCAGAAGTCTAGAAGATGAGAGCGACAGGCAAAGTAGTTCCATCATGACATGCTAACAGCAATGCGTGGC	,%(0)**7>865:8.$'-%#$$'%%$#$%%()+&%&*,*,+(-5100//'(''**+&%%%/$(%($$##%%,&67;:7(?,*7;%6:.-5++)86766'($%&)65(3-.%&(20/+,-1<3001452%%+7:;?58--(./05972-+.,(,#)-1-%0+4,6:$37///-,.,-'($6%/326D1+</$,$*%(&#'%&--()/446446=:9>?D+(7-/8,-68449:49856%%&)--+*+388;91@DF>BECACDK=600$**&)1.4//2<<9:=5*/%"&(,%%&,18-%*1-53@2&&)4<>2---1>6/00(%')-9BABABA04*%3579314226:6<<;:;@@EF879)-1%6:=9456:<945%/0+))(9<.;><.4338774,+::<3'+E@@)%:%$$54538>C3-+,(2;<?:93.5*4<*%3#"&'%$+/,/86;32911&%&%'*)',.20/.3*.-1,+$##%),890*014(#%8?=7588+((4413+.+'$%%$$&431;6+-7'9372())**3;67=;3+#$$'#/,&,/2;<2++%$%%&,26232'%%')'015:502++.::?+?:,.7:;<:3/4'59%:%(3/&(85,G@?42.,*))&'%/01002.&))&%$5&&$#%##*&$$&/18/(%')7*;861-.&%6428226,1&%%,,0*)).++'#%	182.71786615135616	0.12426504220859849
1767	c4485c35-81ea-4d32-9554-05221f9f64b4 runid=ed1de13037eb1bcfeefc20d46af38743bdac68e6 read=16206 ch=54 start_time=2020-02-10T17:45:00Z flow_cell_id=ACE547 protocol_group_id=barcode_test sample_id=barcodes_fish H-(3,11),h+(2,-1) c1_153.9135871888689	GTTGTACTTCGTTTGATTACGTATTGCTCGGAGTGCATGTCACGATGGAACTACTTGCCTGTCGCTCTGTCTTCTGGGCTTCTGGGTGTGAAAAATCCCAGAACAAGTGTTGGTATAAATCAGGTCTCCTCCCCCGCAGTCAAAGCAGTGTTGAGGATTTTGATCTGTAGAGGCGGCATTGTGCCAGCAGCTAAAACTGGGAGAATAGCAGAAGGAGAACGGCTGTAGTAGGACATACGAACAAGGGAATTTAATTTTATGAAACAGTTGTAGGTTTCATGTTAATAATAGTGTGCAAAATTAATAGCCTAAAAATGAAGAAATTCCTGCCAGATGTAAAGATGGTCAGGTCTGCGGATATCCTGCATGCGCTAGGTTTCCAGATAAGGGAGGATCTGAGTTCTCAGTTCCTGCTCCGGCTACGCTGAGGGGCCAAAGGAGGAGAGAAATGAAGGGGCAAATCAAAAGCTCATGTTGTTTATTCAGTACTTTATATCAGAGCGCCAGCATAAGAAGGAATAAGTCGGTGCAAAACCTCCGATCATAATAAGTGTACCATGAAGAAAATCATTGCAACATGAGCCGTGACGGTAACATTGTAAATCGATCATCACCTGGCCCTGGCTGGCTGAGTTCAGCGCGATTAATGGCGAGGCTGTACCTGGCCCGGCGGGACGAATAAAATATAAAGTCCCAATGTCAATCTTGTGGTTGGTTGAGAAACAGCGTAACAGCAGAAAGGTGTAGTAGTAGTAATGCTCGAGTTGTAATACGTAAC	'#&%'&+00250/#'%(,',.5.+1/;'9%2#*3%')+.,*&2479;;)+/263515@B<913$&+&$#('$.$$$-%&&-)*/1,)&$()35;3)):%75@;8<.).3:4/,=76=;1/''36575042979*%$$$&'2&&'(-.1.240)$*)(782282318?=1,(%&$'*./00&%(,1&/-/200.+(&%'-=927%.,-*''&89,&)&('&&/00-%%%2174($###"%%67<*1&,//)0.$$#%$$/10&4166@78',/2.4E>71.,')//47+(((1'&$$06058;841:*?928534-%$$&))368@//641944;=958>0%58853:-/10.-%&*5'%%$$(('&10($$%-.017B4%<893,11)&+#-1+&%$##,-()$')+$5045,---4($#'&--,'-,4(1,5650'*=)5+&%'$,4525371*,'%&&$*323+%*$)/577=<=1@:4<<;%)+#$')))654622*,%%&'.%+*).'.7$0%;@??4%#')-?/3???5&'()5&&5:17=300'#,$+(.0((((3')*/.42/68--0),,*)$%%&((1001(18+568:++-+*03*'6;76>2751'-363/5>;96@;941)934-$##&$-&564)).$$$(*42+'$-,'$'&&%&%%$..'('&)+5828452731%++/'*''&%"#%&-+1-/34=3)'2,$#&&-(&&%&).40112//.38*3AB65577/$/$./)'$$$(1:2,#&&%'$%$((('&#	153.9135871888689	0.14761152274029826
1820	b02422d2-829e-4309-ac36-ed74c04d905c runid=ed1de13037eb1bcfeefc20d46af38743bdac68e6 read=50301 ch=45 start_time=2020-02-10T23:15:53Z flow_cell_id=ACE547 protocol_group_id=barcode_test sample_id=barcodes_fish h+(1),h-(3) h1_151.3752352254429	CATTGTGCTTCCGTTCAGTTACATATTGCTACTTCATAAATTGAACCTGTCAGTTATTTCTGTTGGGTGTGATATTTAGCTACTCAGCTAACCACAAAGTTATTGGCAGCCTGTATCTGTGGTTTAGCTTAACCATGTTTTTAGTAGGTGGCGCTATTGGCCAAAAAGCTGATCATTCGTGCCGGTTATTAGCCGGACTGCAATAGTCGAACCGAATTTTTTCAACCAAGTTGACCACCTCACCGGGGTTTTGATCATGGTGTTTGGCGCTATGATACCTGCCTTTGTCAGTTTTAGCTAACTGAATGTTTTCAGCTGATGATAGGGGCGCCAGATGTGGCGCTCTGCGGATGAATAACTGGGTTTTGGATCTTGCCGTTGCCACTCATTATTATTTTGTTATCACTCTTTACGAAGGTGGCGGCTAACTTAGTTGGACCTTCATCCCCCATTATCAACTAAATACAGTCGACAATTACTGCCGATGTTGTATTCTCCGTACACATTTAATGGGGATCAGTTCGATAATGAGCGCGATTAACGTCATCGTGACTATTTATTATGCGCGCACCGGGCATGACATTAATGAAAATGCGCCAATGTTCGTGGACTTGGTTAATTACCGCATTCTATTAATTGCTGTTATGCCTGTATTGGCGGTACAGTGACCATGATCTTGACCACGATAAGTATTTCGGTGCCAGTTTCTTTGATGCTGCTGGCGGTGGCGATCGGTACTCTTCCAACATATTCTGGTTCATTCCCGGCCGCAGAAGTCTGAAGATGGGAGCGGCAGGCGTATCTTCTGAGCGACACCGTAATGGTAATACGTAAC	.'**-.$::;'0641+'-'-$%$%&$%$%*-17>:&%&$)2377:3/+)10(-+.+-/-649<60))0$#')&('(&$$$'%%(/%%$$%%$%/23/%.&)*&()($%#''*0%&0/,-%*-4=8&/,+,3059899=B:83&&/&)032030-&%#$(+$,1/-,)'0,76>@1;9;(%&+,&'#%$$%%$$%$2,'(311'&&*37.()('%-%13234(1'$%-.(&$$#*36,,-*5)&($%&)3:74//9@/(*,998?6$-&'&-$$(*'&'''&2)++&)*<&6&+50%%$&$').,$*$#')'$&#$$'+0052-/'%35.//6...%$$%)&$"&$$%0/9:&&&-.//12*),1;14,*8<?B@;B@636./0%$-1-250--,,./%%1%,*;((43463(&&&.*3422%%-+&,'"%$'+*,/73%%$$"#)),))%%893573726;672111($0*%#$$$$$(*%$%)%**8+$%%%($''+-1($#%$(,'%$%&)216.($,&--(;551.-%')(%&&$('%*+34*49/694484-11'#$0''-11/,+-(+9-)'%)'%%%'(($#%1;:%%%%05@A:?M=:/7.=8+++*-<*$+&':>>7=<>07<32520132059<634776652)*+)'''(&$%$(.5379+&&&8=6@=:23)(0,//-%01146</6@%@A1@,/@<>@:6@FF@@3422())2>2>56-%5&&$&*47<A&?6'4.4>B;3'')1,*#%&$,&*0-,,**+&*63;(('5>6%%&.%/''&$$%%'*8:<@?2<*+*%+),(&*+$$$$$().0)&&***)%$	151.3752352254429	0.16184922715598085
1999	f20b9622-165b-4bbb-97ee-3584e796e6fa runid=ed1de13037eb1bcfeefc20d46af38743bdac68e6 read=17765 ch=43 start_time=2020-02-10T18:08:46Z flow_cell_id=ACE547 protocol_group_id=barcode_test sample_id=barcodes_fish H+(5,11),H-(3,7) c1_144.89362085240722	CAATGTACTTCCGTTCCGGTGTATTTGCTAACAAAGCATTACCAATACTACCTTTCTGTGTTGGTGCTGATCTTATTTATAATAGCCACAAAGACATTGGCTCCCTGTGTCCTGCGATGGAACGAAACCAGAAATCAATCTTGAAAATACCTGTTGCTCCATTCCCATCCATTAACGTGAAACCTTTTAGGATGGACTCTGCCCATCTGTCTCCATGGTGTCAGGGCTATTCTCCCTCCTCACTCCTCTCCTCTCTCTCTCAAAGGAAGCAGACAATAGCAAATAATTAAGTAGGTGGCAAACATGCTTATGGAGGGGACATCTAATTTTCACCCTCTCACCATGATATTCACCATGTCATGAATGTTCACCATCTCACCAAGATGATCACCAGCTCTGTGCGTTCACCATCTCTTCAAGGATGATGCACAGTTTCTGAGTACGTTCACCATCTCACCCAGATGTTCTCATCTCTGGATGTTCAGTTGATTACCTGGAGGTAAAAGCAGCAGGGACTCTGATTCTTCGGCCACCCAGAAGTCTAGAAGATAGAGCGACAGGCAAGTAGTTCATCGCGACATGCGCAACTCCGAGCAATACGTAGC	&%#&%++/24'*2//%6+*5%,&'2*%&*'%%(%#*/0,10-&*$'*)+%&&$*78<3&/5-,7B>5..&%$$%$$()##-$$1$<:1232.))''$%&?BAAF>.5052377534356>64*+(.//4'&%&$%'562866&('''%%##$$$&%#):??IC1805%%6%&((##$*$).,(###%$+00A44.0-'.##$$#25=;66564=9--371/:3;(599*/4<B-B=')$&2%&<).-,*07.56340$5,=;9&->+4(**+,++$(,+*,)*&'.#2-**),#%/',&23')''%"#$%&(674659+,,)5*//3631'.778-5197:;:---;9:65,./4;977%$((6**=458=?40=6@;3B</84../1;/03,)>>@623)%).,1%'')>@62)&$(',89&&%&%#%,,=046:1++$$$9/;.6133/=<07)*'#'(833*(+&#&+++2#%1<,,%(=7C7<.($')**(3/)760:53,&49)+,*)+#9+:/65AAEJ24+997''-%2305>:=6247,5)((),)272,,.3584256?6+.*-+,-/--0%%%#&()-0',++/571//.-+,$&	144.89362085240722	0.12490932086090249
2481	e1dbf517-81a2-437e-a8e9-bf3a4209caca runid=ed1de13037eb1bcfeefc20d46af38743bdac68e6 read=19811 ch=95 start_time=2020-02-10T18:19:01Z flow_cell_id=ACE547 protocol_group_id=barcode_test sample_id=barcodes_fish H-(6,10),H+(5,8) w1_122.5422550725166	GTTGCTTCGTTCAGTTACGTGTGCTCTGGCATCCACTGCTGGACCCTACTTGCCTGTCAGCTCTATCTTCTAGACTACTGGGTGGCGAGAAGAATCAGAACAAGTGTTAGTACAGGATTAGGTCTCCCCCTCAAGCGAAGTCAAAAAATGAAGTGTTGAGGTTTCGGTCCAGTTAGAGTATAGTAATTCCAGCAGCTAAAACGGGAGAGCAGCCAGCAGTACGGCTGTAATGGGAACTGCTCAGACAAAGAGTAGTGTTTGGTACTGTGGTGCAGGTGGTTTCATGTGTGATGTTAGTGATAAAGTGGCTCCAGAATTGATGATCCTGCTAAATGAAGCTGAGAAGATAGTGAGATCAACGGAGAGCCCCGGCATGGGCAGATTGCCTGCTAAGGGAGTGCTTTGTTCATCCCGTTCGGCTAGCTTCTGGAAGCTAAAAAGAAGGATGGGAGAAGTCAGAAGCTCATGTTATTTATGCGAGGAAAAGGCTATATCAGAGGCGCCGGTGTGGGGATAAGTCAGTTCAAAACCTCCGGTGCAAGTGGCATTACTATAAAGAAAATTATTACAGCGTGTGCTGTGACTTGATCGTTATAAATTTGACGCAGAGAGGTGCGCCGGAACTGAGCTTAGTTTATCGGATGAGGGCTAAGAGGCGGTTCCGACTATGCCGGCTCAGGCACCAAATACGAGATAAAGGGTGCCGATATCTTTGTGGTTGGTTGAAGCAATATCAGCGCAACAGAAACACTCGATCGATCTTCTAGGGATAGCAATACGTAACT	*%'%)-*002471;.5&$&#34;D52/+$&)*+(&%-$,-(/3231/..0&/153437(-;;>?*&+(,&($&.,-$"#(.1,1%&%''*)%%)())/+35996<833&)8443)6*01,/88:B0732/&-+&%#%&#*-55;;8:?>=5,0.,,6--.--:)&)/$$7))141&&/63./,156-5'2',13&()/<+*'&*%&%%((+'''+%(,.75,,269*)*(+*')'('+''+,++1076%%%11$,*5.@=+8<;?<<88*>-,,530$'1@04%%$($%('()'*%/9//468/&;&1//*8/&.++.1''''..6461/330*)%/$%%%%&/+40./+996:5386*().&($%)(('(%#$$#%##$&$%&0788:7,10)''&%(#$&./*$*'-%&1$&1(-$'&#$$#&('&%+#(05;@D:/+'-),-7))*'$%)'%-3'%/1(2385'';'113134,&('3/$5+'''$&)-(&:*%",/..,&&)0('+&02(%&&&),#''*****''(),9)'3%%)&,/$7:==?0&"$/:>9'1.'(),)&)&./.8*%)5.21'$*&#&&2,,'%),2/0+$*,)-%#())&)&&(+;+*..-%(#%'#'$$""##0&''(%$,98552&'%%'''%$')'',:01+()(/0++**%*+/&&&*(((2,*10112-,<7?@+1-*400%+(&*156;@5310F<8.5*0)'')967534%&##%*$$$#23)((&,+%%*0/45.)$#'$'0:.('#%($%%&)*+'#$	122.5422550725166	0.1650351232592002
2684	2d647e31-4e9a-4ea3-abff-a50230f10909 runid=ed1de13037eb1bcfeefc20d46af38743bdac68e6 read=16513 ch=4 start_time=2020-02-10T18:09:09Z flow_cell_id=ACE547 protocol_group_id=barcode_test sample_id=barcodes_fish h+(3),h-(3) c1_110.50139604718738	GTGTACTTCGTTTCAGTTGCGTATTGCTAACTCGAGGCATTACAATACTACCCTTTCTGTTGGTGCTGGTATTATTCCTCGGCTTCAGCCACAGGACTAATTGGCGCCTTTATCTGACCTGGTGCCTGGTGCGGCATAGTCAGACAGCCCTAAGCCTGCTCCATTCAGGCAGGCTAAGTCAACCTGATTGCGCTTCTTGGTGATGATCAAATTTATAATCATGATCGTTGCAGCGCACGCTTTCGTAATAATTTCTTTATAGTAATACCACTAATAATTTAGGCTGGGGAACTGACTCATTCACTCTAATGATCAGTTGCACCAGATATAGCTTTCCTCAGAATAAATAACATATTCTGACTTCTTCCTCCATCTTTCTCACTCCTTTAGCATCCTCCACAGGTGTAGAAGCTTCAGGGGCTGGGAACAGGCTGAACTAAATACATCACCTTTAGCCACGAGCCTCCAACAAATAACATGGGGGCATCTGTTGATCTCACTATTTTTTCTCTTCATCTAGCAGGATTTCATGTTTGCGGGACGAAGATTCGTTTTGTACCTGATTGTAATATAAGAACCTCCAGCAGTTTCACCATTACCAAACACTATTGTTTGGGCAATTTTAATTACAGCTATTACTTCTGCCATCTCTCCCCGTCTTGGCAGCTGGTATCACAATGCTTCAACTGACCGTAATCTTAATGCTTCTTTCTTTGACCTGCTGGAGGAGGTGATCCCATTTCATCTGCTTGCTTATTCAGTTCTTCGACCACCCAGAAGTCTAGAAGATGGAACGACAGGCAAGTAGTTCCATCGCACGACATGCTAACTCCTTGGGAACAGTATTCGCAGC	$/$&$$$'$*%.27)-(*$*)))(***+-,+**$%&/++,5'9<4./11).*)$*1#%&#&(/@4&''%-%&(#$'$&*6%'&'&+0$,+,,,)--&(%#*3)2%%('#$%&%%$$*%&%)'0)'&%&'+$#$&$&&+),2(&,++*444,21+<<9+(7&*++0;'&)))'&$$$'%*;5.698<446.'&++1-(,2./2/+++0=6+)/3,-*,,$#%%).,;357$++,$$%('%/021-'(,+*.,'+%/.40+03)00+'*=:AC9:2)5/24##)''+(&&&':8:7<B67.5('$#*.+&'&&&'500&2%%%$'')/21/1*225=42,0'&&435069=/-'%&#&'&(&$45782*03->2.1%(('&''+1.-783'9?=..1/$1%%&%%-',1--,,--/*'*(22331:.2.(-'$#'&%,+,-'$$$%(%-'1.23,(&%%&#$&&(()'$%#(%-&%&$$$#%'*%$$%'0+/:11(''(0)))))9<;854/.46.,.0$$$$$')$%'30/.&&*,#%%&%)%%('+*,'$%*0-)$0040&&%%()*')%'')*--(,.1+5'&*0'(2(.)$$+#%$#%/(+*20**+.(-64&&)&&(',+-3&')*''&%,&(*$#$($&%##,'*$+,:CA156>>C4.((*&'&-,+-6,-.)(&((*()+)/6554(((25703,+*)'(+%'1=:??:6-+&'%%)*1:<6*3/,*)-.:(127*'&+(+('(+-2:<77+0%(,1+*+'%&$%&(*%))0/13:5%$36/;++&&%'(&&'''+-,,7)5)B>?628%$$$8<;A=:595.**')$''%'&(&)#(&')$#$&$$	110.50139604718738	0.1747724111554002
2862	5f32dd18-6781-4bdd-a258-e656d7f5b60e runid=ed1de13037eb1bcfeefc20d46af38743bdac68e6 read=14731 ch=103 start_time=2020-02-10T17:35:36Z flow_cell_id=ACE547 protocol_group_id=barcode_test sample_id=barcodes_fish H+(1,8),h-(2,-1) c1_85.36085583708882	CAGTGCTTCCGTTCGGTTACGTATTGCTAACTCGAGCATTACCAATACTACACACCTTTCTGTTGGTGCCTGATATTGCTTCTCAATAACCACAAGGATATCGGTTCCCCTGTGTCCTTACGATGAGACGAAGTATCAATCTTAGATACACACATTACTCATTCATCCATTAGCATTAAACCTTTTAGGATGGACTCTCTTCATCTGTCTCCATGGCGTCAGGCTGTTCACTCCCCCTCCCTCCCTCTCTCACTCTCTCTCAAAAGGGAAGCAGACAAATAATTAAGTAAAATTGTAAACATGCTATGGAGGACGTCCTGCACTGCCCTCTCTATGATATTCACTGCCATGTCACGAGATGTTCACCATCTCACTAAGATGATCATAACTCACCAGTACGTTCACTGTCTCACAAGGATGTGCACAGTTTCACAATGCGTTCACCCATCTCGCCAGATGTTCACCCATCTCACAAAGGATGTTCCCTGAGTTGAAGATTACCTGGAGGTAGAAACTGCGAAGGCTCTGATTCTTTGGCCGCCAGGGTCTAGAAGATAGGGCGACGACAGTGGTTCCATCGCGACATGCTAACTCAGCAATACGTAAC	&$%$#$+-'),-.9&*;)&&&+**+.0330...*(((($%'*-1+$$'++&,'.*+*-2+(+B786;6-&14.+++-&')0--(%+)5$''0/0%+20++$"$(<=6:0&'&&%+*/.%$-/40/#%+$$$%$*+%;=4--%.$$1-,(*,*%-*-(++,)#%$$--9446/,+.*-((&####$#)157&&'+'&(&$&(&+78=;<=A<;1&&74410*'(&%$$($$&/',/0,'&-/(),'*4+/+3''4-36'-();?-$+,)$'&()+(#(6424&&)&%)27<5;&;1034.48:=A@116?4<?71/%&'$%%*-2-443&4.($#&*4444+*$$'(49520-2'%++&67.;6B==9626,())+*)&##%+&-##($$16++-*37=46:,2%"%%+2.7+0.(-F;(($%$%((4(A90,--(*$-/..<110,.555/&&&'+8--B25&--(-??5<0430%,H?43$8$)$)%%%-1//.)-)+(--./+(*//*+/7,'$'$&'%37=/9/>;FD:99'+)$&##$%&$...*''0.*,$$'(++,*&%#$()*'/$.#-+44)%'%%&##$+$$%&*#)'0,45222('#	85.36085583708882	0.1619873394532431
2864	b3abc645-e490-42d6-a5e9-b37e2402d8a1 runid=ed1de13037eb1bcfeefc20d46af38743bdac68e6 read=46166 ch=13 start_time=2020-02-10T23:59:46Z flow_cell_id=ACE547 protocol_group_id=barcode_test sample_id=barcodes_fish H-(6,9),H+(6,8) h1_82.55087479505346	CGGTATGCTTCGTTCAGTTACGTATTCCTTCGTGCTGTGTCGTGCTCAGAGAAGATGCTTGCCTGTCGCTCTATCTTCTCTGGGCTATCGGTGGCCAAAAAACCACCTGCTCCACAGACCCCGGGCACGCGCGCTTATCACACCGCTCTTGCTTGTTACTCTGCGTCCACACCAAAGATGCAAAAAGTTGACGCGTCGATCCCCATTCAAGTGAATGTAGAGCGCGCGCGTTGCCTTTGCTGCCGCGGTATTTGCTGCCGATAAAACCGGTGTTCTGTCGATTTCTCTGCAATCCAAGATCTGCTCTTTGTGTGGTTCTTGCATGCAGTCACCGATTCCCAACTTGCATTTCCACTTATAAATTTTTGCTGCTATTCAGTCTTCGCTGCTGTGTAGTAATTCAGGCGATAAATACCAGCAAGACTGATATTCATTCTAAACACAGGTTACTACTCTTGATAATACTCCCATGTTCACCAAAAAGCCTGGCTGTTACACAACAGACATGAAAATATCAGTCCGTAGTCCGGGAGCACAGGGAGAAGTTTCCTCGGGCCGATATCCTTGTGGTGGTTGAAGCAATATCAGCACCAGCAAGAATAGCGACAGTTCAATCTGTAATGCTTAATGCGCATGT	,&(*'&%$%''.&*<)?),$&&'&&(##$/4-:-$#&++'8()&$(7+-+$/0'6'&$%&-/(,0-+&(-A=81(7+1%&%&&$&.%$%%(')-'*&,+++'++('&&$""$%((*+...(#-*2)/03.3/-&'*)&4($,0/,-1<<<,#()-42&(+7<9=;//,*%((58A+'+-,-2<50-08I<165,.6:2-&&5*%1045*'&-..<213(%#%+(&)#+4913&"##&%-2714/-%%&$%%(+//1&&%'$#&&(+83'<>5&.77429.)*-0)&)&#''''':-$23-8*%%.&%*1,+(&-3?6/+*)++)&$%$$#%+0$%65'4'1(%%%%%)035$)%#$%$(+*147432/%&%#%.76=<=?CE61*/52--*''#()//30.2((',+.358)$$&(%$&3/)=:85212002--.+*),&)%$$37>8.*&#$89684--.*((.22;22,(945.-/++))&$%$#%(,.+&'##$%'#%$$#$%%%(((%##)4,;69;,--3+++%00%)'%&&+.$/)&&+)664;'3&'&)*-1:900313-')'+)->1.%$(,674400(+22441+-4+#%&%&$#%&&&+%+91.791&$$&%$$%&'&+*$%"###$	82.55087479505346	0.18374779359246984
