1	61146dc8-553f-4f71-b6a8-bfe50019a616 runid=ed1de13037eb1bcfeefc20d46af38743bdac68e6 read=149 ch=81 start_time=2020-02-10T15:34:02Z flow_cell_id=ACE547 protocol_group_id=barcode_test sample_id=barcodes_fish H+(2,10),H-(1,10) c1 H+(2,10),H-(1,10) c1_246.12165926756413	GCACCTTTATCTCGTATTTGGTGCTGAGCCGGCATAGTCGAACAGCCTAAACATGCTCATTCGAAGGCAGAGCTAAGTCAACCTGGTGCACTTCTTGGTGATGATCAAATTTATAATGTGATCGTTACAGCGCACGCTTTCGTAATAATTTTCTTTCAGTAGCCACCCTAATAATTGGAGGCTTTGAGAACTGACTCATTCCTCTAATGATCGGTGCACCAGATATAGCTTTCCCTCGAATAAATAACATAGCTTCTGACTTCTTCCTCCATCTTTCCTCTCCTTTTAGCATCCTCTGTGGTGTGGCTGAGGCTGGAACAGGCTGAACTAATCTATCCACCTTGGCCGGAAACCTCACTCATGTGGGAGCGTCTGTTGATCTCACTATTTTTCTCTTCATCTAGCAGGGATTTCATCAATTCTTGGGGCAATTAATTTTATTACCACAATTGTGTATGAGCCTCCGGCAATTTCACAGTAAACACCCCTATTTGTTTGAACGATACTAACTACAGCTGTGCTTCTACTATTATCTCTCCCCGTCTTGGCAGCTGGTATCACAATACTTCTTGACCGTAATCTTAATACTTCTTTCTTTGACCCTGCTGGAGGAGGTGATCCCATTTTATACCAACACTTATTC	))(%$#(+;97,2')#$'*01<12343/01/--(&&*)6,,($%%.,,/1&%$#$,354575&(&'&)*+%*)3+,-361+689=:>2,,./68==762/4562559.8@DD99:5-,-00;7=8?-))/..+,($$6885,4D74457:9:631&"%*.*)./,2(')@>9:))*@2389@@>7.)'%,,*.*.8;;?B042?<0/.3657(-=-**%/**;;858(004;6:3.;33>??2:9:*.*'+$'',+%*+;>:9<?/:;(2(53467%)-,-*3.1+&)/.8678,6/*(0085.1((--$62338=0,'''397-('#$$$56<9336,)*))%**(**(*')&/83>=<//&$(*'%$*.;8;=B?C=9@):+*../6)*34970>>2.8%,++,/6916@<><<D?H>AAA>20>,--5+9;,%;;;../)87223--/$-'*-''-$543,9.2--9,G<9.0033+(1063((%,346A@=C;,*(&%#'(.181.9133&$"$''(*.((,./3():?B?8@7>0&&4421%/'+;=?@7B/-90:@611//1$#$)*2435<;8:57E===PKI:LHGADM9D=C:GCD?>85+2+'&/-21..?14ABFC=88:;7260,<<258<	246.12165926756413	0.08451524436263039
300	be9a5a2d-5ef9-4d1d-ba5a-1e3375e6a745 runid=ed1de13037eb1bcfeefc20d46af38743bdac68e6 read=14283 ch=108 start_time=2020-02-10T17:35:33Z flow_cell_id=ACE547 protocol_group_id=barcode_test sample_id=barcodes_fish H-(0,9),h+(3,-1) c1 H-(0,9),h+(3,-1) c1_115.917777471019	AGAATAAGTGTTGGTATAAAATGGGATCACCTCCTCCAGCAGGGTCAAAGAAAAGAAATGAATTACGGTCAGTTAAGTATTGTGTCTAAGCTGCTAGACGGGGAGGAGCTAATAGTAAACACCAGCTGTAATTAGTACTACTCTAAACAAATAAGGGTGTTTATTTTTGTGAAAGTGCCGGAGGTTTCATATTAATAGTGGTAGCAAAATTAATTGCCCCAAGAATTGATGAGGAAATCCCTGCTAGATGAAGAAGAGAAAAAATAGTGAGATCAACAGTTGCCCAGCATGAGCAGAAGGTTTCAGGCAAAGGTGGATGAACAGTTCAGCCTGTTCCCAGCCAGCTTCTCCACCAGAGGATGCTAAAAGGGCAGGAAGATGGAAAGAGTCAGAAGAAGCTTATGTTCTATTTGTTCCCGAGGAAAGCTATGTCTGGTGCACCGATCATTGAAGGAATGAGTCAATCAGTTCCCAAAGCACTCAATTATTGTAGTGGTACTATAAGAAAATTATTACGAAAGCGTGCGCTGCTGATCACATTATAGTTTGAGTGTGCCAAGAAGTGCGCAGAGTTGACTTGGCTCTGCTCGAATGAGCAGGCTTAGGGCTGTTCCGACTATGCCGGCTCGGCACCAAATACTGAGATAAGTGCCA	;;72./&-86=83'5107:52--)).041455*0*&D=*..4'/(>?I?(894.)/1%$&%&&(%&(.+<4?47-%&=::<0(&&,&(&+0*117/+4++.1-.&(&&)*)('&'33,)(3)363:7-,''&('(+',4&53.(%-)0;83-2.,/;@>.B<%#(&',+651.*#/(,,*/--*&69;1--$*/,''&.&..,%&&%*/%184464B@>+0*(&%%=;7**(&&'A?78<5.*(,+//())&)0&*)%27C>8*((11,-0/,A9/560)<2.-+/,14452(&&&%#/+&6(+%%$$))&''=9:@1&&311925?603.1,%<$+$&-**())).*&%%%%/*++*:4-,'*4B=%+*//0.5,7*1239$(&(./.:((,%&)&'%%%'&&')%&#(+.&18)3$'%+5'-&-47)**01+,,0%"#%0,49;001%%,+$22+*'.%1%#'$$$-216)02-)/''(=6((+&%'$'35830=,77645&'*18738:895,--,,*.-*/<@D=0##)2-=7/769/**%&+$'&&*%'$%(-%))(%52%%300$9$&(-$$$&-.58;8%(8687))(,)))5998*)&$*((+5+2,*861&&&&$-@.:$)%%%2494,,$$&-,2.-'&%(&/2	115.917777471019	0.12383808874295044
36	026ada62-4eb7-4f34-a42c-961575b1c505 runid=ed1de13037eb1bcfeefc20d46af38743bdac68e6 read=1422 ch=111 start_time=2020-02-10T15:43:29Z flow_cell_id=ACE547 protocol_group_id=barcode_test sample_id=barcodes_fish H+(2,11),H-(0,9) c1 H+(2,11),H-(0,9) c1_197.1146322381543	GCACCCTTTATCTCGTATTTGGTGCCTGAGCGGCATAGTCGGAACAGCCCTAAGCCTGCTCATTCGAGCAGAGCTAAGTCAACCTGGTGCACTTCTTGGTGATGATCAGAACACATAATGCCAGTCGTTACAGCGCACCACTCGTAATAATTTTTCTTTTATAGTATTACCACTAATATTGGAAGCTTTGGGAACCAGCTCATTCCTCTAATGATCGATTGCCAGATAGCTTTCCTCGAATAAAATAACATAAACTTCTGACTTCTTCCTCCATCTTTCCTGCTCCTTTTTAGCATCCTCTGGTGTAGAGGCTGGGCTGGAACAGGCGAACTGTCTATCCCAGCTAGCGGAAACCTCGCTCATGCTGGGGCATCTGTTGATCTCACTATTTTTTCTCTTCATCTATGGGGATTTCATCAGTTCTTGGGGGCAATTAATTTTATTACCACAATTGTTAATATGAAACCTCCGGCAATTTCACAGTACCAAACACCCCTATTTGTTTAGACAGTACTAATTACTGGCTATTAGCTACTAATATCTCTCCCCGTCTTAACAATTATCCTGTACTCTAACTGACCGTAATCTTAATACTTCTTTCTTTGACCCTGCTGGAGGGTGAGTCCCATTTTATGCAACATTC	)))/0.)-43>=89):(')534=+%$)+$-%'47945,(9%=4678;==;.;6/53&&"&**,.*//($$%($+,/41470*-/-,+9,1;:;A@@B4;<91-20*85+,&"%'-8<765*++0:<=<?+/02,,-444#$1./042:;779431/11-)335/58#&6A;C>8;<66+.'+$$#"%&&+8=9+%$$&74<:A>27*3)./%'('7%##%%/76:5/*.1:<:/2+/+*87>8A958,)0165-3@.</8)&4622*,&&::?<@CB=(8,3@?.034320+3322298;74(<33)%$%+++')'')-0,+&%'(#(0.*,00:80%%4#)$+.)-,,,+0-98,8+:>?97($$69::80.>;%1$/08;65+*),58::6.2867@C3-/(&&',)4*;=<=96;0,/(''(%31,)21849453@;8-86859%%%$$'$%(,(&&&,'*1><;3<18>>028*3*./374%%1545<823/00/4:0&7.%&(()$')(23-,.*#&)249).1)0/+(..-$0513(934;95/5;89++,,%%',%%'$#$#$'##-*)+0,0/+,-=77);<;43&&2--5:=7;65>;93)+25463:/,,(($''7'0.0('%##%,)(%,13	197.1146322381543	0.11145612366869455
260	25ff7539-43d1-42bf-b54e-d57ae8305c36 runid=ed1de13037eb1bcfeefc20d46af38743bdac68e6 read=17570 ch=103 start_time=2020-02-10T18:00:02Z flow_cell_id=ACE547 protocol_group_id=barcode_test sample_id=barcodes_fish H-(1,10),H+(1,9) c1 H-(1,10),H+(1,9) c1_125.59569329745497	AAAATAAGTGTTGGTATAAAAATGGGATCACCTCCTCCAGCAGAGGTCAAAGAAAGAAATGTGGAGTACGGTCAGTTGAAGTATTGTGATACCAGCTGCTAAGACAGGAGAAGATAATAGTAGAGCACAGCTATAGTAGTACTGCTCAAACAAATAAGGTATTGTTTAGTACTGTAAGAAATTGCCGGAGAGTTTCATTATTAATAATTGTGGTAATAAAATTAGTACCCAAAGTGATAAATCTAACTAGATGAAGAGAAAAATAGTAGAGATCAACAGATTAACCCAGCATGAGCTTGAGGTTTCATTTAAAGGTGGATGGGCAGTTTCAGCCCTGTTCCAGCTAGCTTCTACGCTGAAGGATGCTAAAAGAACAGGAGAAAAGATGGAGGAAAGAGAAGTCAAGCTTATGTTATTTATTCGAGGAAAGCTATATCTGGTGCACCGATCATTAAGAGGAATGAGTCAGTCCCAAACCTCAGTATTGGTGGTATTGCTATAAAGAAAATTATTACAGCGTGCGCTGTAACGATCACATTATAAATTTGATCATCACCAGAAGTGCACCAGGTTGGCTGCTCTGCTCGAATGAGCAGGCAGGACTGTTCGACTATGCCGGCTCAGGCACAAAATACGAATGAGTG	&'0315-*-#.%,+16<GJ=54))%&*3:7330*.-'0*//62)3)%CA;*05>6(=93&&1+,()9.''323(),/++.$$'')/2''01=14?DB<7.-52*%%+-7),,568:6,1/00(+%&&'(,'%%$$)6%),-,,(3/9//*8<9*&'%%%'#$&,092&,3)&')*-$).((')'((.1.*%<':31*$*.(*258E679;=8>BF:7925+,-*+9-932+)''/-)'()*)1/*'%'),>5642+1.3;453/,04$$'-12892892+$&%##$"+(./''$$""$%)(9*C-'##$&,=-(96?>@**'(()/(@5?=;@??6)>2$0+&'%&$"#'(&&%$$%%%(0:<;9==DHD2-&$-.0*;$:;'$5=..*),.&0%)/(1(53<6,(**+5%%=80246;F56'&,D.:'6BE?7:9<;-;A1,,+-%%:==@A0%-0&(3833/312$$#"$$)*%+,':*)5%$%$)750F824%:<8478()*6872;*)*(&&&*'+/-4/2)).*'('&6'&/.1,(*-*/8223:?)1;++6.'%)++-'')-)1',')$$'$"/132424&#%#%&&$$$***')#+'('(-&$$&)'&&%&,;89%*(%&+67>:58))%'$#%+++	125.59569329745497	0.14015878824878103
340	8b73366e-f4a8-4e26-b968-cd068088d622 runid=ed1de13037eb1bcfeefc20d46af38743bdac68e6 read=2100 ch=120 start_time=2020-02-10T15:47:23Z flow_cell_id=ACE547 protocol_group_id=barcode_test sample_id=barcodes_fish H-(2,11),H+(3,7) c1 H-(2,11),H+(3,7) c1_102.1100600722202	AGAATAAGTGTTGTATAAATAGGATCACCTCCTCAGCAGAATTGAAAGAGTATTAAGATTACGGTCAGTTAAATGTTGTGATACCAGCTGCCTAGATGGGAGGAATAGTAGTAAACACAGCTGTAATTAGTACTGCTCAAACTGATAGGGTGTTTGGTACTGTAAAAAATTGTTTCATGTATTATAGTGTGGTAATAAAATTAGTACTTAGAATTGATGCAATCCTGCTAGATGAAGAGAAAAATAGTGAGATCAGCAGATGCCCCAGCATGGCAGGGTTTCCGGCTAAAGGTGGATAGACAGTTCAGCCTGTTCAGCCCAGCTTCTACACCTGAGGATACTAAAAGGGCAGGAAGATGGAGGAAGAAGTCAGAAGCATGTTATTTATTCAGGAAAGCTATATCTGTGCACCGATCATTAGAATGAGTCGGTTCCCAAAGCCTCAGTATTAGTGGTATTACTAAAAAAATTATTGTATTGCGCTGTAACGATCACATTATAGATTTTGATCCTCTGAAATGCCAGATTGACAGCTCTGCTCGAATGAGCAGGCTTAGAGCTGTTCCGACTATGCAGCTCAGGCACCAAATACAGATAAAGAGTG	/91868488;<6*(',36*''(3+(/&&&)59,02(..4$%%&(2*)%$%2/-2A=)978+&&)&-4868420&&%5+**$%$#%&+('%"#%#%$#$--84,.4..#$$$$%(')*(,',+))($%0$#&$%%#23=@:*$&$'))+4421&@5)/:>0001$&&&%#$&%"'+(''$$$&+%$'%90664:;41..)*020%*%#$'*'32248/'&-2011=5&)$&(0(')-*'$,.//))).1.&(*.-(%(-27>=?>@)5==75+-))'686@76102,,%%$'2978.))))&24<6752;<:-?'40$/-+)&14:795.5887,18=+%%87;@3$,',341*--A8:;?9<F0:4,'1./&#.+%+6**<3*+-=6:60%(1(*&)6>;37:@>;E3./7644/2%$$..&8,,,2.-&,<2)0(+.((,*'2,%5*),$&5%34656/,*,*2(),)),%%'##"#&%%&%%%#%$$%$&$"$&%'+..#&$')&)*%%*%($#&*$%#"#&)##&&$$.*4+)*9D10))6+**$&&)'110&&-&.+1*=*60.)+*%#$#3;,:,37344<</('$%$*778:)'$'.%	102.1100600722202	0.16822878531282473
117	efc79c57-d5e6-4bd9-b8ad-0973d834d813 runid=ed1de13037eb1bcfeefc20d46af38743bdac68e6 read=15659 ch=81 start_time=2020-02-10T17:37:19Z flow_cell_id=ACE547 protocol_group_id=barcode_test sample_id=barcodes_fish H+(3,8),h-(3,-1) c1 H+(3,8),h-(3,-1) c1_161.27417197662945	GCACCCTTTATCTCGTATTTTGGTGCCTGAGCCGTAGTCGGAACAGCCTAAACCTGCTCATTCGAAGGCAGAGCTAGGTAACCTGGTGCACTTCTTGGTGATGATCAAATTTGTAATGTGATCGTTGCAGCGCACGCTTTCGTAATAATTTTTCTTTATAGTAATACACCACTAATAATTGGAGGCTGGGAACTGACTCATTCCTCTAATGATCAGTGCACCAGATATAGCTTTCCCTCGAATAAATAACATAAAACTAAACTTCTTCCTCATCTTTCCTGCTCCTTTGGCATCCTCTGGTGTAAGGCTAGGCTGGAACAGGCTGAACTTTTGTCTATCCACCTTTGCGGAAACCTCGCTCATGCTGGGCATCTGTTAGTCTCACTATTTTTCTCTTCATCAACGAGTTCATCAATTCTTAGGGCAATTAATTTTATTACCACAATTATTAATATGAGCATCCGGCAATTTCACGGTATAAACACCCCTATTTGTTTGAGCGGTACTAATTACAGCTGTGCTTCTACTATTATCTCTCCCCGTCTTAGCAGCTGGAAGTATCCACAATGCTAACTGACCGTAATCTTAATACTTCTTTCTTTGACCCTGCTGGTGATCCTTTATGCCAACACGCTTATTCTGA	/03::74?8.8678351001&347))&&'$*+)&+.+(.+5*7662==497&75/7&)?<>11'))%*.0/.//5$%&&*0797+,>/08:@?=7H@2-21&%%);.0*/2,$+,,./,%#'92/1#'&&$#$)(&)2672'))),280<>?=:;;&(''(230/.$171-,'(&$/./11.),)'('(;*42,47'*<;::+,-BCA<78+%93551//%/*;1,+)*$'*++052/1''8497,()$##"$)(&&)%&%#$-%')#*'47<>=<:+84-%%+('*)%+,53421>224;...&(%$)#(+./-(/+&/01754--**,+((,,1/577)23342&&*--/(*)+4'$'421//0//+-+)352&'%':<0?;AB?=EDCBA>@CE<50,)'$)*.(420/93@8<746$*0566338475B=;3.05<>::<55747:5440$$#$$$$$+&()./04)+$#%')&&(*('('$$#'')0(-'''&'%$$;>;5)**(*,()##$$%$#'*'%%%&'$03771.6/42,15998/))*0.%(&&%()(&&(%%((%$$0(767;<=:&'**--%)4223++2-6895AE*B8>=4,*(&)*555--..036%%%*1*'$%%(,/)).A::5	161.27417197662945	0.13255633869481273
78	5efe3356-87fa-4615-b99f-678ea41be1a4 runid=ed1de13037eb1bcfeefc20d46af38743bdac68e6 read=5668 ch=35 start_time=2020-02-10T17:48:36Z flow_cell_id=ACE547 protocol_group_id=barcode_test sample_id=barcodes_fish H+(0,8),h-(3,-1) c1 H+(0,8),h-(3,-1) c1_178.7491607557023	GCACCCTTTATCTCGTATTTGGTGCCTCTGAGGCCGGCATAGTCAGAACGGCCTAAGCCTGCTCATTGGGGCGAGCTGAGTCAACCTGGTGCTTCTTGGTGATGATCAAATTTATAATGTGATCATTACAGCGCTTTCGTAATAATTTTCTTTATAGTAATACCATAATGAGTACGGAGCTTTGGGACTTACGACTCATTCCTCTCTAATGATCGGTGCACCGAAGATATAGCTCCTCGAATAAATAACATAAGCTTCGGCTTCTTCACCTCCATCTTTCCTGCTCCTTTTTAGCATCTCTGGTGTAGAAGCGGGGCTGGAACAGGCTGAAGGCTTGTCTATCCACCTTTAGCCGGAAACCTCGCTCATGCTGGGGCATCTGTTGATCACTATTTTTCTCTTCATCTAGCAGGGATTTCATCCAATTCTTCAGGGCAATTAATTTTATTACCACAATTATTAATATGAAACCTCCGGCAATTTCAGTACTCAGCTGCCTGTTGTTTTGAGCGGTACTAATTACAGCTGTTAACTTCTGCTCTTATCTCTCCCCGTCTTGTAGCTGGTATCACAATACTTCCTAACTGACCGTAATCTTAATACTTCTTTCTTTGACCCTGCTGGAGGGTGATCCCATTTTATGCCAACACTTATTCTGGGTTCTT	A??@?5.1;<87/8'4&.10./7+)&+##%#&(-+*0,,,5100#%'%%(/01/1,(3532*6;&+*%''&''%%*+&#'*22,=@>923+*+,'**/7>:749739)()(,67?D=98==87;$'*$%&%###,254./10//19;;;@BDE1*+*,-$##%&$$)%"$#$%#$&&%+4663)%'#"#$#"&%#$0178(,1<+613.040'?&5<2++(&%)&#&#$#&%'6031866A?EBBDI@;?88,)$(-52.,,1).-/$())>CC@AIMD.<:;4926/480,$225/:722,)72,'((&($$4:7BEBE484459862)($%""$.69<;58:24325/$3)%'))-)<?@79=AC=7+$+*-'+*08@D4:/&$((()'+3<>@76;;MCA7/;3/.*--->5=D:<9%%*.)*4:;0-/1*+*,+',/36<<<89;+&&&-00.1-.1)%$%&+(,0&(*(2$,/04/=2)&%&$#$$&##%#.-+&,,.9==531($$4<731-'')#--.32/3$%$"%*%'&'/(+,6:='?2?C?1556%8)$-*),3;@0*6(())./))/'=:>>;:;2./05C>?C=?=421010.,.0+/2159>=?88&(12'6+14,-12=+.<?>?2%$##-((-)*-221&#(4,;96%:	178.7491607557023	0.1378790515144567
149	f6be94b5-6087-4791-afee-dd5595e95547 runid=ed1de13037eb1bcfeefc20d46af38743bdac68e6 read=14396 ch=69 start_time=2020-02-10T17:35:37Z flow_cell_id=ACE547 protocol_group_id=barcode_test sample_id=barcodes_fish H+(0,8),H-(3,11) c1 H+(0,8),H-(3,11) c1_152.6800003042588	GCACCTATCTCGTATTGGTGCCTGAGCCGGCATAGTCGGAACAGCCCTAAGCATAACTCATTCGAGCAGAGCTAAATCGGCCTGGTACACTTCTTGGTGATGATCAAATTTTGTTCTACCTTTACCTTTATAATGTGATCGTTACAGCGCACGCTCGTAATAATTTTCTTTATAGTAATACCACACTAATAATTGGAGAGGCTTTGGGAACTGGCTCATTCCTCTAATGATCAGTGCCAGATAGCTTTCCCTCGAATAATAACATAGCTTCTGACTTCTTATTTCCTCCATCTTTCCTGCTCCTTTAGCGTCCTCTGGTGTAGAAGCTGGGGGCTGGAACGAAAGGCTGAACTTTGTCTATCCTGTGTGGAAACCTCGCTCATGCCAGAATATTGATCTCATATTTTTCTCTTCATCAGCAGGGATTTCATCATCAATTCTTGGGGCAATTAATTTTATTACCACAATTATTAATATGAAACCTCCGGCAATTTCACAGTACCAAACACCTATTTGTTTTGAGCGGTACTAAATTACAGCTGTGCTTCTCACTATTACCTCTCCCCGTCTTAGCAGCTGGTATCACAATACTTCTAGCGACCGCCAATCTTATTACTTCTTTCTTTGACCCTGCTGGAGGGTAGTCCCATTTATGCCAACATTC	+*+++%%-000)+&&&(51.*%*('364)+&$$('(0%*$$+..11.$(&$$##%$*+87918+'++,+'*0232+.3%$&%#%&&#')(+7:CD23-&%%,.7?EA-9;0-)$,%"#"#"%%###)*(0;??ABB;56629;+11*'(&'$#$)#(-4;?B?AC>9<=<012535<44589)')12;4--*)-21.0&%%$$$.)))%+*'-$346347-41DC<411116%(5(&))*61).;6=613+.6//512&+---(''%'+)+)13$$)$'()*.=+/.++.118:>/;66&)'2-/'%$$$$%*1-*++7+()'+%389954.5;:.4&-$$(%#&(&(,,.%&&$'/46-%%(##($$$%%'#-04=4'+:742++-(((%%')*+61*2*+-3>BD>3-210*($$%%%&-/515;B;+$$"/7/0-68681)9134--.)3)@=9--0271%$'&*---/.++-,49<:010-4(,./-+.),$'))3158><2;;2./,,-@5699+*&)&&',&%$$%$&'#%%4@<==0-682*&())&&-&44.%*3630431/1+)&&.-558>.(7)0.,+,,)/++)%(-,)*)(*79=?<>3/28BE;;78;056,/))*()(%'+605*,-%%/0A/)-/4+&%)*+%%(<=:	152.6800003042588	0.144125120857533
180	9827a616-7238-4965-90b0-234a817c82dc runid=ed1de13037eb1bcfeefc20d46af38743bdac68e6 read=16306 ch=110 start_time=2020-02-10T17:53:37Z flow_cell_id=ACE547 protocol_group_id=barcode_test sample_id=barcodes_fish H-(2,8),H+(3,10) c1 H-(2,8),H+(3,10) c1_145.65802258250096	AGAATAAGTGAGTATAAAATGGGATCTCATCAGCAGGGTCAGAAAAGAAGTATTAAGATTACGGTCAGTTAGAGTATTGTGATACCAGCTGCTAAGACAGGAGAGGTAATAGTAGAAGCTAGCTATGATGGCCACTGCTCAAACAAATAGAGAGAGTGTTTGGTACTGTGAGGTGCCGGAGGTTTCATATTAATAATTGTGGTAATAAAATTAATTGCCCCAAGGGTGATGAAATCCCTGCTAGATGAAGAGAAAAATGATAGAGAGATCCAACAGATGCCCCAGCATGAGCGAGGTTTTCCGGCTAAAGGTGGATAGACAGTTCAGCTGTTCCAGCCCCAGCTTCTACCAGAGGATGCTAAAAGGGCAGGAAGATGGAGGGAAGAAGTCAGAAGCTTATGTTATTTATTCCAGGAAGCTATGTCTGGTGCGCCGATCATTAGAGGAATGAGTCAGTTCCCAAAGCCTCAATTATTAGTAATTGTCATATAAAGAAAGATTATTGGCGCGTGCGCTGTGTTCGTCACATTATAATTGATCATCACCGAAGTGCACCTGGATTGACAGCTCTGCTCGAATGAGCAGGCTTAGGGCTTTGTTCCGACTATGCCGGCTCCAGGCACCAAATACGAGATAAAAAGAAGT	>991/6+%(%$3>*&&567''2<'$2&/&$.**'(')41;/$-DA%+0)%..'(,+(79;1'(53:3=481&)'/022*&11-+')*+-4:<9<<9/))-0.5-20681,-.43.-)&#&#((4%$$#$#%$&#$)('+=>:-184.+-'($').4;77C9-*3+$%$&&*$&+(&%*3.*/<?97421&&686;((*,+&&.$%%/,00040$$'*543-1'%%'065//-3945=6/895:6=4546,+*380.,%#"%%*('+93$$52,,/:8/..'''**24562-+,+/25E?<646:98>B('7CEC/,-./558:AD97:/$;/.'.0+*('+###&$$$$-,+).:98968@=4)&&%%&./$,;;0054A744<&'$/.;-&***(57>)),+**5328:('%):$(+18(##(0&&'8/9;;C?>8>79;301*59<*))1+;0B17,7++,.$12-*+'+-,()%)-&&%&%,6'-37;:'&)*#'(&(/13*&(*(.*07530(%&$%#$0)++//:,))(#''(5::;C005&(&$($$%%#%,3+-..$$)599,)7/.8.-;:8+*/004,,,*')'#%))$)1+27690:878&-.%'$<521*&&./-887-.1/97=H3&$)($($	145.65802258250096	0.12783690176434834
216	ac6085f4-6e81-45bc-89fb-0e667aa78870 runid=ed1de13037eb1bcfeefc20d46af38743bdac68e6 read=13927 ch=40 start_time=2020-02-10T17:27:40Z flow_cell_id=ACE547 protocol_group_id=barcode_test sample_id=barcodes_fish H-(3,9),H+(1,6) c1 H-(3,9),H+(1,6) c1_136.4795944049435	AGAATAAGTATTTAAGTATAAATGGGATCACCTCCTCAGCAGGTCAAAGAAAAAGAAGTATTAAAATTACGGTCAGTTAGAGTATTGTGTGCAGCTGCTAAAGACGGGGAGAAGACTAATAGTAGAAGCTTGCAGCTGTAATTAGTACTGCTCAAACAAATAGGGGTGTTGGTACTGTGAGAGTGCCGGAGGTTTCATATTAATAATTGTGGTAATAAAATTAGTACCCAGAATTGATGAAATCCTGCTAGATGAAGAGAAAAAATGGTGAGATCAACAGATGCCCCAGCATAGCAGTTTCCATTAAGGTGGATGAGCAGTTCAGCCTGTTCCAGCCCCAGCTTCTACACCAGAGAGATGTAAAAAGAACGGCAGGAAGAATGAAAGTCAGAAGCTTATGTTATTTATTCGAGAAACATATCTTTGGTGCACCGATCATTAGAGGAATGAGTCAATTCTAAAGCACCAATTATTAGTGGTATTACTATAAAGAAAACACGAAAGCGTGCGCTGTAACGATCATTATAGGGTGATCATCACCAAGAGTGCACCAGGTTGACTTAGCTCTGCTCGAATAGGCAGGCTTAGGGAACTGTTACGACTATGCCGCTCAGGCACCAAATACGAATAAAAAGTG	&%./++&33''*.('&&('66;..2086>9:6228+;,)()'%(667*(33'&'%&%'/3230%$&'($'(454'+-/-((&1//1+&'$$)'&67;75521(4$$*6)4(4.//&25/+.311*++%%%%$-.0*=11-$$''/70.:/$*4+0*<>96///:5?A<>=:77;CA750)$)%4''(%'%.+1=:4/++(*6535.-8554(/588GH>>>A6&:&**)-&0002::011F8%%+.333)):456627)5:<89/**)1+.885<-&,-/+/,//.(-)*&$$(()(/@?91$#$(.%0:7<;''%*&&,%23/+559.@<.;/)21.&($%*+*(.-/.7)*(+#%&&$#(..+&*(&%%(%&,5'9'%565#%&%$2$%.6/))+**+..)),71:99'$&$%##-/)'&%/#03;;8:E9>97:''('(.4-1;5550)9/$'*(%$%$##$%,-+%/,,,)&+%.?84506:;8BA*&/-.$#&%)*--288<?)6++*%$$$*30;*+-'(*(%&346<F<6<'%,-&%'*-,)*,4+57<5=0434,,4;?@83)9%%&$$$/...)$$$%((*'%%'$)+&'*+&'.**23+=7=23-('%(4:4..+-.:56:<3,4>5	136.4795944049435	0.12827465157247578
219	cb467f7c-07ac-4e3d-bea0-b67884f1584c runid=ed1de13037eb1bcfeefc20d46af38743bdac68e6 read=1846 ch=26 start_time=2020-02-10T15:48:38Z flow_cell_id=ACE547 protocol_group_id=barcode_test sample_id=barcodes_fish H+(2,9),H-(3,11) c1 H+(2,9),H-(3,11) c1_135.3532829740548	GCTTCCCTTTATCTCGTATTTGGTGCCTGAGCCGGCGTAGTCGGAACAGCCTAAGCCTGCTCATTCGAGCAGAGCTAGAAAGTCAACCTGGTGCACTTCTTGGTGATGATCAAATTTATAATGTGATCGTTACAGCGCACGCTCGTAATATTTTCTTTATGGTAATACCACCTGTGGTGGAGCTTTGAGAACTGACTCGACACTCTATTAGTCGGTGCACCAGATATAGCTTTCCTCGAATAAATAACATAAGCTTCTGACTTCTTCCACTCCATCTTTCCTGCTCAACCTGCATCACTCTGGTTAGAAGCTGGGGCTGGAACAGGCTGACTTGTCTATCACACCTTTAGCCGGGAAACCTCATGTATGCTGGAACATCTGTTGATCTCATATTTTCTCTTCACCTAGCAGGTTCATCAATTCTTGGGGCAGATGTTTTATTACACAATTATTAATATAGAGCTCGACATTTCACAGTACCAAACACCCTATTTGTTGAGCAGTACTAATTACAGCTGTGCTTCTCTGTATCTCTCCCCGTCTTAACGCTGAGTATCACAATACTTCTAACTGACCGTAATCTTAATACTTCTTTCTTTGACCCTGCTGGAGGGTTCCCATTTATCTGCTGTATTC	:--3-21%1:5;>7@0A?CD>61860,+,+46,3:176*-*4'6'($$*,(')(%-//32<=&&'/%$*&&&&/44(#'(&3777,@A?=><2100/5<?@?9+,.-,+.50*&+))&$'%($'('04426&')0*)*/4117>**+*.2';43*A?@8$$&36511:?.,),(%$'5,0$%%%'(&$2#'##%#$'+%%$$'*0/,&&()6=+7A.&&&1/7+$$%&&&''+*+'0-+547:88?(%$$4,+))*5/2/%%*()*%,##/1218:66.3+('%*,+$%#%$#$%0%%,(%((#$&(,-078400+$%0<25..-+))&%#$%&*5/+(,(%+47793)(()%*((-58712*.$&&++-1''%%(/34,'3'011010$$%,1++/58E>B;882*,*,*&:7'05?<=9?9'4,&,&)))$%$,/+**+.('&&)%'5,(*0/1)&''+$%%$$$/0,/+-',*4<95=;>;</1.+-((+''(*)')./7?=;7,$*+$+*2960,.++0,((()39=?.71(2.**.(..-$$%+:2(97(/9127/**++/:13+)*3243(,467;79-)%%)589=HA>EG8D>=;;'>?B5,(''$1;68+887/)*'%%#'$+)(31	135.3532829740548	0.14129417114135356
181	d7514a3b-80ff-490e-993b-202288449111 runid=ed1de13037eb1bcfeefc20d46af38743bdac68e6 read=13443 ch=17 start_time=2020-02-10T17:29:27Z flow_cell_id=ACE547 protocol_group_id=barcode_test sample_id=barcodes_fish H+(3,8),H-(1,10) c1 H+(3,8),H-(1,10) c1_145.30277024330795	GCACCCTTTATCTCGTATTTGGTGCCTGAGCCGGCGTAGTCGGAACAGCCCTAAACCTGCTCATTCGAAAGCAGGCTAAGTCAACCTAGTGCACTTCTTGGTGATGATCAAATTTATAATGTGATCCATTGCTTTCGTAATAATTTTTGCCAGTAATACCACTAACGTGGAGGCTTTGAAGACGACTCATTCCTCTGATCGGTGCAGATATCTTTCCCTCGAATAAATAATGACTTTGCATTCTTCCTCCATCTTTTCCTGCTCCTTTAGCATCCTCTGGTGTAGAAGCTGGGAGTTTGGAACAGGCTGAACATATCCTGCTTGGCAGAAACCTCGCTCATGCTGGGGCATCTGTTGATCTCACTATTTTCTCTTCATCTAGCAGGGATTTCATCATTCTTGGGGCAATTAATTTTTATTACCACAATTATTAATATGAAACCTCCGGGCAATTTCACAATTAAACACTATTTGTTTGAGCAGTACTAATTGCGGCTGTGCTACTATAATATCTCTCCCCGTCTTAGCAGCTGGTATCCTGTGCTAACTGACCGTAATCTTAATACTTCTTTCTTTGACCCTGCTGGAGAGGTGGTCCATTTATACAACACTTATTC	(&&+7)/><87.1)'*)),65<?>=;)?<9<<77224-158+7)(&''..*+22$('($#'*':55,,+%'$$%-545(/4?914*1%9>)+*&)6%%*)-,079996?C<97<9++//033.$'$#$"$&(*.5834=209206221$&&2***$)2D:=>1/%$%(*,&'*===90+(*.*).4:;-14;>9<6'$05+,<&,-0+(($"#%.47=+://98<7/*+$%$%#$,*#%&&*067342;<9562:<=4>=,%8*/&102%%%0035;=:6633+$('16763-#,#%$'''5./..731,)&%#&-.1))&()')&&'&*(6658+47<==?E?35A8<+(==*0&,*14,82>7:;;;677(+36326,(%%),-1,:=72/..)"%&')%+.*..'$)&%%('''&)-,+,&''$%(-')8400''&/**)+%.$%*14-37+.###$#&$(%%&,&++-:<9G?75201+>05.5++-0%%*/8.7*%1$$+$#+&57=B.628;9/2??<=-3//6883285$$()%%%$'*)$(+*%%%',.))$*)'')33899;931),*+,+*(65;7'$($*,+')((10574&%$$+/6;:=?;:-8	145.30277024330795	0.12612842103116356
75	85dd826c-89e9-48e9-ab4d-ed26ffbc4192 runid=ed1de13037eb1bcfeefc20d46af38743bdac68e6 read=14465 ch=125 start_time=2020-02-10T17:34:52Z flow_cell_id=ACE547 protocol_group_id=barcode_test sample_id=barcodes_fish H-(1,11),H+(1,6) c1 H-(1,11),H+(1,6) c1_179.78672732628618	AGAATAAGTGTTGGTATAAAATGGGATCACCTCCTCCAGCAGGGTCAAAGAAGAAGATATTAAGATTACGGCCAGTTAGAAGTATTGTGATACCAGCTGCTAAGACGAGAGAGATAATAGTAGAAGCAGCTGTAATTAGTACTGCTCAAGCAAATAGAGGTGTTTGGTGCTGTGGTACGGAGGTTTCATATTAATAATTGTGGTAATAAAATTAATTGCCCCAAGAATTGATGAGAAATCCCTGCTAGATGAAGAGAAAAATAGTGAGATCAGCAGATGCCCCAGCATGAGCGAGGTTTCCGGCTAAGGTGGATGAACCAGTTCAGCCTGTTCAGCCCGCTTCTTTTACCAGAGGATGCTAAAAGGAGCAGGAAGATGGAGGAAAGTGAAAGCTTATATTTATTTATTCGAGAAAGCTATATCTGGTGCACCGTCATTGAGAATGAGTCAGTTCGGCCTCAATTATTAGTGGTATTACTATAAAGAAGAAGAATTATTACGAGAAGCGTGCGCTGTAACGATCCGTATAAATTTGATCATCGCAAGAAGTGCACCAGGTTGAAGCAGCTCTGCTCGAATGAGCAGGCTTGGGAACTGTTCCGATATGCCGGCTCAGGCACCAAATACGAGATAAAGGGTG	72079?88=B98,,3323?=>99-%1-,/()*0.4$9((**.38.D@2%*44',%$$%*&',(,/-.'1417?7<58/&('2;>@@@@?7444%9=02+&-&'),)*()''%$)$-*+0,,*&&&&#$2782&&$#$$(0,114357+%)2@@7000$-8A:5::6;=//5,)-)1%%+<88+87>;378*+?>>C>>?;4'7>E<9:992<?@112/.-,(-(%%#$'*()&$$,4,'481+,')),--13)))'16:25221.,$',197(24862)311*,-)*+/.+)+-16:JB838675?<&2.873(('-$&$'.*6-=;77*5(.%'&%$##&*,--%%+)2%''414///#*1-%''%(&%'(#'(37:B9=/1;:/1*&.''%%%)///0///086:4<*&'',*38:9256A>6%=-'((*#77&%&&'((.$$#7710;/.-&&46+4,,+,65<;.>@9BD>?3A@=8@@1)%%%..'4<?A0+-$)**%'*(<><:1<<;9;857:7((:&,4562%35-+,=>344./5)(+**''$%%%%*3%'&$$%&&&8:76:7<:8/.'))+**,----%&&#$-+,C;/)+)09??C:3;=<F6=<553:&&%$%4713;AGH-(+:@9	179.78672732628618	0.10976021160182542
148	375c7ffc-3078-4222-8a9d-4d831af614db runid=ed1de13037eb1bcfeefc20d46af38743bdac68e6 read=1876 ch=29 start_time=2020-02-10T15:48:54Z flow_cell_id=ACE547 protocol_group_id=barcode_test sample_id=barcodes_fish H-(1,9),h+(0,-1) c1 H-(1,9),h+(0,-1) c1_152.77287590686132	AGAATAAGTGTTGGTATAAATAGGATGCCTCCTCCAGCAGGGGTCAAGAAAGTATTAAGATTACGGTCGGTCAGAAGTATTGTATTGCAGCACTGCTAAGACAGGGAGAGACAATAGTAGAAAAGCACAGCTGTAATTAGTACTGCTCAAGCAAATAAGGGAGTGTTGGTACTGTGTAAGTACCAGGTTTCATATTAATAATTGTGGTAATAATTAATAGCCCAAGAATTGATGAAATCCCTGCTAGATGAAGAGAAAAATAGTAGAGATCAACAGATTGCCCCTTTATGAACTGAGTTTCCGGCTAAGGAATTGGATGAGCAGTTCAGCCTGTTGTAGCTTCTACACCAGAGGATGTAAAGGAGCAGGAAAGATGGAGGAAGAAGTCAGAAAGCTTATGTTATTTATTCGAGGAAAGCTATATCTGGTGCGCCGATCATTGGGAATGAGTCAGTTCCCAAGCCTCCGGTGTGGTGGTATTACTATAAAAGTATTGCAGCGTGCGCCTTAACGATCACATTATAAATTTGATCATCATAAAAGTACACCAGGTTGACTTGGCTCTGCTCGATGAGCGAGCTTAGGAACTATTCCACTATGCCATAGAGCACCAAATACAGATAAGGGTGCCA	2)4348+''%;)06946>@0,,069&%*&&$'&%72)&&=8:3/?=1/;=-088127196:<566616%))#$&&'%**+-//('%%((&##$4274.)--++(/8=3)(.69/--804-.%''%-067(0.,,/%$'$$($%&/-.<:4&/2,((-%*02(77(:5*+1.4302(&*''+$++&*-AC;5-03024+*/)(+&().-)'&&%%)''$%*++*,&)&%%(/6774.69=GE0>;8;@D322,.7+45E50..21)).'-1..04711%'&(''$$$$%))+%'%(*2.><-:-;6,<6$4%%%'25<('&#$%1%.>:4664)6*$%(+&(8..+'**1/0.9B?>6:<8%+3'-45987?*1A33<@==)8)0'-+?*(0/.3122++,43+,.=8;65++4<'.43?;$-11115681%%$%(&8A<<='*0*9..,647&2)>&422)*&&)6'&,'$*$1/0*+0,2'6353?6;),6%$%%#$%++-(&&$#$'/22555=22436;:B<303911@C969&$4-)&%*%&'&'&&%3%6-+2/$52930,%(-+#)&#$$&-'866-0%&$%')5<12&%01+*,+$$$$%'&&%)463.+('':<>:',)(''&,	152.77287590686132	0.1267220434533994
121	d937699b-b55d-4a1e-83f9-7d07e491dca7 runid=ed1de13037eb1bcfeefc20d46af38743bdac68e6 read=15669 ch=53 start_time=2020-02-10T17:45:06Z flow_cell_id=ACE547 protocol_group_id=barcode_test sample_id=barcodes_fish H-(2,9),H+(1,9) c1 H-(2,9),H+(1,9) c1_159.3082271452174	AGAATAAGTGTTGGTATAAAAATGGGATCCACCTCCTCAGCAGGGTCAAAAAGAAAAGTAATGGAGTACGGTCAGTTAGAAGTATTGTGATACCAGCTGCTAAGACGAGGAGAGATAATAGTAGAGAAAGCACAGCTATGGTAGTACTGCTCAAACAAATAGGGTGTTGGTACTGTGAAATTGCCGGAGGTTTCATATTAATAATTGTGGTAATAAATTAATTGCCCCAAGAATTGATGAAATCCCTGCGATGAAGAGAAAAATAGTGAGATCAACAGATGCCCAGCGCCTGAGCTTGAGGTTTCCGGCTAAGGTGGATAGAAACAGTTCAGCCTGTTCCAGCCCAGCTTCATAGAGGATTTTCAAAAGGAGCAGGAAAGATGGAGGAAGAAGTCAGAAGCTTATGTTATTTATTCGAGTATATCTGGTGCACACCGATCATTAGAGAATGAATCAGTTCCCAAAGCCTCAATTATTAATTGGTATTACTATAAAGAAAATTATTACGAGCGTGCGCTGTAGCGATCACGTATAAATTTGATCATCACCAAGAAGTGCACCAGGTTGACTTAGCTCTGCTCGAATGAGCAGGCAAGGACTGTTCCGATTATGCCAGCTCAAGTACCAAATACAGATAAAAAAAGGGTG	/*:B=C:-7594*.8=<@C9::))-7,//02676'+(-('&&)+/1;@G90&)<;>%&13.412.'55--<<<08-/,$(&*987:77,+-**0.1389;:2.6/$$#12.+(+111-)1(++('$,)'$(-.2-33(%&#,,27?CG?(.+(%%,76.((%+8>,@<84=,,,*/$'*'(-*--(;6819C31-12229<894471;/34997:6+58/((*)'*&%.%/7678532;6<823=+//.-5%%%''$$+/8>2--0:=.39:0600<;6:51*%)'&%&#+%%%##$%%)89F>.7(6875/*243,)$$$*&$-7;;=A3>>=+3@4)1).0.)+)%*+(%#&&)''&%&$%&-4+$)*%&''*4',(*4/-+)-.+2'.+,+6((*)%''',,-42-/0)232-'%$%,..+,#(-4,'(&-.*328+.1,+.+,%3&&$$.6,(,2$($&,)/1((=9/57+,.&$#%.14212-791*(0+%-0--,0000'&&$'5<B@6<:</*&%#'*688$$=:8:'0253334>.6879=/%'&&5;-()$$627E4<5776(49:CDHC185++&(&(''-))-&%'%-.2@5%(#$#%-)&$$##"$%&$%#+-41-5-,(''2--9,(*(%)-/02	159.3082271452174	0.12139707695894629
264	4d2c803c-d971-403f-8212-6632c1e64d6f runid=ed1de13037eb1bcfeefc20d46af38743bdac68e6 read=1508 ch=45 start_time=2020-02-10T15:43:59Z flow_cell_id=ACE547 protocol_group_id=barcode_test sample_id=barcodes_fish H+(2,9),h-(2,-1) c1 H+(2,9),h-(2,-1) c1_124.93649584371299	GCACCCTTTATCTCGTATTTGGTGCCTGAGCCGATAGTCGGAACAGCCTAAGCGCTCATTCGAACGAAGCTAGAAAATCAACCAGTGCACTGCTTGGTGATGATCGAAATTTATAATATGATCGTTTACAGTACCACGCTTTCGTAATAATTTTCTTTATAGTAATACCACTAATAATTGGAGGCTTTGGGAACTGGCTCATTCCTCCTGGCAGTCAGTGCACCGATATGGCTTTCCCTCCGAATAAATAACATAGCTTCTGACTTCTTTGCCATCTCCTGCTCCTTTTAGCATCCTCTGTGGTGGCCAGAAGCTGGGGCTGGAACAGGCTGAGCTGTCTATCACCTTTAGCCGGAAACCTCGCTCATGCTGGGGCATCTGTTGATCTCTCTTTTCTCTTCATCCTTGAGTTCATCAATTCTTGGGGCAGTGAATTTTATTACCACAGTGTGTATGTGAAACCTCCGGCAATTTCTGTACCAAACACCCTATTTGTTTTGACGATGCTAATTGCAGCTGTGCTTCTGTTATCTCCGTCTTGGCTGGTCACAATACTTCTAACTGACCGTAATCTTAATACTATGCTGATATGCTGGTGGTCATTTTGCATAACACTTATTCTG	<9;?<52868</1:9<66D@:>:@5410+-)'$$'5632/;-31149712/###$)66:4<-*$%%',%8-,%)&''/*-(+7*6722(#+##%(&+.57451..#&)'&,-7<@+())*)&%$$*%$$'#&##$#%%%))*--29869/06+,,,/'(+-#-0.0034./132./%%(:=;0::99%,+-,/*)*&57;8880.8%,&)%%%$(9&,6'%&',%$$%%$')0850/.1'1)'36?7204*'%#''2350,-%%%,%%&##$030-(*%%57?=@/@8/1744-.2+3$(((4662(-.0/204/(&1&$/12%*026/*(+.&&',.66*%(,1799.%3/.%0%)&212737<>=?;(*995)%%29:384<3.3('%$&)*068?F?F<$$'%')#-$*/.)55/19122-/1('&'.*+*0534-.0(+))++%9+.*,)))(()/.5,+'60445./311%&&&+.1:1541*)1''+@@;C:65.++%&+4,<223%**65.%'#"#%&$##%24*$%+,2457,?;:+347%%&#-,66<@<<,+032:>=;B1.6025-+'#%#%$#$&(&''%#(()%%(+.'5740$$$&/'+*).268<<0;	124.93649584371299	0.14392145765577974
38	011d146e-6421-473c-9113-db799be619e8 runid=ed1de13037eb1bcfeefc20d46af38743bdac68e6 read=10775 ch=73 start_time=2020-02-10T17:15:26Z flow_cell_id=ACE547 protocol_group_id=barcode_test sample_id=barcodes_fish H-(2,9),H+(2,11) c1 H-(2,9),H+(2,11) c1_195.41687073330286	AGAATAAGTGTTGGTATAAATGGGATCACCTCCTCCAGCAGGAGTCAAGAAAGAAAGTATTAAGATACGGTCAGTTAGAAGTATTGTGATACCAGCTGCTAAGACGAGGGAGAGATAATAGTAGAGCACGGCTGTAGTAGTACTGCTCAAACAAATAGAGGTGTTTGGTACTGTGAAAGTGGGTTTCATATTAATAATTGTGGTAATAAAATTAATTGCCCCAGAGGTGATGAAATCCCTGCTAGATGAAGAAAAATAGTGAGATCTTAGATGCTAGCATGAGCGAGGTTTTCCGGCTAAAGGTGGATAGACAGTTCAGCCTGTTCAGCTAGCTTCTGCAGAGGATGCTAAAAGGCAGGAAAGATGGAGGAAAGTCAGAAACATGTTATTTATTCGAGAAAGCTATATCTGGTGCCGATCATTAGAGGAATGAGTCAGTTCCCAAAGCCTCAATTATTAGTGGTATTACTATAAGAAAGAATTGTTACGAAGCGTGCGCTGTAACGATCACATTATAAATTGATCATCGCCAAGAAGTGCACCAGGTTGACTTAGTCTGCTCGAATGAGCGAGCAGGGCTGTTCGGCTAGCCAGCTCAGGCACCAAATACGAGATAAAAGGT	1(,1./(-15==951/.36:553=22:1687.5*1B6-+,-/*0)>>..330(37%-67%&)(+($%.3,'<==B@2(('#$$&''&,-35?*<4&)5;6@5+<++%*1-*('1:@B<773;7+*&,-*+1,.(*-*/'/5/36+:8=72$7:7;687''7A?:G4<BCAB@8/),((')$'-3<60+''''32//(*,*',5=:*05:<:>?5%%'&999(,3*/0242123A>78>--+$$,-1248,:8+@:(%&(1//<;7511//7//3$,-55113)&&',11>;0(.)/45;B+3:@A@.(((8=;@B1<4-345/=-4/--&%%-03/-$7/8;1HB>CE=>>2('134=;*:*8;33/.-,%.*-2?0-06*+:>@B@;8=@=K3;0-7&3,56/)$&3;2/%2#$'-*9:.=>00475()+&'1/<,8-28872*&(.'+?:../(+.')<:<<:-.;=<?>C@*4,$,%$#%$4..%%&%'--=ABEAF:7:379)$4(*//0/**%$%&/69,4=A0/00),01:<.&&'-')>>;8,$$('#$#'88,>523+,(&#%%$'(.03AD+=%5*&%&'%&'(&&(+(+.*))0/+223(()'3014.%')5	195.41687073330286	0.09296641379762272
302	69dfe2d5-a48e-43bc-9a0e-4c561f83ac39 runid=ed1de13037eb1bcfeefc20d46af38743bdac68e6 read=16859 ch=54 start_time=2020-02-10T17:50:42Z flow_cell_id=ACE547 protocol_group_id=barcode_test sample_id=barcodes_fish H+(0,9),h-(2,-1) c1 H+(0,9),h-(2,-1) c1_114.24759287658333	GCTTCCCCTTTATCTCGTATTTGGTGCCTGAGCCGGCATATCAGACAGCCCTAGCGCTCTTCGAGCAGAGCTAAGTCAACCTGGTACTTCTTGGTGATGATCAAATTTATAATGTGATCGTTGCAGCACCACGCTTTGTAATAATTTTCTTTATGGCAATACCACTAATAATTGGAAGCACGGAACGACTCCATTCCTCTAATGATCGGTGCACCAGATATAGCTTTCCACTCTGAATAAGTAGCAGCTTTTGACTTCTGCCCCTTCATTTCTCCTCCTTTTGGCCTCCTCAGGCGTAGAAGCCGGGCAGAACTGGGTGAGCTATTATATCCACCTTATCTGAAACCTGGCGCATGCAGGAGCATCCGTAGACTGACCATCTTTTCTCTTTACATCTGTGGGACCTCTATTTTAGGTGCTATTAATTTTATTACCACTATTATTAACATGAAACCTGCAACTGTTTCCATGTCCAAATTCCCTGTTGTTGTAGGCGTCCTAATTACAGCCGTTCTCCTTCTGCTATCTCTCAGTTTTGGCTGCTGGCATTACAGCGCTGCCACAGATCATAACCTCAACACCTTTCTTTGACCCCGCGAGAGAGGAGACCGATTTTATACCAACACTTGTTCTGATTCTTC	$##$*,3$3;82775711++-/04=30+//,*-')+**&&+/%')20,;>>-$%$$,(-"&-((045866:58($.1'%((&#$($)+0)))2-1/:@=2-@?9.;=?1++*,-/213313;$01)$$$)((##%'$%'*(%'+%.**(&&$$$$&'+).*<;:978/&'&)8*.&%$%"#(0*)%).>>%.39:/,:=7+*')+/4&5=+('$77>731+/,00<610$")+#$#%##%$#$$#$%$%%%,0-(8>:83-,*%''(,022/0(2%#'*/./)0-',+6+9'+/...$$%%'((*(3/22+6;?;1-+&%103%%'(,-%%5$'$$&%0=1(&'$*,(%(232/20002/)0<9573$%((*$$*,25439;<60&%&&'#$&//64*#''%$#&'>>89956-)<B24400354.544&&)*49-#)8;=::;60/2))*+.-,+#%-',./*83%.++)%$%&',$.&4&)*2-##&$$%'$(,,-.&.&%(-/4,--0BD?A26-*($$(,+-)%&&3(:*330*0.0(&(*957>8)''$#$#,%&%&*++2-2$*,'02-88)478969@BGG1C9831%&',,.&0'..'0))%&#$&%)/-.((5*'&'++,'3;98+,A<C?+	114.24759287658333	0.15379037655916766
2	41622150-1cc0-452c-9fe6-ee910e62951b runid=ed1de13037eb1bcfeefc20d46af38743bdac68e6 read=1311 ch=73 start_time=2020-02-10T15:44:38Z flow_cell_id=ACE547 protocol_group_id=barcode_test sample_id=barcodes_fish H-(2,7),H+(3,10) c1 H-(2,7),H+(3,10) c1_235.7094366604265	AGAATAAGTGTTGGTATAAATAGGATCACCTCCTCCAGCAGGGTCAAAGAAAATATTAAGATTGCGGTCAGTTAGAAGTATTGTGATACCAGCTGCTAAGACAGGAGAGATAATAGTAGAAGCACAGCTGTAGTAGTACTACTCAAACAATGAGTGTTTAGTACTGTAAGTACCGGAGGTTTCATATAATAATTGTGGTAATAAAATTAATTGCCCAGGGTGATGAAATCCCTGCTAGATAGAAGAAAAATAGTGAGATCAACAGATGCCCCAGCATGAGCGAGGTTTCCGGCTAAAGGTGAGTAGACAGTTCTGCCTGTTCCAGCCCAGCTTCTACACCAGAGGATGCTAAAAGGGCAGGAAAGATGGAGGAAGAAGTCAGAAGCTTATGTTATTTATTCGAGGAAAGCTATATCTGGTGCACCGATCATTAGAAGATGAGTCAGTTCCCAAAGCCTCCGGTATTAGTGGTATTACTATAAAGAAAATTATTACGAAAGCGTGCGTAACGATCGTATTAGAAATTTGATCTGATCTCTTGCCTGCGCGCATCCTAAGAAAGTCTGGGTCAACAAGCTCTGCTCGAATAGAACTTAGAACTGTTCCGACTATGCCGGCTCCAGGCACCAAATACGAGATAAAGAGGTG	A+5BCH;;<:A:0-/)06=.))9BC?=78:8)**-;6-))3.71BI?+'52.%07699-20/2%%',15,3+,,*0-&)**,//)&%&5A97;894673/0//3-?:+,/231-/75((1.)/4373;<2/,$,$&&()*((3?8*/231*)&+A<+?*$-8--,02)2-=/;3.4/-7*>?95+)&<>:<<;>15=:DF>:;51<<?40/1+()()%$#532./*<856?+.3/),5*''''))4*5:878$8)&(/211.121++((&&%)'.+0/0)'*-4?3G?/2+51(;?*++7/%&.380))9)/@=6432-B5*1519838.997/2.)-->4:<AG?;>>;@D?&+,,--=923++1./-6+,-/('&04>-+,(011157=DB:=?G:=9<2,27+111/0(')8?:5=A2()4+<::@6>>-/2&&(%%%/,>/301*64.B:5213*8&%2+*,*0<;7;;=>9BA3>CI9(35>B6C325-232/)*.+))&%#$##'/27&,$$&(((1,-/)('*,&%"'(('$$$##%$%$"%"'$$'%$%%''%-+/'',%%$#$(,&'509560/4$%.+*$'')*)+($%%)$8;596809;87;;*<AC1D<5611'257A>>(((&/../-'(*-7,	235.7094366604265	0.10126418366811275
346	0b3e4283-9c6a-427e-aeb5-44365290a97d runid=ed1de13037eb1bcfeefc20d46af38743bdac68e6 read=18281 ch=45 start_time=2020-02-10T18:10:46Z flow_cell_id=ACE547 protocol_group_id=barcode_test sample_id=barcodes_fish H+(3,9),H-(3,10) c1 H+(3,9),H-(3,10) c1_96.76243012163822	GCACCCTTTATCTCGTATTTGGTGGAGCCTGGCATAGTCGGAACAACCTCGCCTGCTCATTCGAGCAGAGCTAAGTCGACCTGGTGCGCTTCTTGGTGATGATCAAATTTATAATGTGATCGTTACAGCGCACGCTTTTGTAATAATTTTCTTTATAGTAATACTATGGTGGAGGCTTTGGGAACTGACTCATTCCTCTAATGATCGGTGCACCAGATATAACTTTCCCTCAGATCGTAACATAAGCTTCTGACTTCTTCCTCCATCTTTCATATACTTCGCATCCTCTGGTGTAAAGAGCTGGGCTGGAACAGGCTGAACTGTCTTTATCCTGCCTTTGGCCGGAAACCTCGCTCATGCTGAGCACTCTGTTGATCTCACTATTTTCCCTGCCTTCATCTAGCAAGGATTTCATCAATTCTTGAGGCAGTAATTCATACCACAATTATTAATACATAGTGACCTCCGGCAATTTCACAGTACCAAACACCCTGTTGTTTGAGCAGTACCTAATTACAGCTATTAGCTTCTACCATCTCCCCGCTCTTGGCAGCTGGTATCTGTGCTTCTAACGTGTAATCTTAGCCATACTTCTTTCTTTGACCCTGCACTGGAGAGGTGATCCCATTTATCTAACACTTATTC	)$$112'3+,;>49+---17../%%##$#"%&$')--../805),%+'&$%&&&%%25..2*+++%%%'))++-+1'$'673528.-,''+('(*0.6448,';4<;%<A;9=4&%%&$&%&)3//080*)-,-*9:7.34733442BB;566-)$$%/310,8.0#$$:7)(-.000++02),1(.2=@B<AB*5-6,'&&-000%'6&$$$*-+/,*)*%'(-:385/8$&%$$%*/+./-0,.&&02/4/../&'+'/&46/2215)%$&'''%'//((;$$*.*')-103,$%'+*34/21125B:54443672'*++*,,()$,))/('()(+($/)(/6)-$&&(4%&8)/..%'(%&##$'4*,/(/,.2--&..,.2-*$%%%$&(*.0(#2#&'&+%&+$+-)%&%%'$12/..,'/$$$'($%#(##%&24111))+'(*)(&&%&#$&#''&'*(.'),1.-264-++305;<@?/95*&')'876161%$#'(.6-4/06224)'(,,-##&%%#'*((%%#'..0+7+(&$.)023/,,'%&,36($1%%%$'**+((%%&((*++10+%$&%%%#&&&&%%'./-.$56<9<.)$'(,21((%%,2;:<>D@:??7)###)+,(#&11139	96.76243012163822	0.17065092085745076
265	c4485c35-81ea-4d32-9554-05221f9f64b4 runid=ed1de13037eb1bcfeefc20d46af38743bdac68e6 read=16206 ch=54 start_time=2020-02-10T17:45:00Z flow_cell_id=ACE547 protocol_group_id=barcode_test sample_id=barcodes_fish H-(3,11),h+(2,-1) c1 H-(3,11),h+(2,-1) c1_124.35073475164425	CCAGAACAAGTGTTGGTATAAATCAGGTCTCCTCCCCCGCAGTCAAAGCAGTGTTGAGGATTTTGATCTGTAGAGGCGGCATTGTGCCAGCAGCTAAAACTGGGAGAATAGCAGAAGGAGAACGGCTGTAGTAGGACATACGAACAAGGGAATTTAATTTTATGAAACAGTTGTAGGTTTCATGTTAATAATAGTGTGCAAAATTAATAGCCTAAAAATGAAGAAATTCCTGCCAGATGTAAAGATGGTCAGGTCTGCGGATATCCTGCATGCGCTAGGTTTCCAGATAAGGGAGGATCTGAGTTCTCAGTTCCTGCTCCGGCTACGCTGAGGGGCCAAAGGAGGAGAGAAATGAAGGGGCAAATCAAAAGCTCATGTTGTTTATTCAGTACTTTATATCAGAGCGCCAGCATAAGAAGGAATAAGTCGGTGCAAAACCTCCGATCATAATAAGTGTACCATGAAGAAAATCATTGCAACATGAGCCGTGACGGTAACATTGTAAATCGATCATCACCTGGCCCTGGCTGGCTGAGTTCAGCGCGATTAATGGCGAGGCTGTACCTGGCCCGGCGGGACGAATAAAATATAAAGTCCCAA	:%75@;8<.).3:4/,=76=;1/''36575042979*%$$$&'2&&'(-.1.240)$*)(782282318?=1,(%&$'*./00&%(,1&/-/200.+(&%'-=927%.,-*''&89,&)&('&&/00-%%%2174($###"%%67<*1&,//)0.$$#%$$/10&4166@78',/2.4E>71.,')//47+(((1'&$$06058;841:*?928534-%$$&))368@//641944;=958>0%58853:-/10.-%&*5'%%$$(('&10($$%-.017B4%<893,11)&+#-1+&%$##,-()$')+$5045,---4($#'&--,'-,4(1,5650'*=)5+&%'$,4525371*,'%&&$*323+%*$)/577=<=1@:4<<;%)+#$')))654622*,%%&'.%+*).'.7$0%;@??4%#')-?/3???5&'()5&&5:17=300'#,$+(.0((((3')*/.42/68--0),,*)$%%&((1001(18+568:++-+*03*'6;76>2751'-363/5>;96@;941)934-$##&$-&564)).$$$(*42+'$-,'$'&&%&%%$..'('&)+5828452731%++/'*'	124.35073475164425	0.13813244883678336
314	01e7f217-d610-452b-b3c8-4636a607473c runid=ed1de13037eb1bcfeefc20d46af38743bdac68e6 read=13079 ch=59 start_time=2020-02-10T17:26:31Z flow_cell_id=ACE547 protocol_group_id=barcode_test sample_id=barcodes_fish H+(3,7),h-(1,-1) c1 H+(3,7),h-(1,-1) c1_111.32493819318836	GCCCTTATCTCGTAATTTGGTGCCTGGGCCGCGCATAGTCCGCGGGAACAGCCCTAAACCTGCTCATTCAGAGCGGGCTAAAGTCAACCTAGTGCACTTCTTGGTGATGATCAAATTGCTGTGTGATCTGATTACAGCGCGCAGCTTTCGTAATGTAATTTCTTTATAGTAGCCACCACCTGTAATTGGAGAGCTTTGAGGAACTGACTCATTCCTCTAATAGTCAGTGCACCAGATATAACTTTCACCCTCAAATAACCATAAACTTCTGACTTCTTCCTCCATCTTTCCTGCTCCTTTTAGCATCCTCTGGTATGAGCTGGGGCTGGAACAGAGGCTGAACTGTCTATCCTGCCTTTAGCCGGGAAACCTCGCTCACGCTAGGGCATCTGTTGATCTCCTATTTTCTCTTCATCCTATTGGGTTCATCAATTCTTGGGAGCAATTAATTTTATTACCACAATTGTGTGTAGACACTCCGGCTTGTTTCACAGTACCAAACACCCTATGTGTTTAGGCAGTATAATTACGGCTGTGCTTCTCTGCTATCTCCCCGTCTTGTGGCTGGTATCACAATGCACTCTAACTGACCGTAATCTTTATGCCACGCTTTCTTTGACCTGCTGGAGGAGTAGTCATTTTATACCAACCCCCGCGGCTTCTGAG	#$$%$&*73+223$'$)875A9:51,%-..%$$#&%''%%0$$%*'+*('&:9436.-343+&'0)*+/$$$'$$&'&%*+(&'+%#$#&$$($%%%%('%'%,/50//,*-*&($('&&'%##+.00%'#"&$$$%&&$#%###(-.-%%$#%$$,++/98;=39:<2;4''&#.,'&#%"$&&&'13/0%0$$<>3-8$.0019&41;8<9.7190)%&(*0,+&*&()*.+-(%%$&$$'*((#$&$'(%+'$.&()%&&%$(34766-++56BB:><&('8;<GB4;;DFE2:2;867;9;1130;6+'+$%$$'/4++-<BCFD5-''/)3*:;5/,'(+8;B7''+%%13343+$'(%(%11+(*)2&$/./('%&%0:8BCAC=(7%56?AF+1.5:;?<7A4DB>0%%&#$#$%%%&,11/8..+9323%-/$)()*',/.,=<;..1456%&&%%((3)(++*%%-%%1(2&$"$$%#/4+'((-.%%(38/=>:++0@899:&1)%%'%%)+%%')-/('((-048*$*++&%&&66-?@7+761*8956'%)5<==41*.0*-.0)'-&&56&&',.3268--/,0102&+)'&&###"%%(-.0//+8:1>;<6(-&&#$$$)05023-+&&#%(*%*((('&$%$##&##%$%	111.32493819318836	0.18260434257959166
359	068f2dfe-a8f4-4229-8e38-326bfa514970 runid=ed1de13037eb1bcfeefc20d46af38743bdac68e6 read=14782 ch=4 start_time=2020-02-10T17:52:21Z flow_cell_id=ACE547 protocol_group_id=barcode_test sample_id=barcodes_fish h+(2),h-(3) c1 h+(2),h-(3) c1_88.39850541448035	GGCATTAGCACCTTATCTCGTGTTGGTGCCGCAGGCCGGCATAGTCGGAACAGCCTAAGCCTGCTCAGTCGAAGACAGAGCTAAGTCAACTACATTTTTTCTTGGTGATGAGGCAGAACATAATGTGATCGTTCTGGCGCGCTTTCATGTAAATTTTTCTTTATAAGAAATGGCCTACACTAATAATTGGAGGCTTTGGGAACTGGCTCATTCCTCTAATGATCAGTTGCACCAGATATAGCTTTCCCTCAAGATAAATAACATAAACTTCACGGCTTCTTCCTCCATCTCCTGCTCCTTTAGCATCCTCTGGTGTTATGAAGCTGGGGCTGGGCAGGCTGAACTTAATCTATCCACCTTTGGCCGGAAACCTCTCGCTCATGCTGGGGCATCTGTTGGTCTCCACTATTTTTTCTCTTCACTGGCAGGTTTCATCAGTTCTTGGAATGATTAATTTATTACAGTTATTAATATGAGCACTCCGGCAGTTTCCACGGTACCAAACACCCCTATTTGTTTGAGCAGTGCCAAAAAATTACGGCTGTTGCTTCCTACTATTGTCTCCCAGTCTTGGCAGCTGAACATCCACCAATACCTCTAACTGACCGTAATCTTAATACTTCTTTCTTTGGTGACCATAACTGGAGGAGGCAGTCCCATTTTATACCAACGCTTAATTCTGGT	%$**%*&$$"$%#%$.525$(+%'(.9(+*%'()*))*+./,2)%64@2,&&--&*0*,:<9<655%#-,&'&'%&&)$*,.+'*330*'&$$&$()*+0013548-(($$$$&)&%$#*57/0+)%&).$*,$"%)%''$$0><7..+-(*$00110,-55,+,,$**&%%***(&$&)/.&*,''),2&(,87<7)0-#$%#%$%(1157/3'6'&%"%&*3(/(+/153@=?50*'''''010140:.%,/*.*%+0*++*//,&&('$#'$',++-3(+*271.,)$&%&%8*/(/-$-//239*:4=00.$&#$&()**,'%&$'''*1441+960-)&(#$$)+++((+%'&&+-11/&**)%%01..#&*65@88901754)&%/+3.5*3(.31%:*(-#%69<=8<7;95.22)))&&/)$'>@0+@.)38888/*('&*+373'1A=-')%''$,7*#%&$&)++%)5((9),%%'')'60$0*(),6/02>65<<464%/113'()/$+'$''$/(**)+))*'-.&#%436*&3#$'+#&&%#&%#%%1+1'4$$#/*.,'+(('$%%##%+003,)67/((55,5/:0.*+)0015863400543*$F?<:9999;4)%$''&%$$$$$%(+((/2,)&&'%%.$)1311:99280&$$#$$'&:8832)>	88.39850541448035	0.16828585267275684
