243	da7e146d-c1ab-4926-a29e-aa4dda390eac runid=ed1de13037eb1bcfeefc20d46af38743bdac68e6 read=19361 ch=89 start_time=2020-02-10T18:20:01Z flow_cell_id=ACE547 protocol_group_id=barcode_test sample_id=barcodes_fish H-(3,10),H+(3,10) w1 H-(3,10),H+(3,10) w1_122.0191820420189	AGAATAGTGCGATATAAATGGTCCTCCTCCAGCAGGATCAAAGAAAGTATTAAGATTACGATCAGTTAAAAGTATTGTGATACCGGCTGCTAAGACTGGAAGAGATAATAATAGGCTTACAGCTGTGGTGAGACTGCTCAAACAGAGAGGGAGTTTGATATTGTGAGTTGCTGGAGGTTTTTATATTAATAATTGTGGTAATAAAATTAGTACCCCAAAATTGATGAAATTCTGCCAGATGAAGAGGAAAAATAGTAAGTCAGCAGTGCCCAGCATGAGCTTGGTTTCAGCTGGGGATAGACAGTTCAACCTGTCCGGCTCCGGCTTCTACGCAGATGATGCTAGGAGTAGGAAAGATGGGAGGAAGAAGTCAGAAGCTTATATTATTATTCGAGAAGCTATATCTGGAGCACCGATCGTTAGAATTAATTGTTGCCGAGCGCCAATTATTAAAAAGTGGTATTATATAAAGAAGAATTATTACGAAAGCGTGTGCTGTAACGGTACATTATAATTTGATCATCACCAAGAGTGCACCAGGTTGACTTAGCTCTGCTCGAATGAGCGGACTTAAGGCTCTTATTCCGACCTATGCGGCCTCAGGCACCAAATGCAGAAGATAAAAGTG	**+2./%%$$'&&%$&&%##)$$&')+,$=3-45*72,3/1((.00+-.%&$)$0.1,040)@9?:==C954@656/-%,(,562*3220042,4:<D?-.),9;>@503($$####&%)+%%%%%%'3.'4213(%/-59-352.8+2**&+*1271***+,'%$&#(*+/1/,),68:?=97889@C@A)AF62%2.:1--/1'362$6$-**(00'2$88986'4380,',+/15D;<:;7%44/;=<0((,3%')3;/''-')&##"%%%'**+*$##%*%,''$'14''-8,%%%*))..+.1$:;:9))7):=>.<.,&'/,+2$$58<=561%%3-%%%%%&$&*'1+*2&&&($11(2*2+0.8$$**$%%1-)))+%%('66:.*#''(6;7///86,'%,,,8<;511%&(),%1/2+%%&$#&&$$$(#'&&*1*.0%$&',(%$&&&(5.,0&$%*2;*('&')%(+*)*,$%%*(*00-&+2:;/494-.),,'0/2522/*98888531.+*461$$19+(('200.?*63777&*200.$--:54=0000$$,0%%&'#'%$+#$#$&+'))&)%%(((#%+,+)2&'&$%&)'%*&%&%&+(7;>EC4*(9/	122.0191820420189	0.14832216156845193
359	e2aa47e0-9b6b-4680-be90-31deb7eab63e runid=ed1de13037eb1bcfeefc20d46af38743bdac68e6 read=28190 ch=121 start_time=2020-02-10T19:48:40Z flow_cell_id=ACE547 protocol_group_id=barcode_test sample_id=barcodes_fish H-(1,11),H+(2,10) w1 H-(1,11),H+(2,10) w1_90.39081087942756	AGAATAGATGCTGATATAAAAATGGGGTCACCTCTATAGCAGGATCAAAAGAAAGAAGTATTAGATGATCAGATTAAAAGTATTGTGATACCGGCTGCTAAGACTGGAAGAGATAATAATAGAAGCTTCAGCTATATTAGGACTGCTCAAGCAAAGAGGATTGATATTGTGCAGGGTGCTGGGGTTTTATGTTAATAATTGTGGTAATAAAGTGTTGCCCAGAATTGGTAAAATTCCCTGCCAGATGAAGGAGAAAAATGAGTGAGGTCAACAGATGCCCCAGCATGAGCCGAGGTTTCCAGCTAAAGGGGATAGACAGTTCAACCTGTCCAGCTCCAGCCTACGCAGATGATGCTAAAGAGAGTAGGAAAGATGGGGAAGAAAGTCAGAGCTTATGTGTTATTGAGGAAGCTATCTGGGCACCGTGGGTGGGGTGGTCGAAGTTGCCGAAGCCTCAGTGTAGTGGTATTACTATAAAAGATTATTAGCGTGTGCTGTAACGATTACATTATAATTGATCATCACCAGGAATTACGCAGGACTGACTGCTCTGCTCGAATGAGCAGGCTTGGGCTGTTCCGATATGCCGGCTCAGGCACCAAATACAGATAAAGAAGTG	35.0,/(.&%'.,.31,,1676224'16.568*3%&%-&)+.23.AD@+$*;=3%-)$$$#%#%#%#'09+*'./-532$,0031301/442'088*%&,)/,*'%'#%%&'42:0/1+)))(()&&&$%'%+$(*(*0.>5,,&$',&*%2:5%**,&#(**(''&''&%&)&148<542)&/ACA@744<5@855$$'$$&38>@AH@2(4'%(%%%$1%.**+',.'/6-$/$1$+06;<?<=>;':)*$,,2-*&&$(.&%$.,=6$',/2,+*$$#%'++)+++*$*),1+C6(.$+46731-4;:7/0//44:,0//'<>=9''+%.&((9('&%)&$$%1/6>:<9=:23/%&$'#%%++3+8.:B33*6149'.'%&0/*'-$%''555/*.#%%'$&*)&('+3+6711$$&&%&%'$*%+#$'&%#(+,$$$,'+,,.$*%*67.9'(9+/+%.((:2237<9389;3$$)&**(*%)4783.+%%'*.,,-*9B301/1-&($"$)-4=68@))5)'&%$$%&))('*&$#$&$##%*,/.5&'840:55-,(((*#%%$'')%,':&((&&-**+,(0++8-1+))(1891-*'')857>,)$#05/	90.39081087942756	0.15178399728705547
0	f0ccdf30-dbc9-418f-89b8-5d8937a0ff98 runid=ed1de13037eb1bcfeefc20d46af38743bdac68e6 read=1967 ch=93 start_time=2020-02-10T15:48:54Z flow_cell_id=ACE547 protocol_group_id=barcode_test sample_id=barcodes_fish H+(0,10),h-(1,-1) w1 H+(0,10),h-(1,-1) w1_271.04600430921926	GCACCCGCTATCTCGTATTTGGTGCCTGAGCCGGCATAGTCGGAACAGCCTAAGCCTGCTCATTCGAGCAGAGCTAGAATCAACCTGGTGCACTCCTTGGTGATGATCAAATTTATAATGTAATCGTTGCACGCTCGTAATAATTTTCTTTATAAATAATACACTAATAATTGGAAGCTTGACAGCTGACTAATTCCCTAATGATCGGTGCTCAGATAGCTTTCCCTCGAATAAATAACATAAGCTTCTGACTTCTTCCCATCTTTCCTCTCTTTTGGCATCATCTGGTGTAGAAGCCGGGCCGGGACAGGTTGAACTGTCTATCCCTTTAGCTGGAAACCTCGCTCATGCTGGGGCATCTGTTGACCTCACTATTTTTCCCTTCATCTGGCAGAATTTCATCAATTCTTGGGGCAATTAATTTTATTACCTGGTGTTATTAACTATATAAAACCTCCCAGCAATCTCTGTATCAAGCTCCTCTTTGTTTGAGCCAGGTCTAATTACAGCTGATAAACTGTATTATCTCTTCCAGTCTTAGCAGTAAGTATCTGTACTTTAACCAGTCGTAACCTTAATACTTCTTTCTTTGATCCTGCTGGAGGAGGTGACCCCATTTTATATCAGCATCTATTCTG	%$#$$$%'=9?B;>/A036==2679843'-(**23,((-.9*8'5..0@>1@3,CDC?<D>-<73$$)%%%($((+,./,=92494-4@=>1'7-1-/*37:;7755;?4+=@=:=>=9::?;9@+,2&$)*++8;)*+&.69>DD>?AB=+15'&/6/2++)//5A=?898+.'#&))&.',,%($$$$)*,*7.1',A>6712?(25'''-(*-)%/8CE>79),1&'((*+%.003635-177-:64/''('')+2.6;<<=805*('0-1.,-/017<638-0?>84++)(530)-887'8@2++-6?32276755.(522>4$423.,,,,(.3998622;?@CA,.5;B<:8679*)+/9881;6868AD@>>4@=7?7:=A7.2/1'++15E:87=6?5@=22+220122/5778>;:579:<7%&'.&%*(/01+&'$%&$.983421674###$$443:)((%258/&>>595>@C?/1../12('&,($=)&%#&%+&$%&&#$&$#&)%-+,/(%%*?DD%C0<=C??.'%%$&(&*821:;6:>EFGA=1,0-03((((')))+61++EFFA<9D?DD9;?45.5;116=2=8.725>682323?@A?8666;/%675><565946	271.04600430921926	0.09140706389976541
16	999a9741-a2bc-4a8b-9020-ceb67607a29c runid=ed1de13037eb1bcfeefc20d46af38743bdac68e6 read=19738 ch=96 start_time=2020-02-10T17:56:08Z flow_cell_id=ACE547 protocol_group_id=barcode_test sample_id=barcodes_fish H+(2,11),h-(3,-1) w1 H+(2,11),h-(3,-1) w1_195.33379972881767	GCTGCTATCTCGTATTTGGTGCCTGAGCCGGCATAGGTCGGAACAGCCCTAAGCCTGCTCATTCGAGCAGAGCTAAGTCAACCTGGTGCACTCCTTGGTGATGATCAAATTTATAATGTAATCGTTGCTTTTACGCTTTCGTAATAATTTTCTCTATAGTATTACCACTAGTGGAGGCTTCGGCAACTGACTAATTCCCCTAATGATCGGTGCTCAGATATAGCTTTCCTCGAATAAATAACATAAGCTGCAGCTTCCTTTATCTTTCTACTCCTTTTAGCATCATCTGGTGCTGAAGCCGGAGCCAGGACAGGTTGAACATCTATCCTTCAGCTGGAAACCTCTGCTCATGCTGGGGCATCCTCATTGACCTCACTATTTTTCCTTCATCTGGCGGTGCATCAATTCTTGAGGCAATTAATTTTATTACCAGTATTAACATAAAACCTCCAGCAATCTCACAATATCAAACTCCTCTTTGTTTGAGCAGTCCTAATTACTGGCTAGCTACAACCATTATCTCTTCAGTCTTCTTAGCCAGGTATCACAATACTTTTAACTGATCGTAATCTTAATACTTCTTTCTTTGATCCTGCTGGTGACCCATTTTATATCAGCATCTGTTCTG	&$&()12;-);'5'8BD>;A93.+--19;3,&%%('0033C8>:=<DC>2@=*A@=>=<?883:6125561(>:6%%131,/4306?,)&&((,+/4568=00,+:/,*185548=;<<>42<0:<$#&)'%%548BF=8010,()($5630-=82.0)+*"$&$$')&&+4-($/,(C/D7?=A2<:=:77675=/?-',15++*/4)AC72,9'(+'',-*'578-+,+*%,)**'',&.203()./)&&$#$,$#$*+,6<49*0,)*4-//3523-7::.95A;1141$+,+-)9-59---2+2*&'',*<',(*&'.1+.%%)()#*6492)59.14+)"$-+88B=872.-533&&4+#%&)/155-92509>AD@<0,1655373.)$$&0%$-1:542@+<<0%3236..1.&)*)%-&+((,(*3&%%/,+;?IC33/-++4+),3.8673*<@97+((&&''3785**.56<G:510574''/30%$%)$&+,+/(&(*&$)$$&*%(2:<:795+..52*,&#$%&&')$&3+)7,/2.-,8?DC<<9814776('%)49;<2$&(,,*%'877ABB>>88>8=694'.//.(&'),**-$0156*;62:4%.+&&)	195.33379972881767	0.09854590209163983
35	adee2488-452b-4171-afe1-645f831e61b7 runid=ed1de13037eb1bcfeefc20d46af38743bdac68e6 read=21735 ch=106 start_time=2020-02-10T18:36:51Z flow_cell_id=ACE547 protocol_group_id=barcode_test sample_id=barcodes_fish H+(0,10),h-(1,-1) w1 H+(0,10),h-(1,-1) w1_185.9388357779547	GCACCCTTTATCTCGTATTTGGTGCCTGAGCCGGCATAGTCCGGAACAGCCCTAAGCCTGCTCATTCGAGCAGGCTAAGTCAACCTGGTGCACTCCTTGGTGATGATCAAATTTATAATGTAATCGTTACCTTTGCGCTTTCGTGACAATTTTCTTCATAGTAATACCACTAATAATTGGAGAGCTTCGGCAACTGACTAAATTCCCCTATTGATCTGTTGTCAGATATAGCTTTCCCTCGAATAAGTAACACCAGCTTCTGACTTTTAACTTCCCCATCTTTCCTACTCTTTTAGCATCATCTGGTGTAGAAGCCAGGCCGGGACAGGTTGAACTGTCTATCCCCTTTAGCTGGAAACCTCGCTCATTGCTGGGGCATCTGTTGACCTCCATATTTTTTCCCTTCATCTGTGGGAATTTCAGCAATTCTTGGGGCAATTAATTTTGTACCACAATTATTAACATGGAAATATCCAGCAATCTCACAATATCAAACTCCCCTCTTTGTTTGAGCAGTCCTAATTACAGCTGTGCTTCCTGTTATTATCTCTTCCAGTCCTTAGCAGCCGGCATACAATACTTTTAACTGATCGTAATCTTATGCACTTCTTTCTTTGATCCTGCTGGAGAGTGACCCCATTTATATCAGCATCTATTCTGGTT	($%&)'(+0-0()3.8)),809:>>1=<;70/)*),,,(**7+7+(.0/<=>65.'8858-0B::0,&*(&&&*4/01+&=>8?@;2-/$)&&84844,*53//388.;77360969696;>:8@1;@-++)*$$215<H6/%'')$/:/AA::82'+'''4.#$%%%,74>9=?)),62-.&)$01.*%-/(&&('6662)<@6<62+4,20+(3$$#(#'*)).*)(315@A<322-.%%/,-+)**$$&$$.%&&/'&%%##&(',,%&-%.462454<:.2/$&',$'$)+558<@;CE;:3=42)()'+)+$('++(4/)*-+.=,.-.''*<:78..:/&+2-,)),%%.2,.)./&)+%%%'1..,+)40.064%)0))576+)+3513254464A;A=;695)%$,1375<36()(/9/BC@?++4+4<86951/3-,$/+/..35425>:=;+)'$$%&*%#$%$42&3?7??+6-1501''.,-(%(7:@+-)),1+30&+)(&''%%.'0,,.,*.(-1)%$225%00&9&1368),3/A8*4,-%%'%(+&%'%*(%$&&&%'*''('*,*)42071/04///1(&%./$$#)++667:?BJH22289J-@<HE@;*%)),-::@E2=@?76653$+,/4:707=854(*3	185.9388357779547	0.11489965170382063
323	eb5a58d7-e0eb-4d18-962f-c0f94c1272b6 runid=ed1de13037eb1bcfeefc20d46af38743bdac68e6 read=28510 ch=30 start_time=2020-02-10T19:33:55Z flow_cell_id=ACE547 protocol_group_id=barcode_test sample_id=barcodes_fish H-(3,8),h+(3,-1) w1 H-(3,8),h+(3,-1) w1_101.30121476293732	AGAATAGATGCTGATAAAATAGGGTCACCTCACTCCAGCAGAGATCAAAAGAAAAGTATTGGAGTACGATCAGTTAAAAGTATTATTGTGATACCGCTGCTAAGAACTGAAGAGATAATAATAAGAACACAGCTAACAATTTAGGACTGCTCAAACAAGGAGTTTGATATTGTGAGATGTGAAAGTTTGTAATAATTGTAGTAATAAAATTAATTGCCCCAAAAATTGATGAAATTCCTGCCAGATGAAGAGGAAAAAACTAGTGAGGTCAGCAGATGCCCCAGCATGGCAGTTTCAGCTAAGGGGATGACAGTTCAGCCTGTCGCTCCAGCTACGCAGATGATGCTAAAAGGAGTAGGAAAAGATGAGGAAGAAGTCAAACTTATGTTATTCGAGGAAAGCTATGTCGAACGCAAATCATTGGGGAATTAGTCAGTTGCCGAAGCCTCCAGTGTCGTGGTATTACTATAAAAATTGTTACGAAAGCGTGTGCTGTAACGATTACATTATAAATTTGATCATCACCAAAAGTGCACCAGGTGGCACAAGCTCTGCTCGGAGTAGGCAGGCTTAGAGAAACTGTTCGACTATGCCGGCTCAGGCACCAAATGCTGAATAAAAGGTGCCAATATCATGC	*(,1././('%%+,,(/0)'&)%&.10./)5$#/40=455,'4)(>=@/%&//+($%%&('&$$4.''(,+%)')-<3',00%&)+,'%&),-.1/-.,1-1'&')(**'81).1776.5412&$'%%$#$$%,$$%.++/-,*=;?@<;9?4)'9@>'-&,'-'1.***-(,$%$#+$%$'%$'$10''&)''$$&+,#())++,5:<?B@123+444+.-'2)36<:11),+*6).0401-09(((*)$,*+19873*00(/((&14:6,9=>55+112-+-/.((#%%,%&/4.443/+(-54(()(+,0+.0-&*)*'&-(**)($$)/+&%.,,;57933639D:'+'(.1-*+-8+%'+%$#%%/7((/-*-))'#$$6*(544835+*.&*41,1)+$$+-%$$#"$&&&)0##$%()(18)984/7*8*-,*-'&-$$$##1%)2%$#&*+.80))/759:??-(%()%#%$#'(('/:9./3&%&%/1(())),*%,,/879()*-)(#1.2/.*,22-*'&0&&$$&&-*--'$$%,+(+-21-(,3&&$%'('(''&.11/),#&)((,.-:-,+1043----$69+0)-644+/420%%$$&&74::/()(-'$$.,+-')#&&&	101.30121476293732	0.1584118103806877
57	ff86c808-b73a-4e72-8ac6-c8c8ccf179fb runid=ed1de13037eb1bcfeefc20d46af38743bdac68e6 read=33731 ch=73 start_time=2020-02-10T21:04:57Z flow_cell_id=ACE547 protocol_group_id=barcode_test sample_id=barcodes_fish h+(2),h-(2) w1 h+(2),h-(2) w1_173.9158957014269	AGATATCAGCCCTTTATCTCGTGATGGTGCCTGAGCCGGCATAGTCGGAACGGCTTCGCCTGCTCACATTCGAGCAGGAGGCTAAGTCAACCTGGTGCACTCCTTGGTGATGATCAAATTTATAATATAACCGTTACCTTTTACGCTCTCGTAATAATTTTCTTTATAGTAGCCACTAATAATTGGAGGCTTCGGCTTGACTAATTCCCCTGACAGTCGGTGCTCCAGATATAGCTTTCCTCGAATAAATAACATAAGCTTCTGGCTTCTTCCCCCATCTCTCCTACTCTTTTGGCATCATCTGGTGTAGAAAGCCGGAGTGGAACAGTTGAACTGTCTATCCCCTTCAGCTGGAAACCTCGCTCATGCTGGGGCATCTGATGACCTCTTCTTTTTCCCTTCATCTGGCGGGAATTTCATCAATTCTTGGGGCAATTAATTTTATTACCACGGTTATTAACATAAAACCTCCAGCAATCTCACAATATCAAACTCCCTCTTTGTTTGAGCAGTCCTAATTACAGCTATTGGCCTATTATCTCTTCCAGTCTTGTAGCCGGTATCTGTACTTTTAACTTGATCGTAATCTTAATACTTTCTTTCTTTGATCCTGCTGGAGGAGAGGTGACCCCATTTTATATCAGCATCTATT	$087,*9%&565$00/7:1E66/'#$,8'2-+*'%''&(('$%''8.?-+%%%"#%#&./384,5,$47+>%#($&(&%$'***$&'<9-1321,>&$&$2+.+-/....213-=;7=4K?:49/*$$)&&'(*93&(%%%$,,,<B::=359:?F@BCDEGJMD00066;%%',0..+&+$$%5*''4461-%%###%+151-*3(3*&.%$(&./8')12/2&7%&)'&$&)%%,-#.+133756625=33512(*))3''-$%23-.,(,,,+,:9455&+*,*,0*+)$%8>B>G;4<753<61+'))(+)%''$*)&($&&'&#&*2.**97@846797-'*$')(/.'06..0067'+;787$'55=89630')#$$)&&%&"%'11///.?9.871/=6/3*'(*23-=903.=6:4A>@@1(:5:;88E?E?IGC8:;4.))%'*8'123>2401;=52<>:)A4779,12,3-..&++0530-/3538*>BH95)?.%%*012((=;>9;=/+,066%$&%&%$),*,6;?:-;6(2'12*/1&"$&&&)64.-0$#%&.4675-)##$$$,0%%&(%&$*/'$$"$$&%%(:9:=674/02,;7:=7-30).%%.15658@=7CDBC:90+B8&D<;D<9=8	173.9158957014269	0.12608355428716608
264	425233ee-3c96-4d24-bfa6-439963facfdf runid=ed1de13037eb1bcfeefc20d46af38743bdac68e6 read=27987 ch=32 start_time=2020-02-10T19:29:07Z flow_cell_id=ACE547 protocol_group_id=barcode_test sample_id=barcodes_fish h-(1),h+(1) w1 h-(1),h+(1) w1_116.91318187030048	AAACCTTGGAAATAGATGCTGATATAAATGGGTCACCTCCTCAGCAGGATCAAAGAAAAGAAATATTAAGATTACGATCAGTTAAAAGTATTGTGATACCGGCTGCTAAGACTGGAAGAGATAATAATAAGCAGCTGTAGTGAGACTGCTCAAACAAGAGGGGTTGTGTGTGAGAGATTGCTGGAGGTTTTAATGTTAATAATTGTGGTAATAAAATTAATTGCCCCAGATTGATGAAATTCCTGTAGTGAAGGAAAAAATAGTGAGAGTCAGCAGATGCTTTGGCATAGACAGGTTCAGCAAAGGGGATAGACAGTTCAACTGTCGCTCCAGCTTCTGCAGATGATGCTAAAAGTAGGAAAGATAGGGGAAGAGAAGTCAGAGGCTTATAGTATTGTCGAGAAAGCTATATCTGGAGCACCAGTCATTAGGGAATTAGTCTTACCAAAACCTCTAATTATTAATTAGTATTACTATAAAGAATTATTACAGCGTGTGCTGTAGCGATTACATTATAAATTTGATATGCAAGGTACCAGGTTGACTCAGCTCTTACTCGAATAACGACTTAGAACTATTCCGACCATGCCGCTCAGGCACCAAATACGAATAAGAGGC	69.3432/&094-...+%$+)(%%#5:;''&-)2'(*),.(,-,+-,33/?C?0%26.+#&''44-06--.-436715:462B770&*2545///,))(*(-3400/128679:&8<.1086<.++'#('#&''%&'(316-%,,4504*:9/*5=**',..%*$%-$('-)3$+-,+,*&.32'%(9;=:3///<2?:59;EF?</2<@<=?:6//2.'')&112).'/4767-.,,07*)('('+'(,.4.'$+EE;40010$$'$..7-%(++(%$%%&$%+)(%$$#%%&'9),)$$98*'+/*,''(&$%6,-(*%&(())%))&+##"$'$$$&//77959::8=:0$,0.32,2*.'#$)&&($/+*&,%.,*$%#%'&&&&%%#%$%&$,+()2(1)193-)*0/%')$02212((6:((*(-()%*%,(&###%$#$&*-&'$&$$+.,669:42147->5++->B935<1%'(#.4.3)'()&+5//3-.-%$&$'*&-*'*+.85>8.2@56-)))%&+)&*5'+0++-:)-($%&($++($$$&',&&($%#$&%///')%'''(+,'''$$$%$#$%$3+)*%+**')13/))''&*&.-&&+((	116.91318187030048	0.16637103274277612
99	be87e457-047c-4adb-be56-6e5a2f284cd7 runid=ed1de13037eb1bcfeefc20d46af38743bdac68e6 read=15965 ch=121 start_time=2020-02-10T17:51:41Z flow_cell_id=ACE547 protocol_group_id=barcode_test sample_id=barcodes_fish h+(1),h-(2) w1 h+(1),h-(2) w1_156.35815542014203	TGTTAGCCCTTTATCGTCGTATTTGGTGCCTGAGCCGGCATAGTCGGAACAGCCTAAGCCTGCTCATTCGAGCAGGCTAGTCAACCTAGTGCACTCCTTGGTGATGATCAAATTTATAATGTAATCGTTACAGCACACGCTTTCGTAATAATTTCTTTATAGTAATACCACTAATAGTGGAAGCTGGCGCTGATAATTCCTAATGATCAGTGCTCCAGACTTAAGCTTTCCTCGAATAATAACATAGCAAGCCTGACTATTTATCTTTTCCTACTCCTTTTGTCATCTGGTGTAGAGAAGCCGGAGCCGGACAGGTTGAACTGTCCTATCCCCTTTAGCTGGAAACCTCGCTCATGCTGGGGCGTCTGTTGAGCCTCACTATTTTTCCCTTCATCTGTGAGGTTCATCGAATTCTTGGGGCAGTGGTACATTTACCACAATTATTAACATAAAACCTCCAGCAATCTCTAATATCAAACTCCCCTCTTTGTTTGAGCAGTCTAATTACAGCTGTGCTTCTGTTATTATCTCTTCCAGTCTTGACCGGTATCACAATACTTTAACCAGTCGTAATCTTAATACTTCTTTCTTTGATCCTGCTGGAGGTATTGTTTTATATCAGCATCTGTTCTGG	**6,'$447)6,.11$15,-,,-959<1*011++)%''&'(2.+4,:60((284333$0/0+'5<1=9:2-&$$%&(%('0A:-=<-(,5/0)):%7$(%)(685622;3(',1,5:E@>.<F<78689$,(&$%%+-/002=5%''$(+'124/5681---2<865&&31)3/,,&93&%$$"$%$$$#&&(-2/05+*0830+)<>*=<=:>.=+2*))(0'#%*33/32-%%*''$&.*++))#$(+$%',1+(+%'+'*9>EF>=266&"'+#$&&&&06+9=:;0167*'($)(//0%)&'**%02047<E923==B8%%);/66842%0+(+/11123',((*->CA>;8/;8*+$%%*+')6-1.&,,.99??1>?A?:;9B;CE94=7-%&$$%@@B*'5(.(247=>976.++'9)(,''+)+(')&$$%%(0)+-410*&'.0.,&%$-#$%2:7<)3$$%224<>>/DF?BF(4;6644'9760,+++%:.4-69'''/8=%-))*211&7%1999<9.:>51*7;:9'4)2/0,@C77;*01+&%"#$%+%#&)+3601853758-(''%%,'',/235--.=AC7B:<9,%)//*++%)'''-**,6.010..)(+-,,:;	156.35815542014203	0.11659958066263008
125	5f56becd-2c44-4aa3-b5fe-c32ced8ba57f runid=ed1de13037eb1bcfeefc20d46af38743bdac68e6 read=21722 ch=35 start_time=2020-02-10T20:23:58Z flow_cell_id=ACE547 protocol_group_id=barcode_test sample_id=barcodes_fish H+(2,9),h-(3,-1) w1 H+(2,9),h-(3,-1) w1_149.78536829842741	GCGCCTTTATCTCGTGTTGCCTGAGCCGGCATAGTCGGAACAGCCCTAAACCTGCTCATTCGAGCAGAGCTAAATCAACCTGGTGCACTCACTTGGTGATGATCAGAATTTTATAATGTAATCGTTGCAGCACACGCTTTCGTAATAATTTCTTCATAGTAATACCCACTAGTAATTGGAGGACTTCGGCAACTGACTAATTCCCCTAATGATCGGTGCTCCAGATATAAGCTTTCCCTCGAATAAATAACATAGCTTCCTGACTTCTTCCCCCATCTTTCCCTACTCCTTTTAGCATCATCTGAGGTGTAAAGCCGGAGCCAGGACAGGTTGACTTCCATCTATCCTTGCTAAAACCTCGCTCATGCTGGGGCATCTGTTGATACTATTTTTCCCTTCATCTGGCGGAATTTCATCAATTCTTGAACAATTAATTTTATTACCACAATTATTAACATAAAACCTCCAGCAATCTCTGTATCAAACTCCTCTTTGTTTGAGCAGTCTAATTACAGCCTGGTGCTTCTGTGTATCTCTTCCAGTCTTAGCAGCCGGTATCACAATACTTTTTAACTGATCGTAATCTTATTACTTCTTTTCTTTGATCCTGCTGGAGGTGACCCCCATTTATATCAGCATCTATTCACGATTCTTAG	%#$,,'.169<(<2..+'%0*132:9063.+%&+':-1,*&'&&'&'*)$//+369<7=2</.2///*/0-&&$&9-(/66/6:**%$.4%"#%*&/01$$&26+%(-&.0&'-152111179678%)'&'(%(,''-1.'()*('/))*('((&&%%*38+&%'(&%$#&%#)(&)61.()'AC?>,,+,&((.+-%,.&6080',763632;'3@0,1-5&&'%$"%$'((.3/7-/6)-07:7::=28857)>A8)4--),;?998-.45364ABE<-84.'(3++-..,*-*,*+-+5-,''/:)&'&$%''(/&+&'%1/&$%(0&+.+#$%$$$&5*6**.*))$-%'4131398DDB23.',,/7//2>BMA?=4&%(9:77868758:-A>-(8(+,%$+$8#.83*12(51;4,-'#$%&%'*(('+(,')-.%$))+((*7;<6+)),276400/(*,*)1(32/-%$1)012')59;=4?EF8;/=*-+,-,.'0$&',.'&*+'$&%%&##"'%$'*'&6883/*((%)*+))+'''-)))',4)&3%&%&%%&+,-.-&%$#$#&-#%%%556:%#%%&06/;<7:A==<;:@DA@6/00*$)*0/1:9?=1/9:2+3,(711278>9%&&&$"&#%(%&'$#	149.78536829842741	0.14844500328595936
183	6957d043-4ea4-43eb-9b88-347049d87f95 runid=ed1de13037eb1bcfeefc20d46af38743bdac68e6 read=30463 ch=85 start_time=2020-02-10T20:11:31Z flow_cell_id=ACE547 protocol_group_id=barcode_test sample_id=barcodes_fish H-(3,9),h+(1,-1) w1 H-(3,9),h+(1,-1) w1_135.80799092074614	AGAATAGATGCTGATATATAAATAGAGTCACACTCACTCCAGCAGGATCAAAAGAAAGAAGTATTAAGATTACGATCAGTTAAAAGTATTGTGATACCCGGCTGCTAAGACTGGAAGAGATAATAACAGAAGCACAGCTGTAGTGGACTGCTCAAACAAAGAGGGAGTTTGTGTGTGAAGATTGTGGAGGTTTATGTTAATAATTGTATTAATAAAATTAATTGCCCCAGAATTGATGAAATTCCTGCAGATGAAGAAGGAAAAAATAATTAAGTCAACAGATGCTAGCATGAGCAAAGGTTTCTAGCTAAAGGGATAGACAGTTCAACCTGTCAGCTCAGCTCCTACACCAGATGATGCTAAAAGGGTAGGAAAGATGGGAAGAAGTCAGAAACATGTTATTTATTCGAGAGCTATATCTGGAGCACCGATCGTGGGGAATTGGTCAGTTGCAGAAGCACTCAATTATTAGTGGTATTACTATAAAGAAAATTATTACGAAAGCGTGTATGTAACGATTACATTATAAATTTGATCATCACCAAAGATTACCGGTTGACTTAGCTCTGCTCGAATGAGCAGACTTAAGGCTGTTCCGGCTATGCCGGACTCAGGCACCTAATACGAGATAAAAGTGCC	3341///.++094:?9))$$*(%%'%,**%(&&,9+*>)<10-.+.2-ACD-%)94)'+&)00)).'%)),&-2/+;+6+-/:4&07445+9@80-''#(201-(+/1*2:<@?8=+$$:8<624((-'*'%2,+,0....0//)*)&&)$0=6;-;?6$4$.'&%.%.$)$$*($(*+-++,&$')':;@G>-+%4&;::A,->--$$&*-,.514360.-1*0//*-((,.0<922))&-/'*'%&''>**)'$-+((08A?;*&&$#%%',8:*$,/-0.($$%&$%%%&%&&&&&&)B51%$'+-14(,*;,)),.0/62;=:$92:0+0$&%$('$%)%'3/+//;08979853048H:%0*699:4..#',45,')*%($59>(()4,23/0<588;D<?*3)%$$*643..7;<;8+712ACC88=$1+,.+'%$&->>E0=14-.,.&%%&#%(6*(&)(()'-1$2:95;5BH=:<>3(..,/+:3,-'#'(&%(2.))'%%%'-+176FC/2688;7B;-&5311:C8:A,+/(&$$$$%###'&8$41+++74@DDB>*-0$$'$%''(((%$$$--0623(*6*'&$#-230,&&(*3);-&)+05056/,,-2'-359;1(2:.32	135.80799092074614	0.12526123306587034
286	2aa0db20-cb0c-4688-af4f-c53a1a7d5e42 runid=ed1de13037eb1bcfeefc20d46af38743bdac68e6 read=15727 ch=40 start_time=2020-02-10T17:42:38Z flow_cell_id=ACE547 protocol_group_id=barcode_test sample_id=barcodes_fish H-(2,10),h+(1,-1) w1 H-(2,10),h+(1,-1) w1_110.97770396030964	AGAATGAGATGCTGATAAAATAGAGTCTGCCTCCAGCAGAGATCAAAGAAAGAAGTATTAAGATTACGATCAGTTAAAGTATTGTGTGCACCGGCTGCTAGACTGGAAGGGGATAATAATAGAAACTTGGCTGTAATTAGGACTGCTCAAACAAAGAGGGGAGTTTGATATTTGTGAGATTGCTGGAGGTTTTATGTTAATAATTGGCAGTAATAAAATTAATTACTTTAAGAATTGATGAAATTCTGCCAGATGAGAGAGAAAAAATAGTGAGGTCAGCAGATGCTTGCATGAAGCAAGGTTTCCAGCTAAAGGGGGGATATAGACAGTTCAACCTGTCCGGCTCTGAAAGCTTCTATGAATGATGCTAAAAGGAGTAGGAAAAAATGGGGGAAAAGTCAGAAACATGTTTATTTATTCGAGAGCCTTATCTGGGCACCGATCATTGGGAATTAGTCAGTTGCCGAAGCCTCAATTATTAGTGGTATTACTATAAAGAAAGGGTATTACGAAAGCGTGTGCTGTAGCGCGATTACATTATAGAGATTTGATCATCACCAAGGAGTGCACCAGGTTGACTTAGCTCTGCTCGAATGAGCAGCGAGCTTGGGAGCTATTCCGACTATACCAGCTCAGGCACCAATACGAGATAAGGGTGCCAATA	*-(1$$$%066@B@@A,@8,'(&%,.+'$'''&8+'&&&$7-*=83'(61,,+%-23'(1,-123/34+7?374756.(/112--%$$"$$$$&.0/83%&4<;;434-15540>94:0&&&*2&$'#$%',*+0//04790+2#'%6?=,6CA(+').*&%,/=/1+&&&'*.6*)'%%&**48<92;;@A;,&%$&*-((&&'+)%$(.74588/81A8&&'*%&**10'+()+%$##--%13/-/%7<>=320&&*'&'):75,&&+3''(21=0(/454$$$$$$#$#%'$$&&$'04E?&9-&79?>1*4:;:8,&&#$$(157;,*'$$$$$,,-'184.(('&&$##(##$"$$(..4-,%#*8+&(.#279>7)3EE?B;<53+%13&%0.74121%((%%%.0/.//*-/4/)$$)/,,-06002'4100)53;=&&'+/+'*)*.:9?*>)*(-2&%$&((,5-$$&//0.)($,;757983/-9<--+%$+%'>1231233/5,/1,.()#$&',)'##).(6.*+.0(%%#'&%()+--27.14++72(*&%%.&&&&)(-'%'%)(**04;;@=:56>-,3)))'#$'#$#+'''&'($%'+'47&4,4//.$$:;';B4991.'''30-11*+()3231(-8722?D999	110.97770396030964	0.15750773009212074
79	cd357503-dc51-4052-9f72-49cf879d0ff9 runid=ed1de13037eb1bcfeefc20d46af38743bdac68e6 read=32051 ch=43 start_time=2020-02-10T20:23:36Z flow_cell_id=ACE547 protocol_group_id=barcode_test sample_id=barcodes_fish H+(2,8),H-(1,11) w1 H+(2,8),H-(1,11) w1_163.44512976090317	GCACCATCTCGTATTTGGTGCCTGTGTCGGCATAGTCGGAACAGCCTGGCCTGCTCATTCGAGCAAACTAAATCAACCTGTTTGCTCATGGTGATGATCAAATTTATAATGTAATCGTTACAGTACACGCTCGTAATTTTCTTTATAGTAATACCATACTAATTGGAAGCCGGCAACTGACTAATTCTAATGATCAGTGCTCAGATAGCTTTCCCTCAGATAAATAACATAAACTATGACTTCTTCACATCATTTTCCTACTCCTTTTAGCATCATCTGGTGCTTGAAGCCGGAGCAGGACAGGTTGAACTGTCTCCCCTTTGGCTGGAAACCTCAGCTGTGCTGGGGCATCATGTTGACCTCACTATTTTTTTCCTTCATCTGTTAATTCATCAATTCTTAGGGCGAATTAATTTTATTACCACAGTATTAACATAAAACCTCGCAATCTCCACAATATCAAACTCCCCTGCTGTTTGAGCAGTCCCACGGTAGCTGTGCTTCTATTATCTCTTCCAGTCTTAGCAGCCGGTATCCACAATATACTGCTGATCGTAATCTTAATACTTCTTTCTTTGATCACCTGCTGGAGGAGGTGACCCATTTATATCAACATCTATTC	'%%$#%6649+<<;=:.32.--'/+74?/=91*+,--11-4//9<7'%'7989-2>:?6<+(*''%$6/0)'$2(+%&$%(.+&..0%&*(&,,,*(.9722.8:9:A73069(%.%5;%$#%'%#)'&%/*12-.36352../-)*&(*(&$#$%#'((((()/.%$#$%+-/2(5/3489761)=)0$('+*:)>D??.@65/++-=:CB=>?0:''55<7..8--,+-)##+#$*'(,0**'&$%''&%1332)2*0.2+0010.-431-5.3;;/4?<//1'()5C7:8$1((282/04;C;66500*)'$#/2$,0.%0//,,34/)*')&*./'*%#&'1B;=/);&02<28(7:/>8::2ACEDC??5=598+)4+("#(%"'&(4<.615+)($.-&##$$%1(),324*$&380&&&&6001:-'((+.+(&#&$##,.5)1),-//+..4<<76<@BFA%/-).1(4,''%''2&&5$'#$,,**0.44633/5)''-*68/8:<*E=@7'1//,'*)))&*60%%'&'(,$$"$"##"$%'.4/:@?<B8@@4--CB????375:<<*#8#$(*3//2/'+)&&*+)&/01/47@41-/0(&&/499-.8D	163.44512976090317	0.136190034148353
203	2cef6876-9071-4985-bce3-e57db36c0807 runid=ed1de13037eb1bcfeefc20d46af38743bdac68e6 read=6707 ch=33 start_time=2020-02-10T18:18:49Z flow_cell_id=ACE547 protocol_group_id=barcode_test sample_id=barcodes_fish H-(2,9),h+(1,-1) w1 H-(2,9),h+(1,-1) w1_131.78465872415163	AGAATAGATGCTGATATAAAATGGGGTCACCTCCTCCCGCTGGATCAAAGAAAGAAGTATTAAGATTTTACGATCAGTTAAAAGTATTGTGATACCGGCTGGAGTGGAAGAGATAATATCAAACTTTGGCTGTAGTAGGACTGCTCAACAAAGGAGGTTGATATTGATTAGGATGCTGGAGTTTTATGTTAATAATTGTAGTAATAAATTAATTGCTTAGAATTGATGAAATTCCTGCCAGATGAGAGAAATAATTGAGGTCAGCTTAGATGCCCCAGCATGAGCGAGGTTTCCAGCTAAGGGGATAGACAGTTCAGCCTGTCGCTCCGGCTTCACGCAGATGATGCTAAAGGAGTAGGAAAGATGGGGGAAAGTCAGAAGCTTATGTTATTTATTCGAGGAAAGCTATATCTGGAGCACCGATCATTAGGAATTAGTCAGCTGCCGAAACTATCAGTGTGGATGTTATTACTATAAAAAATTATTACATGAAAGCGTGTGCTGTAACGATTACATTATAAATTTGATCATCTGGGAGCTACTGGGGTTGACTTAGCTCTGCTCAGACCAAACGAGGCTTAGAACTGTTCCGACTATAAGCTCGGGCGCCAAATACGAGATAAAGGGTGCCAATA	/+'0'''2**48)4973:=29//*0/356456-10492##(&;<8==7&(1/,*0*+1/+--*&/.30,)+2((5(.)+-956//334.7<79;99-/*()*%$/.7-7.$$303.*,)(&.2333*&323###$))'.703=B;7/19BE'*'$%&6%&#%%&*$#$%%%,'&#"(&(#'&2.))('%(&'01))++/%.02.,.5+144+/1,%%'*&&%%(*'(()23&6124;<B:??885',&(/149)(*)(01/0)&&''-2,--522/0'''&'(#%$$,/0D:04+.()0+)'7B0+,,***7,-.&$&''(-1.8<35)&$')%$#$$$%/,/4:68;98&+**-6.*2#-+,:).*()(-5)'/:,,3(*''',&%8%/./06>=;.'0*/93($0+..,6/87&7::;<91/5''*%('#%#'-3?D48AE6(0$$)$$'(%.')6&(('*%%$(/789BD?;?D5&&0*.+++'&*)+)&&(25:66525.+.,-0079.**),.)-*%3:6=::C)%7$%&)%$#'##%$()$0&21:::-453+9@>->''+$(($$#%%&**,,(*%*-.-A>24.1/3*$$#*;)<%,-%%&1A<2-,+,-68677/*+1+2687%%&	131.78465872415163	0.135695614929157
345	c9f35245-bc49-422c-9676-e65583262902 runid=ed1de13037eb1bcfeefc20d46af38743bdac68e6 read=38076 ch=94 start_time=2020-02-10T21:07:02Z flow_cell_id=ACE547 protocol_group_id=barcode_test sample_id=barcodes_fish h-(3),h+(3) w1 h-(3),h+(3) w1_93.9137638753058	ATCCAGAATGAATGCTGATATAAAATGAAGGTCACCTCCTCCAGCGAATCCGAAAAGTATTAAGATTACGATCAGTTAAGAATGTTGTGATACCGGCTGCTAAGACTGGAAGAGACCAATAATAGAAGCACAGCTGTAGTAGGACTGCTCAAACAAGAGTTTGATATTGTAAAGATTGCTGGAGGTTTTATATTTAATAATTGTGGTAATAAAATTGGTACTTTAAGAAATTGATGAAATTCCTACCAGATGAGAGGGGAAAAATAGTGGGTAACAGATGCTTGTAGCATGACGAGGTTCCAGCTAAAGGGGATGAGCAGTTCAGCCTGTCCAGCAAACTTCGCAGATGATGCTAAAAGGGTAGGAAAGATGGGGGGAAGAGTCAGAAGCTTATGTTATTTATTCGAGGAAAGCTATATCTGGGCGCGATCAATCAGTGGGAATTAGTCAGGTTGCCGAGCCTCGAGGTATTAGTGGTATTACTATAAAGAAATTATTGAAGCGTATATGCACGATTGCATTATAAATTTGATCATCACCAAGTGCACCAGGTTGAACCAGCTCTGCTCGAATGGCAGATATTGGGCTGTTCCATGCCAGCTCAGGCACCAAATACGAGATAAAAGGTGCC	2%%@3/==&&&F;;69111-/07?6''$&(/+;2225-0-,7*$#&&-$$?(0,,-.11445.+/./-*+*'2%2$$,6%)%$&-'*(-*)('$'%"###%/53:<6724=1,),$'//,0&%%%(*)*(()16<.00-6%,54<@&26<5-+2<3+$4%&-*++++,5/&,%,))*7@EC>8788>86+%%%'-:<8>--.$*'14;/.63(((*$'9)*EI>9*.'$##$74$$$1..0&(%#"$--6))''131)&'0<778964%'%%&$(-+3&&$$$##*%*,((##$&&*B2*;5)*./3'+6586*)%$**5,//,'7833$$(%%'((%"%*%.5;=@AB?:AC@D:-$-(262-/390:@++365/)*3%%')@.,*+&$&&5$$3$)),-8C9:)&84&,&4B@1(,0.-1((&%#&(/-%&%$%&'%)&$&&'%3,8&5$3'**()$&*)&4)*-58((*$)41,1))+(+,*,.2))+'.%/+**%)'%%%###%$#"%%&#$')//'(89=3,.0,//:;60+('))()7-(('**'*$%($$$'&%''(%.%+5$$0(''&%($%$#$$)&45*&=%4,&&,%%*53=,.4880;7-3))''+$'(*<1%0+D243	93.9137638753058	0.16289686836581832
144	8a2c2671-cbf7-4804-a8f8-21ec01862553 runid=ed1de13037eb1bcfeefc20d46af38743bdac68e6 read=20020 ch=110 start_time=2020-02-10T18:28:28Z flow_cell_id=ACE547 protocol_group_id=barcode_test sample_id=barcodes_fish h+(3),h-(3) w1 h+(3),h-(3) w1_143.90888744697887	AACGCCCCTTTATCTCGTATTTGGTGCCTGAGCCGCTTAGTCGGAACAGCCTAAGCCTGTCATTCGAGCGGAAGCTAAGTCAACCTGGTGCACTCCTTGGTGATGATCAAATTTATAATGTAATCATTTTTTAGTACACGCTTTGTAATAATTTTTTCTTTATAGTAATACCACTATTGATTGGGCTTCAATGGCTTTGAGCTAATTCCCTAATGATCGGTGCTTCAGATAAGCTTTCCCTCAGATAAATAACATAAGCTTCAAACTTCTTCCCCCCATCTTTCTCCTCCTTTAGCATCATCTGGTGTAGAAGTAGAGGCCAGGACAGGTTGAACCTGTCTATCACTAGCTGGGCCTCAGCTCATGCTGGGCATCTGTTGAAACCTCACTATTTTTTCCCTTCATCTGGCGAATTTCATCAATTCTTGGGGCCAATTCATTTATTGCCATAATTATTAACATAAAACCTCCAGCAGTCTCACAATATCAAACTCCCTCTTTGTTTGACAGTCCTAATTACAGCTGTGCTATTATTATCTCTTCCAGTCTTAGCAGGTATCAATATTGTACAGTCGTAATCTTAATACTTTCTTTGATCCTGCTCTGGAGGTGACCCCATTTATATCAGCATCTATTCT	'$&&)*-%2:<892++.401?588=9?=;6-33.$#$&,.-..8-,++,2444,2?;)(++0:94&%&#$+%%48<<&$/9/(**)$&0('%*3&,&(3,1*))+-,3-&#&2%/7:6,,''&*20-7''&$#%(%$,-*'-1,&,7.(6/(0@BB>=BM1967,;>,((889?8-%&*&&))-.**)'&&"$$"#$&%%)2301.C3?/*8340--.(+*(%&(&%'%#$%$$%(%-,%*3&%-()-36>06423-&&&*%$%%$%($(+&)(-%$232%7++$)$''//76479;?@??D@83=76*'%'%%$$%%%()+2C0,,--<*)$0(%+)-24.)6)()&1/,-$%-/.$',298:9-())$$"%*+,(),%+-*/13,6<=<;=;;<;=<C7=C74:+.1#$$)+6.311A=A:;=<:('(&$'*$$&##*250/0&*+%#&'$(3032*&&%)+(,1+0&/9045%67(3%.1*71099:1?<;@,->885*(+*-,43<1106958:66>7?;9A&$'#'.(03317(56;)7-16<4.(&%%$*7)%6$$%%&%$#$#&'04)'434513,%$$)./6589*)(++0++&'$$+1.0&(+)---(4@B<1,,075)88561%&7&%	143.90888744697887	0.1381012933348128
228	51c6fd92-f897-416a-a29a-2fa3fe14996f runid=ed1de13037eb1bcfeefc20d46af38743bdac68e6 read=24578 ch=83 start_time=2020-02-10T19:25:24Z flow_cell_id=ACE547 protocol_group_id=barcode_test sample_id=barcodes_fish H+(1,10),h-(1,-1) w1 H+(1,10),h-(1,-1) w1_125.1451175644743	TTTTTTATCTCGTATTTGGTGCCTGGTAGCATAGTCGGAACAGCCTAAGCCTGCTCATTCGAGCGAGCTAAATCAACCTGGTGCACTCCTTGGTGATGATCAAATTTATAATGTAATCGTTACAGTACGCTTTCGTAATAATTTTCTTTATAAATATGCCACACTGTAATTGGGAAGTCGGCAACTGGCTAATTCCTAGTAGTCAGTGCTCCAGATATAGCACCTCGAATAAATAACATAAACTACGGCTTCTTCCCCATCTTTCCTACTCACTTTTATCATCTGGTGAGAAGCCCGGAGCCAGGACAGGTTGAACTGTCTATCCTTTGCTGGAAACATCGCTCATGCTGGGGCATCTGTTGACCTCACTATTTTTCCTTCATCTGGCAGAATTTCATCAATTCTTGGGGACAATTAATTTTATTATACAATTATTAACATAAAACCTCCAGCAATCTCACAATATCAAACTCCCTCTTTGTTTGAGCAGTCTAATTGCAGCTGTGCTTCTATTATCTCTTCCAGTCTTGCAGCCGGTATCACAATACTTTTAACTGATCGTAATCTTAATGCTTCTTTTCTTTGGTCCTGCTGGGAGGGTGACCCATTTATATCAGCATCTATTCTGATTTT	#$$$&,/@A8>20,*//)(.&&$%%$(%$%$$')++'*$)-.),,,,*&553-$(;4603**'&&%(&,(**-9929:842;*,*&..+,..,&64051,<@=89=C6110.)'117;-,/#$$%$'++*2484(&/-09+5<:9<@F8.-1(%%&%$'&$)&%%(&%##&12(%()'$#%&'$##$&/.,*'.%,((&&%&33%,777=%:01/+(&'$$$%))+$$59=>9;B4:49>7-((%#%()),&'&&&)-+<;8EB3-7*:*/$#&)(''62.-732/-'&&#$(''#%6$,48*>9)$$-/?/..>?E=7<A4))*)*%##(&&+2),%''##&'+*%$.+(*1:30<9(0#.,+,-3*'4++/)((),+,0231/++*,-&//1.565;5D8C<<73)+'$'30/002-8400''&$%&')'*'$&)()89IE<1455&9())55><*5)*+10.*1682EC:B.+)66*'//'$%$())$<.4,'+&*,))+),(%+355'2549:8@FI+=9>@D?@&$''58'2:,*/(&1/,)&4654:*&+'(+'"&)43812('&$67;7661-$$$$&,227,5::4()**%)))'$'$&.2>;:4/=51B4/;.&'(%%+.2B?7	125.1451175644743	0.14608937880852574
302	a593737a-df03-4b44-ae51-4f01625d54b1 runid=ed1de13037eb1bcfeefc20d46af38743bdac68e6 read=14868 ch=122 start_time=2020-02-10T19:02:48Z flow_cell_id=ACE547 protocol_group_id=barcode_test sample_id=barcodes_fish H-(1,11),H+(2,10) w1 H-(1,11),H+(2,10) w1_108.18223385076276	AGAATAGATGCTGATATAAAATGGTCACCTCCTCAGCAGGATCAAGAAAAGTATTAGGTGCGATCGGTTAAAAAGTATTGTGATACCGAGCTGCTAAGACTGGAAGATAATAATGAAAGCACAGCTTTGTAGTGGGACTGCTCAAACAAAGAGGAGTTTGATATTGTGGGGTGCTGGAGGTTTTATGTTAATAATTGGTAATAAAATTGGTACCCCAGAATTGATGAAATTCCTGCCAGATGAAGGAAAAATAGTGGGTCAGCAGATGCTAGCATGAGCAGGGTTTTCCAGCTAAAGGGGGATAGACAGTTCAACCTGTCCAGCTCCGCTTCTACACCAGATGATGCTAAAAAGGAGTAGGAAGATGGGGGAAAAGTCAGAAACATGTTTATCGAGGAAAGCATATCTGGAGCACCGATCATTAAAATTAGTCAGTTGCCAAGCCTCAATCATTAAAGTAATTATTACACCATAAAGAAAATTATTGCGAAAGCGTATATGATTACATTATAAAATTTGAAGTCATCACCAGAGTGCGCAGGTTAAACTTAGCTCTGCTCGAATGAGCAGGCTTAGGACCTGTTCCGACTATACCGCTCAGGCGCAAATGCAGATAAGGGTG	65350114+)+14,+-2:8011./05,()(-4&/')*11/51392&54,$#$$(,$&$-$$%%+4&(>'29:7%//)()(()$##%&%$&00.''%*)<>A>6+3'-571/6-))+0%"$$&$%"%&'''$%)'.74$'1<49,.0;A<$3'0,'2'-=:4000168,)*.B@BC:2/+5=>96--*8*=:69$$')-56.,-.($%(%(.&%&%$'(&%%;5423)+/.(-%.47=<=@000355-=A666694&+./63(/,1%-$%%$$"%$'-'))+-A?AC7$4,/''+;'+++27*%&&102>204*%''''('2)(****%%965+)%'&,,-3(+32355;L>*$0,**4)0,*&%1--/.21$(-%*9<,&)*'**''));0(3&%+)'+('&(045733:&1/000**:>6;<23**$+*/.*$%%($&'$&%8:)>3/4=457-(($&%#%',/00'2-.04==5*4/,-+/)&)%$%%'&&%%%#$##%',)&%**,+''&&$')&'(%+9<32<$%**)&3/,%$&&,*$&##''''*=DA=D;%(?3.93)&(&%%%##$'%(+'%')&*$/#)1+)#$&&*:/=++5&&4AC<$$$$$/++/%%/71	108.18223385076276	0.1567692841747865
145	f4937b7a-d77d-4e95-94e9-ba1a771f4987 runid=ed1de13037eb1bcfeefc20d46af38743bdac68e6 read=17287 ch=61 start_time=2020-02-10T17:58:01Z flow_cell_id=ACE547 protocol_group_id=barcode_test sample_id=barcodes_fish H-(3,10),h+(1,-1) w1 H-(3,10),h+(1,-1) w1_143.6109563305407	AGAATAGATGCTGATGTAAAAATGGTCACCTCCTCCAGCAGGATCAAAGAAAAGTATTAAGATTACGATCAGTTAAAAGTATTGTGGCTGCAACTGCTAAGACTGGAAGAGATAATAATGGAAAGCACAGCTGTATTGGACTGCTCAAACAAGAGGAGTGATATTGTTGGTGCTGGAGTTTATGTTAATAGTGGTAATAAATTAATTGCCCCAGGGTGGTAGAAATTCCTGCAGATGAAGAGGAAAAAATAGTGAGGTCAACAGATGCTTACAGCATGAGCAGGTTTCCAGCTAAAGGGATGAACAGTTCAACCTGTCGGCTCCGGCTTCTACAGATGATGCTAAAGGAGTAGGGAAAGATAGGGGAAGAAGTCAGAAGTATGTTATTTATTCGAAGCTATATCTGGAGCACCGATCATTAGAAATTAGTCAGTTGCCGAAGCCTCAATTATTAGTGGTATTACTATAGAAAATTATTACAGCGTGTGCTGTGGCGATTACATTATAATTTGATCATCACCGAGGTGCGCAGGTTGGCTCAGCTCTGCTCAGATGAGCAGGCTTGGGAGCTGTTCCGGCTATACCGGCTCGGGCAAATACGAGATAAAGGTGCCGATGTG	40;6000-//*(12$$&&(&==53,)5,*+'014$904574?.)?EC.%'<7%%579;:*+-((/./,79+)$'0:5')799:1'&#"$$$'%'*&&1,**6687-(,*(.:;<;0<<BI=.44.0123+14(&%$(&++')061/74)-5(&$.&),*$&&&+-%%'',?2-6''$-$)22::F;5+((&-&+./,*@:@AD7'&(%310,0$$$/(*,&&*9==?'*+***9=03651%?A5B<657794:2++77E<(55674+#$%%'(//0.-)($&(6*B9%>7000-3&)*%''''),,-1.<9.0,2,'<*04542)("#+42(/.2<77;119;><6)*+3=7;.+6@38/%%-53.3<(3.558(%)(%#)''7'&,-./934((%)5=7228<:;=)41/-.069@17845*)'&((7:>#*%'.1-%+'&22*:-85;4351*:11.1(+5;,833&*+//&.669)$$'54<=98241/$&%&&,0).,,0,).-)00-,<9499%(.'(,1=5&&''1-8),$53>41:=?7843<#(/(,0.)))*&&&%0-(*717S='2'#$'*$$%%++435&)$*+&.**'(+4/**+#&&<9=123**%.	143.6109563305407	0.1084424019280283
205	e29ad81f-bb87-4b16-a11f-6481869175e6 runid=ed1de13037eb1bcfeefc20d46af38743bdac68e6 read=37684 ch=8 start_time=2020-02-10T20:59:35Z flow_cell_id=ACE547 protocol_group_id=barcode_test sample_id=barcodes_fish h+(3),h-(3) w1 h+(3),h-(3) w1_131.5928615901626	ATCTCGTATTTGGTTTGCTCAGGCCGGCGCAGTCGGAACAGCCTAAGCCTGCTCATTCGAGCAGAGCTAAGTCAACCTGGAGCACTCCTTGGTGATGATCAGAATTTATAATGTAATCCGTTACAGCACGCTTTCGTAATAATTTTCTTTATAGTAGTACTTTTAATAATTACTGGAGGCTTCCTTCGACAACTGACTAATTCCCCTAATGATCAGTGCTCAGATATGCTTTCCCTCGAATAAATAACATAAGCTTCTGACTTCTTCCCCCCATCTTTCCACTCCTTTTAGCATCATCTGGTGTAGAGAGAAAGCCGGAACCAGGACAGGTTGAACTGTCATCTTGTGGCAAACCTCACATCTTCTGGGGCATCTGTTGACCTCACTATTTTCCCTTCATCATGAAATTTCATCAATTCTTAGGGCAATTAATTTTATTACCTGGTGTAACATAAAACCTCCAGCAATCTCACAATATCAAACTCCCTCTTTGTTTGAGCAGTCCCTAATTACAGCTGTGCTTCTATTATTATCTCTTCCAGTCTTAGCCCGGTATCACAGTACTTTTAACTGATCGTAATCTTAATACTTCTTTCTTTGATCCTGCTGGAGAGGTGACCCCATTTTTATATCTTATCTATTCT	)7-%6,-''().'$$#%$#%%%)),%("$$+'%2,F2?<=3A4/13*.'*/==87:,71-%(&+%/4/2(&*>9.233/(&*+**3/3.11+-/434/.1,%(%%(%(&--//0.$$$&*<?345,*)4212>83%%&%$))-367665*'%%('&$$%$&&&'(*-7./1$#$.4186007%'&'%#'*%$%*.-48<2.5-2-'*0'&)02<0'7'%%3-//**###$(,-0)*-)0:7732.1+-+*+&+CA2<43/<B>5:5&/,-*)+1&&48&2$&5-2*553(4368<38=>=<:51'&&(%$&%%(,+(0&&$')->3..99A6&&3/0-+2)**$$#'''),6:78,1##&&#"($$&'3140.:54:5DB<>25-,'')1205230+()$%#$$&(%36=>4.;6=;:5//#(()*,*)+%%%($$&#$)%%&&$4$(**&$#9>:298*%7-//A3:>8@555&---1,.+754@?*21:42,8-,,/-/,))2$/.*)+-12589%/)+1+&-%(*((*/67/333$().<@>>$&%%%$$1&(8*))$2%()-+26;55434=&&('464$$$&(***),<>;88+%*00.18$);0-)$*0266<BEB77822*2//*&$$$3=<386?:	131.5928615901626	0.14122107070933473
224	c7bc9bb6-8614-44dd-8c6b-0f61f2a32a48 runid=ed1de13037eb1bcfeefc20d46af38743bdac68e6 read=30175 ch=69 start_time=2020-02-10T19:59:17Z flow_cell_id=ACE547 protocol_group_id=barcode_test sample_id=barcodes_fish h-(3),h+(2) w1 h-(3),h+(2) w1_125.80318665787642	AGAATAGATGCTTTGATATAAAATGGGGTCATACCTCCTCAGCAGGATCAAAGAAAGTATTAGATTACGATCAGTTAAAAGTATTGTGATACCGACTGCTAAGACTGGAAGAGATAATAATAGAAACACAGCTGTAATTAGGACTGCTCAAACAAAGAGGAGTTTGATATTGTGAGATTGCTGGGTTTTATGGTAATAATTGTGGTAATATTAGTGCCCAAGAATTGTTAAGTTCCTGCCAGATGAAGGGAAAAAATGGTGGGATCCTTAGATGCCCCAGCATGACCGAGGTTTTCCAGCTAAAGGGGATAGACAGTTCAACCTGTCCTGGCTCGCTTCTACACCAGATGATGCTAAAGGAAGTAGGAAGATGGGGAAGAAAGTCAGAAGCTTATATTTATTTATTCGAGAAAGCTATATCTGGAGCACCGATCATTGGGGTGGTCGGTGCCGAAGCCTCAATTATTAGTGGTATTACTATAAAAGAAAATTATTACGAAAGCGTGTGCTGTAACGGTGCAGTATAAATTTGATCATCGCAGGTGCACCAGTTGACACCAGCTCTGCTCGAATGAGCGGAAGCTTAGAACTATTCCGACTATGCCGACTCGGGCACCAAATGCGAGATAGTG	9-0)#%&0.+$%.,3::5/964($#%$$('&#%)+,&(';0156++-277=*'81((,&$%'&**+&&+)&=*6),0;7++89:<4/)+0/.*$$*0,01523<BB@26=/(,)275494++*)&$*)+-/-//.2%$'%/.148416;?9=@C<(0+;:46KG@A0+++-*+$'$$'4356''+#&6/+++&79:9;245572,,,'&*(05%5*--+-(*$$$%'&(,)&)*&%)/6:65=0014/,)6AH>3*))',&%%&'')'',+(*,333)4111)'&&%&(%&-,+'$'*(76=H;(-&*1,,,+*+6,.7701248%%'$&*,00%%&-))$$$%/)+4986,+$&(*)',*&,1&98*5)2((,,'%*'&&%%,--,*,%##$)%%%'+.-1:-/.')%&'*1-568169C<=8)3457<;34?79:%*)'2'27?+-=*+,)%(*)((9'$#%&&)'(/&*,.+,0..<=EA5'%)(-0-1-,.4()($$37982,(%0-,'&-1$>*)(%76575(595402?86@(('+/=)%%&(()(-)$#$$&)';87.+$%0%$($$##&'&%$&$%%%%#$''#$)-2-316:>=64/-0).+4+**(.&&&$$$/1/0,,&-7	125.80318665787642	0.1342674856678113
301	5a5f1a32-96f0-4b49-9856-cdb4eb7f6318 runid=ed1de13037eb1bcfeefc20d46af38743bdac68e6 read=36459 ch=34 start_time=2020-02-10T20:51:42Z flow_cell_id=ACE547 protocol_group_id=barcode_test sample_id=barcodes_fish H+(0,8),H-(2,11) w1 H+(0,8),H-(2,11) w1_108.27190722518398	GCTTTCCTTTATCTCGTATTTGGTGCCTGAGCCGGCATAGTCGGAACAGCCTAAAGCCTGTCATTCGAGCAAAGCTAAGATCAACCCTGGTGCACTCGCGGTGATGATCAAATTTATAATGTGTAATCGTTACAGCACGCTTTTCATGTAGTTTCTTTATAAGTAATACCACTAATAATTGGAGGCTTCGGCATGACTAATTCCCCTAATGATCGGTGCTCCAGATATAGCTTTCCCTCGAATAAATAACCATAAACTGACTTCTTCACCATCTTTCCCTCTCCTTTTAGCATCATCTGGTGTAGAAAGCCGGAGCAGGACAGGTTGAACTGTCTATCCCCTTTAGCTGAAACTCGCTCATGCTGGGAATATTGACCTCACTATTTTTCCCTTCATCTGGCAGGAATTTCATCTAAATTCAGACAATTAATTTATTACCACATTATTAACATAAAACCTCCAGCAATCTCACGATATCAAGCTTTCCTCTTTTGTTTTGAGCAGTCTAATTACAGCTGTGCTTCTATTATTATCTCTTCCGATCTTGCTTGGCTGATATCACATACTTTTAACTGATCGTAATCTTAAACTTTTCAGTCTGCTGGAGGAGGTGGCCCATTTTATCATCAGCATCTATTCC	/%%%%-3267:::/8))))*%'%&(887969A<<+'%&&*))*,''-/-<</43&)1/-'%%#''$%(%%%%$%*),'%'''(&'%$)&1=17.-,5$$)31987983442025/$$*)+*'%%..(+0-1*-,'%&+100<</2,*$%'$/20,',)&&+&$*,($%7=34+00*4,,/++'&)''&-)+)))+-756<7:*6)#0-)*&%02),:+'4&5)./-(%%(%+11)-)-4)(..02547)(%##%(%',&.27=78)4*++):<AA7+.*(.2/-./(%)+;=<@:=B?5:B33,(*,%4'231$/((-+-++.*;'*),*()+*)(33==))=726(((%+.))0..(5-/36631+%$$%(+*+-123)/668<DE;887+:8255-+'&%%(%)14:;)%/#&.$:-/&)$*-*)+&)%*('*,(.,&''$&.-.7::75@=/(+)-+6'(+59=?43'%)&)(+2-)&##%&+)+=GKD96&4.*%%$()((213,,-)%($$$%)'%6143/-/&$$'-'0;?1)(($/0./+$$&)(&#%#'&'&$()&'.011538848515/06428.1)$$"&&%%##'&</4<=;)%&'$)))$'32349:74.%$$%44.5567$#(*#'	108.27190722518398	0.14967381801942428
82	be2da28c-7b79-4e35-bb6f-6a60e40ce81a runid=ed1de13037eb1bcfeefc20d46af38743bdac68e6 read=1674 ch=81 start_time=2020-02-10T15:44:23Z flow_cell_id=ACE547 protocol_group_id=barcode_test sample_id=barcodes_fish H-(0,9),H+(0,11) w1 H-(0,9),H+(0,11) w1_162.45164558123474	AGGATAGATGCTGATATGAAAATGAGGTCACCTCCTCCAGCAGGATCAAAGAAAGAAGTATTAAGATTTTGATCAGTTAAAAGTATTGTGATACCAGCTGCTAAGACTGGAAGAGAGATAATAATAGAAACACAGCTGTAGTAGGACTGCTCAAACAAGAGAAGTTTGATATTGTGGGTACTGGAGGTTTTACGTTAATGGTGGTAATAAAATTGGTGCCCCAAGAATTGATGAAATTCCTGCCAGATGAAGGAAAAAATAGTGAGAATTGACAGATGCCCCAGCATGAGCAGGTTTCCAGCTAAAGGGGATAGACAGTTCAGCCTGTCGGCTCCGGCTTCTACACCAGATGATGCGCTAAAGAGTAGATGGGGGAAGAAGTCAGAAGCTTATGTTATTTATTCGAGAGAAGCTATATCTGGAGCACCGATCATTAGAGAATTAGTCGGTGCGAAGCCTCAATTATTAGTGGTATTACTATAAGAAGAATTATTATTACAGCGTGTGCTGCTAACGATTACATTATAAGGGTGATCATCACCAAGGAGTACCAGGTTGACTTGGCTCTGCTCGAATGAGCAGGCTTGGGAAAACTGTTCGACTATCGTGACTCAGGCACCAAGAAATACGAATAAAGTG	3+:=6754226;41.,%$345754)31+92:<:,23-?4(),7E@=D<8*)4.6,6*16744'&&346104323+.066D8+4?511*,/035284,/0**,,+*C@@E6=A/,%)69BFB4C=88'+&$&%%&%$&&%*$+%-.);?;=93($%:98).5%$96:+2+***-56/&)9(&)>><:'%(238>A;>/.%%$<*)&'&#%**)(*&(1+766$4'-%&+-2..*().?<,/-2/20;B:;53>0%*7GE85656=2%&&&',)$,/*543%%%/33,0.2'$$&;1LA+A999/63&.319?;;91**8+4B6&=>:*$>%6&(=:',%&=@E:.636$$3-03..$'$$/4'%#./$%%%()&&%,4,*'38?.-31033464086$&*2;B:7.'&&&')$&'*/3351%.$$('()+(;>//1%,$(,+011*';+.@6.-,0*--*++6,;=CD53A:6=6//-97;/9/%))&.1/37,//$%*((04967-:==,$/3401178/,-.00+-)$%$,(0;4888**2/-%('*2'+2*4/)+3,'(('1?>=8(%&-'%----+%%'/...&*+(('%#$&&-122-*(''$%)#1/9-5<>>7A9&$,20++$$$/*-5&/>2	162.45164558123474	0.1061688107692433
167	7033698f-6c8a-4740-9ffc-257d54cd6bcb runid=ed1de13037eb1bcfeefc20d46af38743bdac68e6 read=31690 ch=105 start_time=2020-02-10T19:58:23Z flow_cell_id=ACE547 protocol_group_id=barcode_test sample_id=barcodes_fish H+(1,9),h-(3,-1) w1 H+(1,9),h-(3,-1) w1_138.9058047856029	GCACCGCTTTATCGTATTTGGTGCTGAGCGGCATGATCGGAACAGCCTAAGCCTGCTCATTCAGACAGAGCTAAGTCAACCTGGTGCACTCCTTGGTGATGATCAAATTTATAATCATAATCGTTACCTTTTGCTTTCATAATAATTTTCTTCATGGCCTTTGCAATGGTGGAGAGCTGACAGCTGACTGAATTCCCTAATAGTCAGTGCTCCAGATATAGCTTTCCCTCGAATAAATAACATAACTCTGACTTCTTCCCCCCATCTTTCCTACTCACTTTTAGCGTCATCTGAGTGTAGAAGCCGGAGCAGGACAGGTTGAACTGTCTATCCCCTTTAACTGGAAACTCAACTCATGCTGGGGCATCTATTGACATATATATTTTCCTTCATCGGTTGGGAATTTTCATCAATTCTTGGGAATAATTAATTTTATTACCTAATTGTCTGACCAGCATAAAACCTCAGCAATCTCACATTATCAAACTCCCTCTTTGTTTGAGCAGTCTAATTACAGCTATTAGCCTATTATTATCTTCCAGTCTTAGCAGCCGGTATCACACAATGCTTTTAACTGATCATAATCTTAATACTTCTTTCTTTGATCCTGCTGGAGGGGTATTTATTTTATATCAGCATCTGTTCTG	0++-'*0>C</4-24(,-*(-4+(%(&&&%(-.**'%0(4(,+,)/,&*1$998246><>1.%'###$$&*,+.+0::.*+%%&7(&&%0%)%'/39666798=;-.34/33:1+'%+-,03)-1/*+**('$&(.-1%&&./:8;<:-0$&#'%$&&%&&&%$&)$$+41**&$%$)&&&&%.-,'&*$'%-.&4*)&#$&)).%%<$%6%3'),((.4.C@FB5@13;9<DCIBA>?,3+&'$$*'%%$$,+.-)(,,,+)-80=:8%*,)'(*""$&)'(.1223232/-(-((,-'&1/..',&(*%5974514C3))43639@=6&&0&%$(#%##$''%&$#%-*'/)6=98&*08)+%-+;</()*%'%$$%&(*6966-0)-'((')(#$%1+244:40&,3B2((+*$-%''$$$+')0143::91%&0,'&%%$&%*%$$'$'*$%-0CC;777+8618<.67,.$&%%%$(210604<>2,8@A;;8C2*)-**+&7-2034,+*%%&$$&$()*(&'*%$&3;*9B0@<@=>:9%'&)''$&,.'&0%##$&&$$-1432255<:9:<%2655:7972554442376/-05493395;7:>84*''-5*)*)08===82-*<034344)$3543,	138.9058047856029	0.1538950131686297
193	97fc41d2-4b1f-4947-ac50-f98ec339d422 runid=ed1de13037eb1bcfeefc20d46af38743bdac68e6 read=22800 ch=17 start_time=2020-02-10T18:55:55Z flow_cell_id=ACE547 protocol_group_id=barcode_test sample_id=barcodes_fish h+(1),h-(3) w1 h+(1),h-(3) w1_134.62188466762166	CATTAGCACCTATCTCTCGCGTATTTGGCGCCTGAGCCGGCATGATCGGAACAGCCTAAGCCTGCTCATTCGAAGCGGAAGCTAAGTCAACTTAGTGCCTCCTTGGTGATGATCAAATTTAATGTAATCGTTACAGCACACACTCATGTAAATTTTCTTTATATGTACCACTAATAATTGGAGGCTTCGGCAGCATTAGTCCCTAATGATCAGGTGCTCCAGATATAGCTTTCTCGAATAAATAACATAAGCTTCTGACCTTCCCCATCTTTCTACTCCCTTTTAGCATCATCTGGTGTAGAAGCCGGAGCCGGGACAGGTTGAAGACTGTCTATCCTTTAGCTGGAAACCTCGCTCATGCTGGGGCATCTGTTGACCTCTTATTTTTCCCTTCATCTGGCAATTTCATCAATTCTTGGGGCGAGGTGAATTTTAATTACCACAATTATTAACATAAAACCTCCAGCAATCTCACAGTATCAAACTCCCTCTTTGTTTTGAGGCAATTATAATTACAGCTATTCTATTATTATCTCTTCCAGTCTTAGCAGCCAGTATCACAATACCCAACTGATCGTAATCTTAATATGCTTTCTTTGATCCTGCTGGAGGAGAGTGACCCCATTTTATATCAGCATCTATTCTGGT	***,+%#'/.%+;;&?8A5)9A66:?.6----*,.0:6%-3432002%1$345186),.&-)*+.087A,:')(('''&%&()(+,46.*##&'(1$#$'$'%'4538822133;1102-&8;<9<0/6215%'&&&'&'$$$&+))))*+&58;?<DFE4.+&&/2:84+'<3//'')5942166.6'(%&&$&#&%&(&/&+-)()+-)#'%'&%'%*%)$(($(''(*',)4&&2/13/-,&%$#$'&49<<.:.&%'')()'+3301)($#%6181*3.'%%*/63(&.)($'%&'&(''1..2-114$)2#$'+.$(),)'-)/.+903%%&#'$',(/))'.-)*+5/8@A@975713(2851?=7'('&--)-%*/<=CF;=8@.9:*'1%''&&'#94'%''&&&)$%%$%)(%$$%%,$)#57751%(**)*--.&'*/&(<7545=::4<=9'5+/..,,204***%')**(63<=:97)>@A245=3+$%'%$$##&&)0468304/13%#%'+,&*579<;A<+?:/)5598,+('%+*./$;A86=115*%$$%#-)))+)'4)))(34:=>81,**).2227<696((-+%134513.1-$*)23=<CA<DGB?9:407(%$(6=<&'.1$*'6	134.62188466762166	0.13757832512693008
102	bf032403-1977-4632-bc4c-11423241590e runid=ed1de13037eb1bcfeefc20d46af38743bdac68e6 read=1951 ch=29 start_time=2020-02-10T15:49:32Z flow_cell_id=ACE547 protocol_group_id=barcode_test sample_id=barcodes_fish H-(0,11),h+(0,-1) w1 H-(0,11),h+(0,-1) w1_155.6155389436062	AGAATAGATGCTGATATAAATGGGGTCACCTCCTCCAGCAGGATCAAAGAAAAGAAGTAATTAAGATTACGATCAGTTAAGTGTTGTGATACCAGCTGCTAAGACTGGAAGAGATAATAATGAAACACAACTGTATTAAGGCTGCTCAAACAAAGAGAGAGTTGGTATTGTGAGATTGCTGGAGGTTTATGTTAATAATTGTGGTAATAAAATTAATTGCCCCAAAATTGATGAAATTCCTGCCAGATGAAGGAAAAATAGTGAGGTCAACAGATGCTATATGAGCAGGTTTCAGCTAAAGGGGATGAACAGTACAACCTTGTCAGCTCAGCTTCTGCAGATGATGTTAAAGGAGTAGGAAAGATGGGGAAGAAGTCAAGCTTATGTTATTTATTCAGAAACTATATCTGGGCACCGATCATTAGGGAATTAGTCAGTTGAGAAGCCTCAGTGTGGTGGTATTACTATGAAGAAAATTGTGCGAGCGTGGCGCAACGATTACAGCCCTCATTGATCATCACAAGGAGTGCACCAGGTTGACTTAGCTCTGCTCGAATGAGCAGGCAGGGCTGTTCCGACTATGCCGCTCAGGCACCAAGTACGAGATAAAGGTGTA	6=47585-448>>73/,43,'&(0&%.&,2517<,;/.)*&%$00,/%44:8)'0&%%%#&4671936/++)3739363%%)%"'-0-,5455%/1239:<6;?=87.05-0?99E300+((',%,116$2333*'*48'&134//AEC<BB:$+%***&/)0(%,$)+11/*,+,/113/((%'680,//?3DB>A13@224340&$574656/,&.5??>(-%'++-460115C9;36-;;?9?D4411,.)8=9322583..71;3&&0//*'$&$&#%)(%$%(.#$$&)('-1/$/>A@@%%%/--6:/66'30'&#&*#/.(7,)()*($%013420,)*)),/'(-'-7621181*D22*00,-%&.24:76(579?:<>=447<6811%%%'%#')'/475.-,*+0037:@8::&0'%(%%((+,:(1)(,-$'-*$&'50$/%/&+1')1*&&+>?6))2)$5930-1235%$$'3462%$$$%$$((+-%').888*.%%'((9<.+7$%%%'&#/20..$(-1-6'4////69B?<D<?1>324--,(%%%.,-&&$4?:=5$(&$#,-12.-)34;')0//&-,%%+**./=812,$+'-&$3	155.6155389436062	0.11058872448022923
126	a04b9111-b1a7-4a00-ae24-469c7a26df13 runid=ed1de13037eb1bcfeefc20d46af38743bdac68e6 read=1808 ch=56 start_time=2020-02-10T15:47:06Z flow_cell_id=ACE547 protocol_group_id=barcode_test sample_id=barcodes_fish h-(3),h+(3) w1 h-(3),h+(3) w1_149.71416806919072	CAGAATAGATGCTGATATAAAATGGGGTCACCTCCTCATGGATCAAAGAAAAGAAATATTAGGGTGATCAATTAAAGTATTGTGATACCGACTGCTAAGACTGGAAGAGAATAATAATAAACACAGCTGTAATTAGGACTGCTCAAACAAGAGAGAGTTTGATATTGTGAGATTGCTGGAGGTTTATGTTAATAATTGTGGTAATAAAATTAATTGCCCCAGAATTGATGGAAATTCCTGCCAGATGAGAAAGAGGAAAAATAGTAGAGTCAACAGATGCCCAGCATCATTGGTTTCAACTAGGGATGAACAGTTCAACCTGTCCCGATAAACTGCAGATGATGCTAAAGAGGAGTAGGAAAGATGGGGGAAAAGAGATGAAGCACCTATATTGTTTATTCGAGAAGCTATATCTGGGCACCGATCATTGAGGAATTAGTCAGTTGCGAAGCCTCCAATTATTAGTGGTATTACTATAGAAAATTATTGCAGCGTGTGCTGTAACGATTACATTATAAATTTGATCATCACCAAGGAGTGCACAGGTTGGCCAGCTCTGCTCGAATAAGGCGGAAGCTTGGGCTGTTCCGACTATGCCAAACAGGCATAAATACGAGATAAAGGGTGCCAAAAT	9*&+.243;420:77?>;==46&&./.;?@>??28*0&()/:2DC@'*%28))30$))(+%''(4*))($%,225),;<=>;>&%*&$#%#'.('%+36?;7B<97)//+<>C>:;8451)%$,357>7;=85;::C?<7/31?<6089(*',#%*/0?A9?;;8:(#%(11127AFD<6B;DH<6=>FC@A99..057'.42'$500*461%%(9;655)$*&)-,+++&-3%A<6879165:9662,3-'*$)(8=59:671/$)(0589*8::;...'&*$%&)'%%((%(0,&)&101)$(4$$$-.1;50<<%''&&$''#%$#-)&&&$3''?67+'.'),5/+'&%)*=22(&663B672.,*4>,)&%%$($%*$"#&)-)&&,-)4?,9443..0-()9A.,+**..)'#&&13/8;'-0*),)5235.216&6&)00'..*89</;3(()($$((1(2<3&'4<>1+,,3D?AEG834%''(7:A=:?>E::41,,&')%$&&)-+-*))7*//9,7:<%$,=5'$)%4(%&(('%/#'$&&&((0:6)%37(%$%'%'+&&'%&'%%%%'&$'#1:3,11--'%%%%%%$%)(')%$')++-23/48146%&%*2)&%&'''&	149.71416806919072	0.1266338579258899
165	de75e3b3-be57-4a1e-9406-665aede6936b runid=ed1de13037eb1bcfeefc20d46af38743bdac68e6 read=13887 ch=13 start_time=2020-02-10T17:56:57Z flow_cell_id=ACE547 protocol_group_id=barcode_test sample_id=barcodes_fish H+(1,11),H-(3,11) w1 H+(1,11),H-(3,11) w1_139.64122832910664	GCGCCCCTTTATCTCGTATTTGGTGCGCGCAGGCAGCATAGTCAGGCAGCCTAAGCCTGCTCATTCGAGCAGGCTAAGTCAACCTGGTACTCATGGTATTGATCCAAATTTATAAATGTAATCGTTACAGCACGCTTTCGTAATAATTTTCTTTATAGTAATACCCACTAATGGTGGGCTTCGGCAGCGGTAATTCCCGTAGTCGGTGCTCAGATAGCTTTCCTCGAATAAATAACGCAAGCTTCTGACTTCTTCCCCATCTTCCCTGCTCATTTTTAGCATCATCTGGTGTAGAAGCCGGAGCCGGGACAGGGTTGAACTGTCTATCAACTGTGGAAACACTCGCTCATGCTGGGGCATCTGTTGACCTCACTATTTTTTCCCTTCGTCTGGCAGAATTTCATCGATTCTTGGGAGCAATTAATTTATTACCACATTATTAACGCAAACCTCCGTAATCTCACAATGTCAAACTCCCTCTTTATGGCGAGCAGTCCTATTTAGCTGACCTTTATTATATCTCTTCCAGTCTTGGCAGCCGAGTATCACAATACTTTGCTGATCGTAATCTTATGCTGTTTCTTTGATCCTGTGGAGGTGACCCCATTTATATCAGCATCTATTCA	-&',-0.*254>=0,=E?AF<:3.1-)%&''*(,%###$'*'2&(/11531132)/12:?DG66074...0(***/&%,5816<5--1%'.8*+-/3'&'$(&&54:;0=?.&&&''&,.-11,(,%-.#$$$&,24,-+*4134-5951<>?;*%%'-52--112%*(**#$%963/-/23*%$$#$$$&'2(7(/(&&$$,0,3A<:(6$&(%$&(5:;3730,,65:8,/2)&%+.2+&&))$'&..2...),/25+),)(*++'$&,#')),,*5443@239#*-@93**3338&52'569028+%%$%&(*-,/+7318.(%1##%+(*3%/2*.((9;65DG=9,'124+/9:::98=4:/34584:987FB@>=ACE6:3(256-,)(''348A.62=%##'&''&+/#'$$&#-5759?*)*$&%$$%%'*).0*.*+3/'')''-&'02675+,.10.-079:-EF@HF.995(%&%(#$%$').%%,=2&)%%$#&%###$')##%%+3>D@?D8%4')00.0($(*+,)%#/A859.02+('#$'($%&()14')*.1213&%##(#.36(9<7,-,,0.($&'#(,,(%(((%*.57688695*76;A>0283,	139.64122832910664	0.1488624580270661
269	b81581e5-3d2a-4a3e-a314-b10025664ba5 runid=ed1de13037eb1bcfeefc20d46af38743bdac68e6 read=31417 ch=93 start_time=2020-02-10T20:17:49Z flow_cell_id=ACE547 protocol_group_id=barcode_test sample_id=barcodes_fish H+(2,11),h-(3,-1) w1 H+(2,11),h-(3,-1) w1_115.99234699207419	ACACCCTTTTATCTCGTATTTGGTACGCTGGTAGCATAGTCGGAACAGCCCTAAGCCTGCTCATTCGAGCAGAGCTAAGTCAACCTGATTTGCTCATGGTGATGATCAAATTTATAATAATAATCGTTACAGCACACGCTTTCGTAATAATTTCTTTATAGTAATACCACTAATAATTGAGCTTCGGCAACTGACTAATTTAATGATCGGTGCTCCAGATGGCTTTTCCTCAGACAATAAATATGCATGGCTTCGACTTCCTTCCCATCTTCCCTACTCCTTTGGCATCATCTGGTGTAGAAAGCCGGGCAGGACAGGTTGAACAGCTCTATCTTGCTAGCTGGAAACTACTCACTCATGGGGCATCCTGTTGACCTCCCACTGTTTTCCTTCATCTGGCAGAATTTGCCGTAATTGTAGAGACGAAATTAATTTAATATGCAAATATTAACATGAACATAGCGAATCTCTGTATCAAAACTCCCTCTGTTTGAGCAGTCCTAATTACAACTATTGCTTCTATTATCTTCCAGTCTGTAGCCAGTATCACAATACTTTTTAGCAGTCGTAATCTTACTTCTTTCTTTGATCCTGCTGGAGGAGGTATTATTTTATCAGCATCTATTCTGAT	#$%'(%%)**-..&3251,/1035''&%)((&'),+(*$%,$(&-/.,565-.)07A>9);<998@:1,''&)+:38-)+3/*&&%&#%-(%.*7'(%,*+(&''*5*'$$&#$%'&%%%*399;68C))%$%%$-06/0D;834=CBE9?BC<:A:=<==<?1++55-.,),*,&&''#%#&)%&%(%$%(*%*''%&&%*'')*14%5:7,,'7-.8$%)),,-*%&(-$'%%(%.01(&&$$$%$$'4441)%%%(%#%$.2/4=6==8;;000<0,353(<?<7A>?@516@520).0'-,'*')*%/:0./30/0'(1.2.$'0/%&,#"#$/,1461%+)&$#$#)*%35.%%%:D<<=334;2)++'+)*%)$%&+),323(,).37>@;8/++4(3(3+#""#%%%)-&&'($0#$$&##%0)+$.*%$$#"$-8<5//678234$$&%(&''&%'))'(&/$$++15:996:<?@I4:<2(:/63-013''*:<336232&%%$$'$%+(,*(+:&/)'($$))'(($%#%'-&34.*2&&($*.-.0//.($$%&)2%%047;99&##&##'-*(((,-33<23-33/&/*$)*-%%%$58<=-.5+($&+4($$&#"$%3	115.99234699207419	0.1752015265088917
283	08db96e5-f545-4f28-b50b-a98284768432 runid=ed1de13037eb1bcfeefc20d46af38743bdac68e6 read=28659 ch=45 start_time=2020-02-10T19:50:18Z flow_cell_id=ACE547 protocol_group_id=barcode_test sample_id=barcodes_fish H+(2,10),h-(2,-1) w1 H+(2,10),h-(2,-1) w1_111.6628411637631	CTTTGCCTATCTGTTGGTGCTGAGCCAGCATAGTCAGACAGCCCCTAGGCCTGCTCATTCGAAGCAGAGCTAAAATCAACCTGTTGGTGCACTCCTTGGTGATGATCAGGGTATAGTGTAATCATTGCTTTTGCTTTTCGTAATAGTACTAGCACTATAAGTAATACACCTAATAGTGGAGGCTTGGCAACTGACTAATTCCTAATGATCGGTGCTCAGATAGCTTTCCCTCGAATAATAGCATAGCTTCTGTTCTTCCCCCATCTTTCCTACTCGCTTTTATATCGTTGCTTGAGCCGGAGGCAGGACAGGTTGAACTGTCTATCGCTATTTGAAACACTCGCTCAGCGTTCAGGGCATCTGTTGACACTCACTATTTTTTCCCTTCATCTGGCAGGAATTTCTGCATCAAATTCTTGGGAGCAATTAATTTTATTACCACAATTATTAACATAAAACCTCCAGCAATCTCACAATATCAAACTCCTCTTTGTTTGAGCAGTCTAATTACAGCGTAGCTGTATTATCATATCTCTTCAGTCTTAGTATTGATATCCTGTACTTTTAACTGATCATCAATCTTAACTACTTCTTTCTTTACAGTCCTGCTGGAGGTGACCCCATTTATATCAGCATC	"#%'$$#&$(('%741-2&/,(%)&(&(*'$&&('$&$'$%%%$#'%$$**-,.6;<=,4*($+**+&&(,''&%+25+9:6.$''*C00546,0-.5-:5964-*+()'&2,01&-%&'(/6'(*'$(((&)()/128,--,+)/1-%%####"&(-0($&&)%$%&($))&%$(3(-&%&&&&$001%,*-&),-,-/)+3+'*-5/<&*:00+*2650-;A=C7/.*,3((1**&'(%&*)-&&+'-(%(,69:<@A7.(675:<%.+$*&/#$8;;80(()($"$'%%'&%%()%7#&()%,0+)).(8-//6666-.F*%2#$)$#%(&)-(%$#(.)+05%$"$#%,-/53128:71&(+%%%#''))378;<=;:BB<34;777-*(&&()--13++&$$''-&%%/1/./&&(#&''$$(()(,,-,-0569*01+,9,,/.,,013/,)0.1&:0.1:1;<6;423-/.0.+40:54)&9AD/2<>71/*&&-&/+0*(*'*++'%&$##)#$($'-,-##&'+&+3)++.6;23'%%%$%$#*,&&)%##$"$%%%((*201.3'&&,)'0$&&%#$$&+22254136/*)*)..771,22+%()./3<;@B4;<2&%&,'+.<50=	111.6628411637631	0.17750357831218636
340	3aecac08-9c3d-43af-a127-5207c043394a runid=ed1de13037eb1bcfeefc20d46af38743bdac68e6 read=2771 ch=32 start_time=2020-02-10T15:55:31Z flow_cell_id=ACE547 protocol_group_id=barcode_test sample_id=barcodes_fish h-(2),h+(1) w1 h-(2),h+(1) w1_95.4282937386214	AGAATAGATGCTTTGATAAAATGGTCACACTCACTCGGCAGGATCAAAGAAGTATTGGGTGATCAGGTAAAAGTATTGTGATACCGGCTACTCGACTGGAAGATAATAATAGAAGCACAGCTGTAATTAGAACTACTCAAACAAGGGTTTGATATTGTGAGTGCTGGAGTTTTATGTTAATAATTGTGGTATTAAATTAATTGCCCAGAGTGATAGAATTCACCAGAATGAAGAAAAATAATTGAAGTCAACAGATGCCCAGCATGAGCAGAGGTTTCAGCTAAAGGATAGACAGTTCAACCTGTTTCATCCGCTACACCAGTTGATGCTAAAGGGTAGAAAGATGGGGAAGAGTCAGAAACATATTTATTTATTCGAAGGAAAGCTATATCTGGAGCACCGATCATTGGGGGAAATTAGTCAGTTGCAAGCCTCCAATTATTGGTGGTATTACTATAAAAATTAGCCAGCGTGTGCTGTAACGATTACATTATAGGGTGATCACCACCAAAGGAATTACCAGATTGGCTGTTTCTGCCTCGAATGAGCAGGCAAACTGTTCATTATGCCGGCTCCAGGCACCAAATGCGAGATAAAGGGTGCCA	(*('''(%%$$$&&&&$),)-%&,0+'+&&.2(('1$*)*,4+)?71$,.)./.+-$&#*)-,,$%$+'('&%(((*%)))78:7,*%)##)$&&&))'+.&(),+)..,,'-,$'()*)7652;(,.0/')0:'=0803$4:.(+/#&'''78;=A<1&%C7857302(CC;,))=400.:56976)%)(%')1(.13*.2)$$$(('&96-))%118.;&$&&''//0184')41515$$'*%#**.'*,10100?<55%01&$'#$$$$%.0<-3-7@@E<*4)61112..@.1=<-:730&4(,&%&&&(7'&%#&'&$%,/83131.#*(-1'%2<%7>33+//.3$%&7>5./1,+1,,,/-58:B@J?9,%#('&+%)34005:<:-0+**8@CB7;@50360**)+-+,/-22;)9)+%$%++=>?%C8,,-*%&%'.&+-*()08969DB/'$"%&%%&%$$%%(,035*)*((*+361-.,/($%&%%-**47079)%&68)(.,&#&#$%%'$%''&+,$"#%%$##%(246:))(**+&%%+*%$%&9+95:<-*$$#%,5,$8/2)%%',.38--$$$*5111'%)'7/&&2	95.4282937386214	0.14624916382408631
56	633b577e-9db9-4105-beaf-4959a4f73e9a runid=ed1de13037eb1bcfeefc20d46af38743bdac68e6 read=2711 ch=66 start_time=2020-02-10T15:52:52Z flow_cell_id=ACE547 protocol_group_id=barcode_test sample_id=barcodes_fish H-(3,11),h+(1,-1) w1 H-(3,11),h+(1,-1) w1_174.59079347211969	AGAATAGATGCTGATATAAAATGAGGTCACATCTCCAGAGATCCCAAAGAAAGAAGTATTAAGATTTTGATCAGTTAGAAAGTATTGTGATACCGGCTGCTAAGACTGGAAGAGATAATAATGAGCACAGCTGTAGTAGGACTGCTCAAACAAGAGGGAGTTTGTGTGTGAGATTGCTGGAGGTTTTATGTTAATAATTGTGGTAATAAAATTAATTGCCCCAGAATTGATGAAATTCCTGCCAGATGAAGAGGAAAAATAGTGAGGTCAACAGATGCCCCAGCATGACGAGGTTTCCAGCTAAAGAGGATAGACAGTTCAGCCTGTCCGGCTCCGGCTTCTACACAGATGATGCTAAAAGGAGTAGGAAAGATGGGGGAAGAAGTCAGAAACATGTTATTTATTCGAGGAAAGCTATATCTGGGTACCGATCGTGGGGAATTAGTCAGTTGCCGAAGCCTCAGTATTAGTGGTATTACTATGAGAAAATTATTACAGCGTGTGTAACGATTGCATTATAAATTTGATCATCTTGAGTGCGCCAGGTTGACTGGCTCTGCTCGAATGAGCAGGCTTAGAAGACTGTTCCGACTATGCCGGCTCAAGCGCAATACGAGATAAGAGGTGCC	624-((&(*-1999>=:;3.432&/-+2%$'***'.''&-7%%;#8<''7/,$%%&1101-%(./1.,0275--043%&,-)))*,,,<6126739@@?89967;?AC>8D368422,$*(&%$$'(()+$$%$&'8*5?>:<<*+)66&6<5'0283-3/<2&('3(-24448:+%44,#'+,45345-<(*)*,''*502=BD95;7*)*-31.*8=;<-5'.-,.5//-(+02;6;:=250<G7760-%/=399;3/-)1*))83?=(-/55+*0..)3597)($$&*,11B>*;=;A@D<%2(:C3=?=6//A/+?9(6788++:$6A@.)**'-2)%%$#++-0*-7>@B<=@3&,7%6@A@./=,0;44+/-(-/%'&.(6'-.1%&/*)@)123<-E<@0,/5#**18;,01798,)'&)171/58'0'),,**(*%.56'1(,+540,,/,.'6*)90/1/-0%$(.9==??9&&0'(('*%)'&()$$1379+,'$&)$%%(,$%%%&0--(.6?<@=>;1,*&(%%05&$%$'$&(4&6/'''%%-.**%)2$#%#&$,&&&3445,,*$(&,,/G@8<99998>:66-/-/-)%%+''0/-...&&4562%#*1::AA	174.59079347211969	0.11078398022257875
162	e5bc7f2d-f4c5-48d8-8c7f-a0e512995a51 runid=ed1de13037eb1bcfeefc20d46af38743bdac68e6 read=16094 ch=31 start_time=2020-02-10T17:49:54Z flow_cell_id=ACE547 protocol_group_id=barcode_test sample_id=barcodes_fish H-(3,11),h+(1,-1) w1 H-(3,11),h+(1,-1) w1_140.70445540392484	AGAATAGATGCTGATATAAAAATAGGTCACCTCACTCAGCAGGATCAAAGAAAGAAGTATTAAGATTTACAGTCAGTTAAAAGTATTGGCCGATGCCGGCTGCTGAGCTGGAAGAGATAATAATAAACACAGCTGTAATTAGGACTGTAGCAAACAAAGAGGATTGATATTGTGAGATTGCTGGAGGTTTATGTTAATTGTGGTAATAAATTAATTGCCCAAAATTGATAGAAATTCCTGCCAGATGAAGGAGAAAAATAGTGAGTCAACAGATGCCCCAGCATGAAGCGAGGTTTCAGCTAAAGGGGGGATAGACAGTTCGGCCTGTCCCGCTCAGCTACCGCACGGAATGATGCTAAAAGGAGTAGGAAAGATGGGGAAGAAGTCAGAGAAGCATGTTATTTATTCGAGGGAAAGCCTGTCTGGAGCACCGATCATTAAAATTAGTCGGTGCCGAAGCCTCAATTATTAGTGGTATTGCTATAAGAAAATTATTGCAAGCGTGTGCTGTAACGGTAGTATAAATTCGATCATCACCAAAAGAATTGCACCAGGTTGACTTAGCTCTGCTCGAATGAGCAGGCTTAGGAATATGTTCCGACTATATGGCTCAGGCACCAAATGCGAGATAAAAGGGTGCCGATA	)194001,21/484/+$*0..(%&)(,2'',*7%%)<3.,,,*52=54-$,+)&)),02*,'%'%$&##$%%28*,-01B3+$$##$%$&&***)393758+-(*(,*-8,)0((*)*++'//..&'+%$$(+0'(.)+.'(&1853/+$(-3/:@?*)(',($(*$%%%&+-&%'&&'/.12+()1=?>;77D;5,+.$&%2>C:893/6@=++.33301,%0.15'$$#(+65='0/.0211<2227305%=HB7+((*2%#78<;(+,,4))3/0/2-+*'+-0-+.-%),?,7,+&:<C.-'9>??8222+*+./224)==:9&&9$'+(7())3)))$&'''6+187BFC89154&/5&-587<'/%,533256+1+2)240.)&$+**59,(6&7;;05:;81,=84+/(+($%'478()&&-/:?7489//1-.&0$1)+/<%)=444.*1':;-8(&&(+*,(*/(,0)&'$)/0/;8'+982/4,.(%%%($--1*',())+1,)*%%#$41027%=<;1.:@31-&$0.0&%'%&%'''&(*$.)$(+11//+9=DF?DD>8402)))//0/3;;:+&&$$"#%$1-*,+'#%%"#$&49.>''76699952$$(--*8579:&-)>;=?94'--	140.70445540392484	0.12695047865533457
324	bcfd948c-efe6-4eef-81e6-601b11f6fd90 runid=ed1de13037eb1bcfeefc20d46af38743bdac68e6 read=17085 ch=51 start_time=2020-02-10T17:48:03Z flow_cell_id=ACE547 protocol_group_id=barcode_test sample_id=barcodes_fish H+(3,10),H-(1,9) w1 H+(3,10),H-(1,9) w1_100.7618858132212	CTTTCCCTTTATCTCGTGTTGGTGCCTGAGCCGGCATAGTCGGAGCAGCCTAAGCCTGCTCATTCGAGCGAAGCTAGAAGTCAACACAATTGCACTCATGGTGATGATCCAAATTTATAATGTAATCGTTACAGCACACGCTCGTAATAATTTTCTTTATGTGTACCACTAATAATTGGAAGGCTTCGGCGGCTGACTAATTCCCTAAGCGATCGGTGCTCCAGATATCTTTCCTCGAATAAATAACATAAACACGGCTCTTTTTATCTTTCCTCTCCTTTTGGCATCATCTGGTGCTTGTAGAAAGCCGGGCCAGGACAGGTTGAACTGTCTTATCCCCTTTGGCTGGAAACTCATGTACTGGGGCATCTGATGACCTCACTATTTTTCCTTCATCTGGCAGAGAATTTCATCAATTCTTGGGGCAATTAATTTTATTACAATTATTAACATAAAACATCCTTAATCTCACAATGTCAGACTCCCTCTTTGTTTGAGCGTTAATTACGGCTGTGCTTCTATTATTATCTCTTCCAGTCTTGGCAGCCGGTATCTGTGCGCTGGTCGTAATCTTATTACTTCTTTCTTTGATCTCTGGAGAGTGACCCCATTTACTCATCAGCGTATTC	$$$$%&"$**09;/=.+%5-10@520).++('(244//106(7&&..)90430%&$"""$-18;>943$$#'./),&%&$&:0**'*+)(-65&#%4$(*22,(,15&&9)04586'+/+$$')*$'-0:'234762700/69+/744648:<:7781-%$%($%$$#%(+,+-''(30*'.-%%(&+)%%&%)(%*3-')0%-%)*'%%(&*7&4<5,/*>340*)&##'.+3+/,'0--/448//)*/,%')&'$#(&).//00:7AC>/61')-1.22-):8;:;5955607,##$'%&#%%%010-06&/%48/))8-3(+&'$%&0)($(/0;96$*)))%%%&&)''&-,+).%//0*6,('+42*$#(',&&2):9669999?;/0+*).%&)'''&&034641-+=73240//+%.,))&&(%&%)&')),'+,(*-3242--.-/*'%%%%-##%%+58,6'&&%%#%4+$$%&'4/)5;@<2*/&*%*++$&&'$&$#$.((+;6++,4.++-%%'$7;==><4*-39989%)(&'()&*)(26+*($#$&,+--:,.9=<B?5+#&+//)&&(,+11/,)(/%%(+5/+#',.*664((-/,)%%$++)%%"#%'09;	100.7618858132212	0.1605660726875419
386	6015220a-7d98-4b40-995a-ac6d11c0eac5 runid=ed1de13037eb1bcfeefc20d46af38743bdac68e6 read=26848 ch=103 start_time=2020-02-10T19:28:34Z flow_cell_id=ACE547 protocol_group_id=barcode_test sample_id=barcodes_fish H-(1,10),h+(1,-1) w1 H-(1,10),h+(1,-1) w1_77.78454257698536	AGAATAGATGCTGATATAAAAATGAGGTCCTCACTCCAGCAGGATCAAAGAAAGAAGTAGTAGATTACGTTCAGTTAAGTATTGTGATACCGGCTGCTAAGACTGGAAAGAGATAATAATAAAGCACAGCTGTAATTAGGACTGCTCAAACAAGAGAAGTTTGTGTTCTGAGTTGCTGGAGGTTTATGTATGTTGTGGTAAACAAATTAATTGCCCAAGAATTGATGAAATTCTGCAGATGAAGAGGAAAAATAATTGGGGTCAACAGATGCCCCAGCATGAAACAGGTTTCCAGCTAAAGGGGATAGACAGTATTCAGCCTGTCGGCTCCGCTTCTACGCAGATGATGCTAAAGGAAGTAGGAAAGATGGGGAAAGTCGAAGCTTATGTTATTTATTCGAGAAGCTATGTCTGGGTACCGATCATTAAGAATTAGTCAGTTATGACCTCAATTATTGAGTGAAATAATCACTAACAAAAGATTATTACAGCGTGTACTGTAACGATTACATTATAAATTTGATCATCACCAGGAGTGCACCGGATTGACTTAGCTCTGCTCGGATGGTGGGCCAGGAGCTGTTCCATTATGCCGTAGGCACCAAATGCGAGATAAAGTGCCGAT	(,.612--,,/65673+DB::6,+&&+**.+,&&0'9.(%%-:*%0A='-+,-$&%&++$'&%#$&##%$*(#')2'($,)*,/6/,)(&&)/)/583B:4:<<?803%&.4523)-/-,/*&%''++7:;%%&&$&%&%*(3$#'.473;A:+*0$$+).&'0(3%##$#$$'&+41)$'';@:/0)&%#$")0)/12)(%%&)*%-+)*/,++)-(*$'##$$$$)*((*##&/00B1103-$.-*,36/-.%%''(-/197*01/,*)2,,$-&-+$$-(&&&,**>:1=31**/6)+**..%%&)%(#$%&(6/(-03-*6))33#().550'%%%/0,;555$$/059**+,$*/&&('6%+=..*16)070.:$$.'&&',%%.,2'+=28/4++'#)&2<0(#22.%'$$$$$&)5.$-/,'&.&28..)6'+%(%&+1580<0),.,*+%%%&&&&$$%$('%%'%$$15'&&%&/(()&''(25;/)$+,(*-(*+**--29<9.(/)'233:8697393360)4%'9+&)++&5)*++*$%*(&(((&'++*%+&&'$"$%&)+&)/%%*.*'++-%$&+--4.&##$##$%-322$$())36234)*1060'%%	77.78454257698536	0.17377389447642894
41	d5ec35f0-e7ad-4393-8785-744c9906f9dd runid=ed1de13037eb1bcfeefc20d46af38743bdac68e6 read=1869 ch=85 start_time=2020-02-10T15:48:21Z flow_cell_id=ACE547 protocol_group_id=barcode_test sample_id=barcodes_fish h-(2),h+(3) w1 h-(2),h+(3) w1_180.99901507745457	GAATCAGAATAGATGCTGATATAAATGAGGTCACCTCCTCCAGCGGATCAAGAAAGAAGTATAGATTTTTACGATCAGTTAAAAGTATTGTGATACCGGCTGCTAAGACTGGAAGAGATAATGTAAGCACAGCTGTAGTGGACTGCTCAAACAAGGGGAGGTTTGATATTGTGAGATTGCTGGAGGTTTTATGTTAATAATTGTGGTAGCAAAATTAATTGCCCCAAATTGATGAAATTCCTGCCAGATGAAGGGAAAAAATAGTAGGGTCAACAGATGCTTGCTTTATGAAGCAAGGTTTCCAGCTAAAGGGGATAGACAGTTCAGCCTGTCCCGGCTCCGCTTCTACACCAGATGATGCTAAAGGTAGGAAAGATGGAAAGTCAGAAGCTTGTATTTATTTATTCGAGAAGCTATATCTGGAGCACCGATCATTGGGGGAATTAAGTCAGTTGCCGAAGCCTCAATTATTAGTGGTATTACTATAAAGAAAAATTATTACAGCGTGTGCTGTAACGATTACATTATAAATTTGATCATGCCAAGTGCACCAAGTTGACTTAGCTCCTGCTCGAATGAGCAGGCAAGGCTGTTCCATTTATGCCGGCTCAGGCACCAGAAATACAGATAAGAGG	8897?88.+&''%+)*.1730-.9>''%'')))-./*,,$81(&&1/+A=*(//+(.-$%$%&%112+*(%$+,'=12,/071)+2002)+:;C<8820/65559@;?:5.=&1+,.200/##'('&)**15:9633)10*2158=5CC5)AC=2(>:-.'%(B8-)())-,%)157;0*-5:43>>AB??;:C@757:0027.)+,2$&.35=BC;:9)0443(1)39;77$$#)54;'++345((+,*-''%%'(>F?746.2$&,:5?>+>A;<7/()+&#$%#&')0)'&'%07'F?4>@@?9>96*149*%%%'*.5-19=+7;66))4(1<8823'&0302--.((*+7752((',,0('2<,<03:'+B33-'*&')2(&24)$$$#&&&'7../79?:512.#)%%00+0;CC<;*42//*-6;@68:++)'&'%#'&%&-0$&#,$%%%&'%'(*=4++-//*%)148:823405B@EC3)55/.%014.2.*++;<=80(%0/:;300+4<0+,,/8:?7-.+'('49-)(&98.0>.,,,5+/,05(%//.**-,$'+60,4)+,,,+*())*+,&--:88?2++%%%./5,2225537%'4344;7$+0*%%&%'6456.+=;	180.99901507745457	0.10041406094553419
343	8a1b38d5-7f08-4a3d-ab8f-ef00d601ac89 runid=ed1de13037eb1bcfeefc20d46af38743bdac68e6 read=27146 ch=51 start_time=2020-02-10T19:15:59Z flow_cell_id=ACE547 protocol_group_id=barcode_test sample_id=barcodes_fish H+(3,11),h-(0,-1) w1 H+(3,11),h-(0,-1) w1_94.71843966154768	AACCTTTTTATCTCGTATTTGGTACTGAGCCGGCATGAGTCGGGCTGGCCTAGAAACTGCTCATTCGGGAGAGCAGGCTAAGTCAACCTGGTGCACTCCTTGGTGATGATCAGATTTATAATGTAATCGCTACAGCACGCTTTCGTAATGATTTTCTTTATAGTAATACACTAATTGGAAGCTGGCGGCGAAGCTAATTCCCTATTGATCGGTGCTCCAGAATATGGCTTTCTCGAATAAATGGCATAAGCTTCTGACTATTTTGTCTTCCTACTCCTTTTAGCATCATCTGGTGTAGAAGCCGGGCCGGGACAGGTTGAACTGTCACATCACTGGCTGGAAACCTCGCTCGTAACAGGGCATCTGTTGACCTCACTATTTTTCCTTCAAATCTGTGGGAATTCAAATCTTCTTGGGGCAGGTGAATTTTACCTGGTGTGCATGAGCCTCGAGGGCAAATCTCTGCAATATCAGGCTCCTCTTTGTTTCGGGCGGGAGTCCTAATTACAGCTGTGCTTCTATTATTATCTCTTCCGGTCTTGGCAGCCGGTATCACAATAGCAGCGGAGTCGTAATCTTGTACTTCTTTCTTTGATCCTGCTGGGAAGTGACCCCATTTATATCAGCATCTATTCTG	''&''((('*8+54**))+2439+71%#/.'-201%%'004&.-'''-0+./$%%#**,+3@)726'/+$%$)&&)*').),35-*--,//9-,*'3-3-..,68513-)/*%%$(#)+/)*(&+*-1)(-$'',)*1.$%(9944=;4:ADF62-''%(&&%*'$(*%+-&)&'*-('%&'&''%&*%%$$',)*&$7)8((*&(.'((*,8.'+&4$)#$,-(()$'((%&.12<=>09''441&'')))-*'0*+,*-.1-,:;;=(3%##)*+-/8:3154/:*,01646,''%&%-0,+(+)$%:71,,02D.++39>1,0$$--+$%(+-(#)('($237:-<3&&($$%&655337@B6=44%20.769452200'$&%'%%**'&&$'%4.%')+&%(+((%*'((*0?,##')32$$"###$$$&'*:+2(&+,//(3416-&,&$)%&&(1-**,22>8.(5+$$%%)(+11232.2-$&+&($**%9..5/)'(+(,.10+,/&"',&'$%',,--/5-=<7'+'%)''+%+$$-*)'160).##&'%%$$%&$''&&64359417'*%$$&'>6;=<888558))-+58:3/0%&'),&...*5;BB;6,&?6321-<958043A	94.71843966154768	0.15034256123073306
393	ffe04e40-4803-48df-b37a-ce38019a6549 runid=ed1de13037eb1bcfeefc20d46af38743bdac68e6 read=31813 ch=104 start_time=2020-02-10T19:21:10Z flow_cell_id=ACE547 protocol_group_id=barcode_test sample_id=barcodes_fish h-(1),h+(2) w1 h-(1),h+(2) w1_61.61618359594102	CAGAATAGATATTTAAATATAAAAAAATAGGTCACCTCTCCAGCAGGATCAAGAAAAATGTAAAATTTGCGATCAATTAAAAGTATTGTAATGCAGCTGCTGGGACTGGAAGAGATAATAATAGAAAGCACAGCTGTAGTGGACTGCTCAAACTTAAGAGGAGTTTGATATTGAGATTGCTGGAGGCTTTATAGTAATAATTGTGGTAATAAGGTGAGTACCCCAAGGTGGTGAAATTCCTGCAGATGAAGGAAAAATAGTGAGGTCAACAGATGACCAGCATGAGTTTCCAGCTAAAGAGGATAGACAGTTCAGCACATCAAACCAGCTACCAGATGATGCACTGAGGTAGGAAAGATGGGGGGAAAAGTCAGGAAGCTTATGTTATTCGAGGAAGAAGCTATATCTGGAGCACAGTCATTAGGAATTAGTCAGTTGCCGAAGCCTCAGGTAATAGTGGTATTATAAAGAAACTATGCGAAAGCGTGTGCTGTAACGATTACATTATAAGATTAATCATCGCAAAAAGTGCCAGGTTGACAGCTCTGCTCGAATGAGCAGGCTTGGGGACCTGTTCCGACTATGCCGGCTCCGGGCGCAAATACGAATGAGGTGCCGATA	@..-+&*&&%%%)'&%'%%&6?=0+)&$$(*/0,('(1(+4,(.10/2.;1'((<;*'$$)((%''*%((-2451-/1-/1.(++(*.,-&'$($$#&%#$$,&(../%..'&'-140/1-**(,3,'&%%%//1/12193)0:=/(,:3/*$$$=B(%1/070;02(&&$$-&(*,/)-00.$&+--..)%%(3-*&'&&)5.1263++51#%1%'%1%+))'),).1/'($&&$-(/$&%$%%2/22/+)$+D>;6712%$&1.<:-***2*,'%)+*21&&#').*+@5-97:3+*$0:,''()+,6,-3,'&%"%#'&%$%''%%*%#'&'432-2(%'(*-%&)-,43'1&-;98,('&$%**(*.@'(%14$$$%,''2'.500/0%6(+*($')0/3445/1(&)$#%$'46'*3%-(&&'((*,8+4+..-0'&-.43'9'()2+#)))3).51.0)0>B-&)($#$%&&$%%$#+*)/$$%#$%$%$%'',/)+003858.#$%)').+).&$%,3,'&-2%$&%('3%$$$&%1377.,+0-,+('%$#$&'$$)$'&%&%$%#'+12'#%03--A>:?>=%;$-)$$-/,0*),((6'',)'6)))-/,)	61.61618359594102	0.17750536447496873
13	d25da47a-3873-4dd5-82bb-f6d05089fcdc runid=ed1de13037eb1bcfeefc20d46af38743bdac68e6 read=67 ch=68 start_time=2020-02-10T15:33:35Z flow_cell_id=ACE547 protocol_group_id=barcode_test sample_id=barcodes_fish H-(3,10),h+(0,-1) w1 H-(3,10),h+(0,-1) w1_200.2524006913726	CCAGAACCAGATGCTGATATAAAATGGGATCACCTCCTCCAGCAGGATCAAAGAAAGAAGTATTAAGATTACGATCAGTTAAAAGTATTGTGATACCGGCTGCTGAGACTGGAAGAGATAATAATAGAAGCACAGCTGTAATTAGGACTGCTCAAACAAAAGGGGAGTTTGTGTGAGATTGGAGAGTTTTATGTTAATAATTGTGGTAATAAAATTAGTACTTGGGGTGATGAAATTACCAGATGAAGGGAGAAAAAATAGTGAGGAGTCAACAGATGCCCCAGCATGAGCGAGGTTTCAGCTAAAGGGGGATAGACAGTTCAACCTGTCCGGCTCAGCTTCTACACCAGATGATGCTAAAGGAGTAGGAAAGATGGGAAGAAGTCGGAGCTTATGTTATTTATTCGAAGCTATATCTGGAGCCTCATTAGGGGGTAGTCAGTTTATAAACCTCAATTATTAATTGGTATTACTATAAAGAAAATTATTACAGCGTGTGATTACATTATAAATTTGATCATCACCAAGAGTGCACCAGGTGAAGCAGCTCTCTGCTCGACAGGCAGGCTTAAGGGCTGTTCCGACTATGAAGCTCAGGCACCAAATACAGATAAAGTTGCCA	1$42-*%*58@C@:?>:987:87=//,,$%%%$')$''*A5/./<IB?DE>)/25)-//033((5%6==?46;0(<*8*,2?;,14013-7?7;:>@:733)),75E;=>H@37/,2:AMHEG-)))*0%+,.33/01391029;G>>@96=?=3)9B@*$2.1*052;5*%(.,()))*-=8B%)7555=@?D=?1.1-.@79703:79>@>D7D?.6)&(('(''2..,../+'+#%,37D==8)40'3%1DA<I6270675//#9:AA+79;<647..+56;::74+%&'(:)K0@8.))/8-/*00>&##$$)*1'/=:'973,(&((%$$.$'%&,..**)*6//A:;===B@@:-+%$)2+01&6%((')-=;B)8+2/>%/*4??>>@>00**++/1/1+*'$&670/2=64%'&#$$%)-.+-%+(&-,53/''*0##$&+%36),8457:569$$'/0>9??77797=HB(4.J@BC//0($$%*)$&'55<@15667832+2%9<;=;E40>%#$&$*$*:322,-/+'*,**#%/0-/1&%%3/,.%&$'*/..,+122-'-((%,,>9,,10%%%$$$)-9,<4<85659<44/)$$%?;=?(*%(.//.	200.2524006913726	0.09630956077550036
28	896483fd-8b54-4834-b0c2-76041108cc38 runid=ed1de13037eb1bcfeefc20d46af38743bdac68e6 read=16480 ch=58 start_time=2020-02-10T18:10:38Z flow_cell_id=ACE547 protocol_group_id=barcode_test sample_id=barcodes_fish H-(2,9),H+(1,8) w1 H-(2,9),H+(1,8) w1_188.71877488936445	AGAATAGATGCTACAGTAAAAATGGGGTCACCTCACTCCAGCAGGATCAAAGAAGAAGTATTGGAGTACGATCAGTTAAAAGTATTGTGATACCGGCTGCTAAGACTGGAAGAGATAATAATAAGCTTTACAGCTGTAAGTGGGACTGCTCAAACAAGAGGAGTTTGATATTGTAGTGAGAGATTGCTGGAGGTTTTTATGTTGTATTGTGTGTCAAAATTAATTGCCCCAGAATTGATGAGGAAATTCTGCCAGATGAAGGGAAAAATGGTGAGGTCAACAGTGCCCCAGCATGAGCGAGGTTTTCAGCTAAAGGAGGATAGACAGTTCAGCCTGTCGGCTCCGTTCTACCAGATGATGCTAAAAGGAGTAGGAAGATGGGGGAAGAGTCGAAGCTTATATTATTTATTCAGGGCTATATCTGGGCACCGATCATTGGGAATTAGTCGGTGCCAGAAAGCCTCAATTATTAGTGGTATTACTATAAAGAAAATTATTACGAAAGCGTGTGCTGTAACGATTACGTATAAATTGATCATCACCAGGAGTGCACCAGGTTGACTTAGCTCTGCTCGAATGAGCAGGCTTAGGGCTGTTCCGACTATGCCGCTCAGGCACCAAATACGAGATAAAGGGTG	,*%)%..4*(&0-++54-:8:8..+.1/:212,;'&0-;:2663F;4CEE-$'((-,&&&$($&&'-&13($;)0)+0@;/5:98;585342,**))*,+126720/2/'*)(.5;<534-))%&#''%(389<<979%,6%.8<<@DE9;*.'8;1(08(-1,B7;2++)++'%%%,2'39368@AFD<<2-44542*)'$%,.**0*'&&%%$+-.1031,%-/<<=/0%'''0/+$$$$%9@,?@B86/00/?9;:BA(%,-C@@@B7;6((2.B>///'&1/++&/',-('(&((%)68>>-+$.369>&,)#3;<677-%%)+/885<<8-'2*//0%1$"%(&$&<9><<=:676<>H-%+2&7597027'<,,.8A=26%(-/,'*(*,,,$%%%(%%'3./35$%(&',+))6<8-(2/0;>:.;9113.+3%%$&(477&(85(-&&33$+-+%70((*%$'$'0$$-$#%)$"%+9C6%%2AA:D<5;1,,,*%/-,:22=;A5<CA?D99:%$$32./(&'(%':BA@A((8+(0'.70++,9,2=B971898,4AF=?,%1>66:01/.**0(#$',-*2<9:H?;@:53872210+10227222193,?99,,+/567>+))0:,	188.71877488936445	0.10244480231955808
146	919b17e6-7c02-42b3-b0dc-467a44da688b runid=ed1de13037eb1bcfeefc20d46af38743bdac68e6 read=27389 ch=110 start_time=2020-02-10T19:36:31Z flow_cell_id=ACE547 protocol_group_id=barcode_test sample_id=barcodes_fish H+(3,11),h-(0,-1) w1 H+(3,11),h-(0,-1) w1_143.33589333709793	GCACCCTTTACCTCGTATTTGGTGCCTGAGCCGTATGGTGGAACATATGAAATCTTCTCATCGGCAGAATTCGTCAGCCCGGCGCACTTCTCGGTGATGATCAATTTATAACGTGATCGTCACAGCACACGCTTTCGTAATAATTTTCTTTATAGTAATGCCATAATAATCAGGGTTTGGAAACGACATCATAATAATCAGCGCCCTGATATAGCCTTTCCCCGCATAAATAACGCAGGCTTCTGACTTCTCCCCCCATCCTTCCTTCTTCTTTTAGCTTCCTCCGGGAGTAGAAGCTGGGGCCGGAACGGGATGAACAGTTTACCCCCTTTGCGAGGTAATCCTCGCCCGTACCCGAGGCACTCCGTTGATCTCACTATCTTCTCCTTCACATTTTAGCAGGGGATCTCATCAATTCTTGGAGCAATTAATTTATCACTACCATCATTAATATGAAACCACCCGCAATCTCACGGTACCAAACACCACTCTTTGTCAGGCAGTTCTCATTACAGCCATGCCTGTGTCTCTCTCCCCGTTTTGGCTGCTGGAATTATGCTGGCATTGAAACCTCAGCACTTCGTTTTGAAGCCTGCCGGAGGGACCAATCCTGTACCAACACTTGTTCT	,()20(,0.*67.;55++-1),<6;8661.67+/2*+2/2)0/+'%&#$'-*974,;:<($5'&+,#&$&(/()30)10*(3019?KFIE6B%7==7571/5*'#)$((-+)&,/.5;-);*++-0/*+,*#$3477872./0*3:=?BEE0)).)//-,*+&)88691-=%)1'.310*'/+'(,,114%&3+))&&9&8,,>??.5'%$%)04638<<;=/(&'+1//:=<'&%''(#$'$$'0:;912CHC?52/&&/-74/;?>@8<881&%+.=;142%:%11"-01))%'&/,**%%'%)')$$556569200:/35)(((('#)1(#$$')'&*#$/,'(//-&+(-/%)&(,.%-71>1796+&2)1'-356<@>*(.0&+)%&&/4/*'%#$&.**877*50+;0.,4(*-$*&$(,4/54438?133+*)(.0:BH@GGD;55/10*%01+110/798=>,8%$$*0($',,&(*34*',2-.,.),$)*)*1+/155.'*%#'*15**'%&&&&'13*4)<;2;54/9:,*'+2867;8>3-+/%,*'+$$$%##$&*),,+96&/-$$0&2.20+'&$%(*+.(%'--'*0$/25:..;46601++&'&(176>;=-	143.33589333709793	0.12129297069171403
237	b58cc38f-bda3-4e29-8af8-8df7bce08e58 runid=ed1de13037eb1bcfeefc20d46af38743bdac68e6 read=13891 ch=45 start_time=2020-02-10T17:32:15Z flow_cell_id=ACE547 protocol_group_id=barcode_test sample_id=barcodes_fish H-(2,8),h+(3,-1) w1 H-(2,8),h+(3,-1) w1_123.84289540273991	AGAATAGGTGTTGGTAGAGATGAGGTCACCCCTCCAGCAGGGTCAAAGAAAGGTTGTGTTTAGGTTGCGGTCTATTGAGTAACATTGTAATGCCAGCGGCTAAAGCAGGAAGGAAAGGAGAAGAAAGAACAGCGGTAGTAAATACAGCTCAAACAAATAGTGGGTTTGAGTACCGTAGTGACTGTAAGCTTCATGTTGATGATGGTAGTAATGAAGTTGATTGCCTAAGTGAAATTCCGGCAAGGTGGAGAGAGAGAAAGAATTGTAGAGTCTACGGATGCCCAGCGTGGTATGGGATTTCCAACTAATGGGGGGGTATACGGTTCACCTGTTCACCCGGCTTTAACACCTGAAGAGGCCAGAGAAGCAGAAAGGATGGGATAAGTCAGCTCATATTATTTATTGAGAAGAGAAATCATATCGAGGGGCCCCAATTATCAATGGGATAAGTCGAATTTCCAAATATCCAATCATAATTGGTATTACATAAGAAGATTATCCTGAGAGGCGTGTGCGGTGACGATTACATTATAAATTTGGTCGTCTCCAGGAGAGCCAGGTTGACTAGCTCTGCGAATGAGCAGACTTAGGCCCGTCCCACTAATCACGCTCAGGCACCAAATACGAGAGATAGAG	53,4676*><44+32('$69440:1.<.-,*(&'72.2200+'677''''$/:I7>@3(>9*/'/)*++9:99)*,($(*/-//..&%$$&'()&&#%.)*11-$''//%)*),43**0'+3,('',(&((.$$43.)-(%$+,--%&'+(*&/926892=4''#*)$&&+#$$$'(&*%$01*/+')24573))$$&'&*-''15-+*,+'(,%858805:--'-0*&8/+/B>B%',48;,08G@1+-1'%'(&)+''+'),54#%$75>7('2;7%%2''()-+3(+*()++0&*45*1*$&'02%%,&**++1,**&&+=.3212(-7(*$##"%&$$&%,$$1::**)+'(&99977/)-+)'+,1/0&G6--(*$%'&-/4&$/2<><B?>-,-)&$&'*,&&%%$%'&#'+/.++((233-2..-80039<A@5''18<8:6&10$)$/07&644'$$$$29439311(():-C?<<4.76;)),),/5@=((,&&($'$'-/65-9-,-136794HI3589178;682::63/&212-%4'-+(('&'$$%)8&)'))10=?C<;928@***400020--%'+))$%00;-%$%%$%(%$)8+6.1*)*)0624.-(($$/0.(()&%	123.84289540273991	0.13242537999628792
262	3bb706bc-d380-4cb7-bbc2-789d2b85d0f7 runid=ed1de13037eb1bcfeefc20d46af38743bdac68e6 read=31779 ch=7 start_time=2020-02-10T20:24:51Z flow_cell_id=ACE547 protocol_group_id=barcode_test sample_id=barcodes_fish H+(2,9),h-(2,-1) w1 H+(2,9),h-(2,-1) w1_117.31937866960254	GCACCATCTCGTATTGGTGCCTGAGCGGCATAGTCGGAACAGCCTAAGCCTGCTCATTCGGCGAGCTGAGTCATCTGGTGCACTCCTTGGTGATGATCAAATTTATAATGTAATCGTTACCTTTGCTCGCGTAATTTTTCAACATAGTAATATACTAATAATTGGAAGCTTCGACAGCATTAATTCCCTAATGATCGGTGCTCAGATATAGCTTTCCCTCGAATAAATAACATATTCTGACTTCTTCCCCCCATCTTTCCCTGTCCTTTTAGCATCATCTGGTGTAAGTTGGGTAGGACAGGTTGTCACTGTCCTATCCTTTAGCTGGAAACCTCGCTCATGCTGGCTCCTGTTGACCTCACTATTTCTACTTCATCTGGCAAGAATTTCATCAATTCTTGGAGCAATTAATTTTATTACAATTATTAACATAAAACCTCCAGCAATCTCACAATATCAGCTCCCCTCTTTGTTTGAGCAGTCCTAATTACTAGCTGTGGCACTATTATTATCTCTTCCAGTCTTGTATACAGTATCACAATACTTTTAACTGATCATGTCTTAATACTTCTTTCTTCTTTGATCCACCTTTCAGGGAGAGAGGTGAGCCCCCATTTTATATCAGCATCTATT	&$$&%%-3*4()'$&-1;3//**$0,)502.//-4)2+,$$374.))#%%%$&).()4:',%&%('&$+*5;1/;3%1C)3%%4)-)+3'+536861B9.)-3-1<D<9526.,4+4>1'(&'%##+%$"%)-*/2..*%##%(.3*++###$)78:2++()++/%%,220/(())####$22&3$1$)4'-,1-3$.;++'0&&''&$())<?;36-*).05365124/-*))#$&&)),,,()/$(,.(%)9:?F>8;5)'))08;975)3<3646<=74:*&'&#$'&./,&).0++/(0$(%$))'+'',)(&/(+,*),-.-)+2&''*7+-4600/%&((*+'/+*,%*.))*832.&+4/-#$&/202;>:3*$)$&((&.0.06=>A;@;==&+$))*/)2669>:30,-+25014/36416:696.&557(7',-;6:<,7%)))/-/++$:9<<;'/AFE53(6&*($'(1&&:*=468%$"$$%-$+$$"#"$$+9/13:;=9;@>*712+(-/).&##%'+9)/.'&+)**248650-/1//10'&%,/$%+++*&&*%%**)*-,.10(8..2'%$#$&#&',)-*$)''')$#*.**'%&%(//530)0&&10-;,698	117.31937866960254	0.1506302494462949
322	e535c3fc-79cd-445b-bcfd-b8db2d36e8e2 runid=ed1de13037eb1bcfeefc20d46af38743bdac68e6 read=31186 ch=17 start_time=2020-02-10T20:16:23Z flow_cell_id=ACE547 protocol_group_id=barcode_test sample_id=barcodes_fish H+(1,11),H-(3,11) w1 H+(1,11),H-(3,11) w1_101.617363578696	GCACCTTTATCTCGTATTTGGTGCCTGAGCCGGCATAGTCGGAACCTTAAGTCTTCTCATCGAGATAGAACTAAGTCAGCCCGGCGCACTTCTCGGTGATGATCAATTTATAACGTGATCGTCACAGCACGCGCTTTCGTAATAGTATAACTTTATAGTAATGCCGCTAATAATCGGTTTGAAACGACTTATCATAATAATCGGCGCCCCTGATATGGCCTTTCCCCGCGCAAATAACTTGAGCTTCTGACCTCTATCCTTCATTCTTCTTCCAACTTTCTCCGGGAGTAGAAGCTGGGGCCGGAACCAGGATGAACAGTTTACCCCCTTTGTGGTAGTCGCCCGTACCAGGGCCACTCCGTTGATCTCACTATCTTCTCGCTTCATTTGGCAGGATATGTCATTCTCTTGGAGCAGTAATTTTATCACTACCATCATTAATACTGAAACCACCGCAATCTCCACAGAGCAAACACCACCCTTTGTCTGAGCAGTTCTCATTGCATTAAATACTGCTATTGCTCTCTCCCCCGTTTTAGCTGCTGGAATTATGCCTACAACAGCCGAAACCTCAACACTTGTTTTTTGACCTGCCGGAGGGGCCAATCCTGTACCAACGCGTTCTGGTTCT	.++.+#(+);<1<+3+,/247<91.$%&(%'%541**+%3(4.5*(%$&&%,,+/+-/(-7)&%$#&%&'$&'*%,-&/<;516,,-/:<A>0?)877=876:=*(%)(+0<7337<;=8-1-)'',00.*&$%*.4+)45445%2%$%$"&'&*))4682'&$$$(&%%()..('-1?3',*&&&*222+%8$*-++-+/9(.$$522&01+((((...-11..,('&'(34/07,##$$#%$%+%#(*)*()$%&&/&)%').))-&&&#%%$$%'($')6%41#1-$$**18:6**'%$&$$*%*)?CB<:7*%%-&((&&&&&#%&$%$$(''%-+)***%%%&'$2+&#&*+9+0*?<;=9810()868<9C;98'+//39;;.*''')0'#$$#'&%','$'')'(&%-.)10+0853)-;/-'*/158=0:<,)%%""%(74-.&)))*0)885)*&&&&($0243977.*889*-3647./)*+/406=)1%#&$%&&'()%#%(-'#$*+02*.?560*D<5&129,+(11:*689:$(#(&&%%#*$#)%'&&--(26:640:7$*)&&(%''((('201.2350./(4+&$$#(467=952,.24)&&&)(/2&+?GC7<	101.617363578696	0.1638375985842832
371	0491f0aa-a5b7-40d5-b17d-f26e87323863 runid=ed1de13037eb1bcfeefc20d46af38743bdac68e6 read=26422 ch=51 start_time=2020-02-10T19:09:42Z flow_cell_id=ACE547 protocol_group_id=barcode_test sample_id=barcodes_fish h-(3),h+(2) w1 h-(3),h+(2) w1_84.95099044817144	TCAAAACACATGCTGGAGACTGCTGGATCACCGCCACCGGCGACACTCAAGAGCTGGTACCGAAGTGGATATCCATCAACATCGTGGTCGCAGCCGGCCAGCTCGGCATCACCGCAATCAGCAGAACGCGGTGTTGATCAGCAGTCCACGAACAGCGGCATCTTCATCAGTAGCTGTGCCGGGCGCACGGAGTTGAGGATGGTGGCGACTGCGTTGATCCGCTGCCAGTCGAACTGATGCCCATCAGGTGAATCGCGAAGATGAAGAACGTCACGCTTTTCCGGCGCATAGGTCGTGGAGAAGCGGCGCGTAGAGGTCAAAAGCCGAAATTCGGCCACCGCCTGGCGTGAACAGGTCGATACCAACAACAGATGCCGCCGGCAACAGCTGAAACTGAAGTTATTCATGTGTGGCAGGAGGTATGTCGGGCGCCGATCATTAGGGATCATCAGTTGGCCAGGCCGACAAATGCCGGCATCCGCATAAAACACCATGATCAGGCCGTGCGCGGTGGCGTTCATCTGGTTGAAGAACGCGGGTTCCTGAATTCACCAAGCCCGGTTGAACAACTCAAGCGCGAAGATCATAAAAGCAGCGAAGGGCCGCCCAGCAAGAACATGGTGAAGGATGACCGCAGATACATCGTCTCGATATCC	00&/,-*-))((&*,,&&$"$*/0170*,$&'%(*%&,$*&)#$$##%''$%&773+,+22,+(+2/975633740A3$9/,1%#&+)'$$'(+-$'$%%$##'$$%/7;575%(3228,&**3&*+,&.**'&'8*%9+&$$$&&%')*(,/00+).+/67>;=11,$%&&$$&%.*/*/35))'&%$0$4##*,45301./&)#%$*+%&*/44/,,;$"%####$23.,..,-(&)..*22:2.-+/00+9,+)%$&1/27,(*2103:+()*3543+(+4154/++,98<762*),$#,-.647561+*'&((,%''%'3-,+/$23+-02/$*).40%%0./0,'%)(*7;<3()*+0.&14$,,&%#"$)+/0'-+-&+,--/**1,*(+)+%&74+.2()($&#%+*+*)&&'$)(*,-%'(('''(#07%%(%%+;<<@'%7'+$(#%&&$')**+0--+'''11-169&&(%&##$&$&-/54''&%%4%*')(-78-(#&$*'5),*.%)-0/1*A6331,2-)+)$(2':'9,-2$749)'*)%'.0#%'7&*&),,$%$&%&++/-*+'%-*4$"(++'%&&(45,++*%0-'&'%+(,1*0544:89511)'%.&##,56.7:<<::9855++'(.1744447	84.95099044817144	0.16285009391165564
389	8e8d09b7-b233-4afd-8dfb-645244c834fd runid=ed1de13037eb1bcfeefc20d46af38743bdac68e6 read=17468 ch=122 start_time=2020-02-10T19:27:11Z flow_cell_id=ACE547 protocol_group_id=barcode_test sample_id=barcodes_fish h+(1),h-(2) w1 h+(1),h-(2) w1_71.68156262581613	ATTGGCACCCATCTCGTATTTGGTGCGCAGGACGGCGCCAGTCGTTCAGCCCTAATATATACTCATTCAGGCAGAGAGCTAGAATCAACCTGGTACACTCCTTAGGTGATGATCGAAATTTATAATGTAATCGTTACAGCACCTGTTTCGTAATAATTTCTTTATAATAATACCACTAGTGGGGCTTCGGCAGCGAGCAAGTTCCCCTATTGATCAGTTGCTCTAGATACCAAAGCACCCTCAGATAAATAACATAAGCTTCTGACTTCTTCCCCATCTTTCTCTCCTTTTGCATCATCTGGTGTGAAGCCAGGTAGGACAGGTGAACTGTCTATCGCTGGCTGGAAACCTCATCAAATGCTCAGAGATCTATTGACCTCACTGTTTTTCCTTCATCTTGGCAGGAATTTCATCATCAATTCTTGGGCAATTAATTTTATTACCACAGTATTAACATAGTATCAGCAATCTCCACAATATCAAACTCCCCTCTTTGTTTGAGCAGTCCTAATTACAGCTGTGCTTCTATTATTATCTCTTCAGTCTTAGCCGGTATCATGCGCAACTGATCGTAATCATAATACTTCATTCTTTGATCCTGCTGGAGGTGACCCCATTTTACCTCTAATCTATT	+,/,)(((('',4/6))&%&$'',)+'''*($'%&$###&').&##%+&,+)+('%%$%$%+-=///3#$%%&&'%&+,+-,-,';0'''$%))(.,+;.-))%%%(%%-*044$'5,69(0./$)%.4336.02&,*,.-&%#"&)&*)/0-'/(56;<=9-*))$%&'',3520,(&<3%&*'''$%&&'$$%#$#'%(&239-%+%#$('*;)0'*67)1"%%'%%%(('&$""%)*(5-,65;:5//)(&%(&,22(1(.(%%97=9035++7==?*/'01-313.)'&,1(,-40002'#$$%%$&%'%$'/742581336>?7--1-'$%%'++,))&,$)$/.,($#&%'##$$%#$'$%+,74%-/,)('&4'%*%.22220,',)%%*%&*/*.6%>=&A83*$#%$##&)=-8.'+($)&&(%$1733)$'&+(()*%/&&(*'%$%%$'$%,&.070:97+,$24781,1#+)591<8$26LJA93?4*(('(344;1'#')'(*&*,+,&33400$$&$$'0/,&123$&+21(0),%$$5B4.+*-($#&&$$)+*,5%#-,,.%*1*&&/,/17?:136,+.36-23,+.*#&,331>;E:8==41.*+(&%$%(((''+	71.68156262581613	0.18720917983864163
