17	ac9c07a2-14b8-4916-a9d6-66db7faab041 runid=ed1de13037eb1bcfeefc20d46af38743bdac68e6 read=15956 ch=106 start_time=2020-02-10T17:46:31Z flow_cell_id=ACE547 protocol_group_id=barcode_test sample_id=barcodes_fish H+(2,8),H-(1,8) h1 H+(2,8),H-(1,8) h1_201.8571995401312	GCACCCTTTATCTCGTATTTGGTGCCTGGGCCAGCATAGTCGGAACAGCCTTAAGCCTGCTCATTCAGTGAAGCCCCGTCAACCTGGTGCACTTCACAAGTGATGATCAAATTTATAATGTGATTGTCACAGCACACACGCTTTCATGTGGTATAGCTGTATACCACTAATAATTGGAAGCTGAAGCAGCTCATTCCTCTAATGATTGGTGCCTAGTGTAACTTTCCCTCGAATAAACAACATAAGTTTTCTGACTGCCTCCATCTTTTTCTACTTCTTTTAGCATCATCTGGAGTAAGCTGGAGCTGGCACAAGTTGAACTGTTTATCCCCTTTAGCTGGAAACACTCGCTCATGCTGGGCATCTGTTGACCTCACTATTTTTTCTCTTCATCTAGCGGAATTTCATCAATTCTTGGAGCAATTGAATTTTATTACCACAATTATTAATATAAAACCTCCTGCAATTTCACAATATCAAACACCCTTTTGTTTGAGCAGTCCCTGATGCAGCTGTTAACTGCTATTATCTCTTCGTCTTAGCCATGGTATCCTGTACTTTTAACTTGATCCTTAACCTCAATACTTCTTTCTTTGATCCTGCTGGAGGAGGTGACCCCATTTTGCATCAACATTTATTTC	110139266/57-218--/,01>3<=--(.**'28657999&6'+**-**$*--%()*(4=;6949&&##$%',*(((,17+46/%'7/-1,,)'$$'%-366///35532485<=HECCND?IJ0*7'(''%$%#"$##$'-64,+))*%*&'(#"$$(,++:<;4)=;;C88;=716/2/0+$'))//376?E-.4/$30250025-;-387**3+,,&%(//1370=95:771%$1+...0,-,2320+0(%)##&(*66::B@774870>@0278%$)$1:<?6571-/&479/*.,(,'*34.(&%*.)')+%%1$&+196.()1.*-0)&789=>58-+*',%%;<;**-95;35./743&0#6,(%&*$$*(-5;=>86/7BGD88BC,:2+3)/(><:;;>-'','+$08.,87&&)$2$9=?A:<>4.-578238=>@<::<9MIB61//(411,,,)=7-159874084;76<98D'56'-%'#%%...,):67/&'$#(-2561'*($&3%*-%),+4;2.,+%+7633))**#$&386##%%%+%+-/-,-(#$%&'$$%$%0/...67034A>60+8=;36*3312447429>?@0-),-,),,,'.-83,&169:+'04287)*-86	201.8571995401312	0.10884734347755161
0	bea8fd6d-e3f7-4d1e-9e44-eb6d181eec2e runid=ed1de13037eb1bcfeefc20d46af38743bdac68e6 read=18026 ch=125 start_time=2020-02-10T18:06:25Z flow_cell_id=ACE547 protocol_group_id=barcode_test sample_id=barcodes_fish H+(3,8),H-(3,11) h1 H+(3,8),H-(3,11) h1_259.0408008092333	GCACCACTTTATCTCGTATTGTTGGTGCCTGAGCCAGCATCAGTCGGAACAGCCTTAAGCCTGCTTTCGGTCGAGCAGGCTAAGTCAGCCTGGTGCACTTCTGGTGATGATCAGAATTTATAATGTGATTGTCACAGCACGCTTTTCGTAATAATTTTCTTTATAGTAATACCACTAATAATTGGAGGCTTCGGAGAAACGGCTCATTCCTCTAATGATTGGTGCCCAGATATGGCTTTCCCTCGAATAAACAACATAGTTTCTGACTTCTTCCTCCATCTTTTCTGCTTCTTTTAGCATCATCTGGAGTAGAAGCTGGAGCAGCTGGGTTGAACTGTTTATCCCCTTTTAAACCTCCAACTCATGCTGGGGCATCTGTTGACCTCACTATTTTTTCTCTTCATCAGCCGGAATTTCATCCAATTCTTGGAGCAATTAATTTTATTACCACAATTATTAATATAAAACCTCCTGCAATTTCACAATATCAAACACCCTTTTGTTTGAGCGGTCCTAATTACGGCTGTGCTTCTGCTATTTCTCTTCCGTCTTGTAGCCGCCGTATCACAATACTTTTAACTGATCGTAACCTCAATACTTCTTTCTTTGATCCTGCTGGAGGAGGTGACCCCATTTTATATCAACATTTATTC	0/00,$#$)'49?9=//-((%1+06;487././*)$%$%$"%$)$,>40''79677.'&%&&&#%-,*)&),-),-.1*53:2-,;64B@.+4<347012761-387662,::,A67;<600-&&'98<>938%-,)$%,-,/2.3855@912**+');D:8*))?=LA==64/-'+,'-&&)-'#--//47,%##*)(*,&13534<05.@666773472/3)''&)*/)($%*')131293+2,9BGB/6;*-004'>D:768555>=C>:;6/;:88>?;;95)$&*25742.+6:<><;EE8>*02.&)(*AED8'-$$(&&&.+:*,,48?54:3+..132(75+.1.000$,$$5<A?=:76%/*;8303-'&(+7>>37158;ADEED5=A@H:?:5*%'#$%'+*<?;46$$;-8,><?@9:/14<4355/7;>@6?@38G?>?557-+,.-.17:70+;==034BBCH>NA-.;>;;:99;7..1102'497.'+'&'%*-7((/5/**-&%%345-4&&')$#')(('(&*)2;>5;24222%'.:@@:<5(1/18-03-&%#''(-32338>;F;AF8<=.<,9CCHQ=A=?FEDD57:++/5;@E>5(2,$)'+%$%%%%&'+&&24633/$479CD55.,	259.0408008092333	0.08874423563017508
306	69640eea-ab90-4ff1-9584-4e4e77eeb63b runid=ed1de13037eb1bcfeefc20d46af38743bdac68e6 read=58711 ch=25 start_time=2020-02-11T00:12:21Z flow_cell_id=ACE547 protocol_group_id=barcode_test sample_id=barcodes_fish h-(1),h+(1) h1 h-(1),h+(1) h1_91.5508815408567	GAATAAATGTTGATGCGAGGTCACCTCTCAGCAGGATCAAAGAAAAGTATTGAGATTTGATCAGTTAAAAATGATATGATACCGGCGGCTAAGACGGGAAGAGATAATAGCAGAAGCTGGCTGTAGTAGGACTGCTCAAACAAAAGAGAGATGTTTGATATTGGCAGTGAGAAATTACAAGGAGGTTTTATATTAATAATTAGTGGTAATAAATTAATTGCTCAAATTGATGAAATTCCATTCAGATCAGAAAGAGAAAAATAGTAGAGGTCAACAGATGTAGCATGACGAGGTTTCCAGCTAAAGAGGATAAACAGTTCAACCTGCGCCAGCTCAACTATACTCAGATGATGCTAAAGAGGCAGAAAAAGATGGAGAGGAAAGAAGTCGAAATATGTTGTTATTCGAGGAAGAGAAATACATATCTGGGGCACCAATCATTGGAGGATGAGTCAGTTTCGAAACATCAATTATTAGTGGGTATTACTATAAAGAAAGAATTATTGCAGAAGCGTGTGCTGTGACAATCACATTATAATTTAGTCATCACCTAAAAGTGCCAGGTTGAACAAGCTCTGCTCGAATGTGAGGCAGGCAAAGGCTATTCGGCTATCCAGCTCGACACCAAATGCAGAGATAGAGGTGCCGAAA	5.219:2+*;*/.&%"$$&/55(5637,1+/./3>95;>>+(+09'%&&#&%%%#$(.&(/<))-.-8-'%%%$&$$(-+,+')'&&+)&++/2)'+'-1*'3+()&$,&((#$$&&'(/./)&%%&*-..&&#,,1-%))8;0&%$)#(#'&(*.3600121-#%$$%*&&$#"$$'-'-756.7>65<==020+%%%(*%''$/:>::<+77;<447<?*44''*-1+*)+2757$2(%&$%$()$$$,+('&$*6C:($$,6.(+&/*3($%')%'%%(**,%%$%''&'&>2%/-53'6<',%->7348,00749B=.341*%$'-+7-013%'*%#-,-:).('-(*&())-&&%$')+-//4%$1@>A<?6+((-6&-)()%5$$)'%/2382+33/656+)7*&)*$$''%$$%990*,--%/43312?9BA()*%'%*'*))&50<1<15)3%(+%'%%$%('*)$'/-1('*1/241888464%)'/'&6.02)),%''&)'&)**)559;567.6:0,1,+,+,'$'%$%#$&7,;;>67740&&%.2''))+(+%)&%)1+*<;@@79+/*,2,+#&&%,))+#$)/)%$#'&)),%%%&%&&%&+;12)$%'(//(%##&'&-9,((%#*%3*+,%)-0	91.5508815408567	0.16853409827425453
67	6143c7e8-3426-4250-8c23-3fa225608d4d runid=ed1de13037eb1bcfeefc20d46af38743bdac68e6 read=31808 ch=94 start_time=2020-02-10T20:10:42Z flow_cell_id=ACE547 protocol_group_id=barcode_test sample_id=barcodes_fish h+(2),h-(0) h1 h+(2),h-(0) h1_167.88759530625086	AGCACCTTTATCTCGTATTTGGTGCCTGAGCCGGCATAATCCGGAACAGCCTTAAGCCTGCTCATTCAGGCAGAGCTAAGTCAACCTGGTGCACTTCTAGGTGATGATCAAATTTGTAATGTGGTGTCACAGCACACACTTTCGTAATAATTTTCTCTATAGTAATACCACTAATAATTGGGCTTCAGAGACGGCTCATTCCTCTAATGATTGAGCCCCAGATGTGGCTTTCCCTCAGAATAAACAACACATAAGTTTCTGACTTCTTCCTCCATCTTTCTGCTTTAGCATCATCTGGAGTAGAAGCTGGAGCTGCACAGAGTTGAACTGTTTATCCCCTTTAGCTGGAAGCCTCAACCATGCTAGAGGCATCTGGCCAACCTCACTATTTTTCTCTTCATCTAGCCGGAATTTCATCAATTCTTGGAGCAATTAATTCTATTACCACAATTATTAATATAAAACCTCTCACCAATTTCACAATATCAAACACCCTTTTTGTTTGAGCAGTCTAATTACAGCTGTGCTTCTGCTATTATCTCTTCCGTCTTAATACGCCAGTATCACAATGCAACTGATCGTAACCTCAATGCTTGTGCTTTCTTTGATCCTGGAGGAGTGACCCCATTTATATCAGCATTTATTCTG	,(((*($())23+4.71/4:/?C:??:;82//'*,+'(+'')5:.6583;8774/#..+-0+3./04%%'((+#-215(&03-+8::38A:;C<<+/+#%87/+--,-98)+,-//2*(/*&'%3//6##$+*.*)'$#-3326;JC>?<DC@:8:B>0.0(25(-.68381/.*,&&)+*322/''(($##$%$%&)/5+1,1&('')%$(&######$'&&%#%$$$)4-4.'-(&+1573)01+74%37<87;J6+%,$''+&+,#.)3=7411><7*.'((-9AB=:>4:@=<='.61))(,*+,/%.)((&5770$3%()))+-,1<7.%%0')&,('*'(&''($&&(*&%&15<953$'#12555:9.+***)0215,&-.>?:<;9A3D/3/-<4/))**0,/&9=;;;=62->025*+(%/44355;64<5256186.-.,-0)025.5:8JF9-$$$"$*&&))2)>+6*35862/671&&())',5:=@;4=3,%0/0/*2&(%&'(,/4=;4=0../''&%**()*:;31;3.+(47.2&#%$%(,.,7C.*6'')($#$'$(+**/:),./*&1;</%$$%&"&$#'437>>832,,.-*221'%(,0496:34EHC30-+(%&$%&*2./.,#%	167.88759530625086	0.12877024371424212
149	dbc58516-0f66-4bb5-80e3-77eb813aa82a runid=ed1de13037eb1bcfeefc20d46af38743bdac68e6 read=33956 ch=69 start_time=2020-02-10T20:33:15Z flow_cell_id=ACE547 protocol_group_id=barcode_test sample_id=barcodes_fish h-(1),h+(3) h1 h-(1),h+(3) h1_135.5573235032072	AGAATCAGAATAAATGTTGATATAAAATGGGGTCACCTCCTCCGAAGGATCAAGAAAGAAGTATTGAGGTTACGATCAGTTGAATGTTGTGATGCCAGCGGGCTAAGACAGGAAGAGATATGCAGAAGCACAGCAGTTTAGGACTGCTCAAACAAAAAGAGAGTGTTTGTGTGTGAGAGTAAGGAGGTTTATATTAATAATTGTGGTAATACAAAATTAATTGCTCAGGGCAGTGAAATTCAGCTAGATGAAGAGAAAAAGAATAGTGAAGGTCAACAGATGCCCCCAGCATGAGCAGGTTTCCAGCTAAGGGGATAAACAGTTCAACCTGTGCCAAACTCGAAACTTCTCAGATGATGCTAAAGAAGCGAAAGATGGAGAGGGAAGAAGTCAAGAGAGCTTTGTTGTTTATTCGAGGAAAGCCATATCTGGGGCACCAATCAGTGAATGAGTCAGTTCAGAAGCCTCAATTATTAGTGGTATTACTATAGAGAAAATTATTAGAAAGCGTGTGCTGAAACAATCACATTATAAATTTGATCCATCACCTAGAAGTGCATCAGGTTGAGCTTAGCTTCTGCTCGAATGAGCGAACGAACTGTTCCGACTATGCCAAAGCTCAGGCACCAAATACGAGATAAAGGGTGCCA	'&0)'67(33*+-=60>:E:373787743)&),/**+,+.-%3%&%)74.80+(/+'%(%$%%#%+++/<1/-1.2<459:&'%%%#%)))(%#$$##"%-$(%+0-+''27+0()785/#"&'$(&#&&'($$$&$'&*-674159=<?78888+)&'%'$+/-%($($$5/../*(+/*&/45(38?<64511:300++.0098:>867'1>6--/+&'+.:':14&)12153*/8A+0$,.5-,9.//0*31.-2)'$&/))-3+)&.78=4%34731/,('(#2=>>99)'$$'%2@>*>?:7210&/)4-474+,-3/1;4'+&(&%$$%&&$+)+$%%#$%+-,A56B@BCA@1258&(,*)$%%6$A?@A85,$3%#-+&'(00<8(*+()'7787(.(,7@4%%'0*)1+&*%(.0-377>=896,(($%'(*,%%+%$;)))02=*7**+%"'&$%%%*&%%&%$'-,B<5C@>>:344./*-*-)--&./-.'#..+%-2326,&%%&'$34)&4.../0434.2)5544%%;31?.--+''))(('&3342(.A,.-(110%%##')('&-4%#%#$#)%&$$$$%'*+'%*')'&-*0*%#$'&##'-1,93/01778.**3445?>A@+(+,:.-&0	135.5573235032072	0.13877391907102143
166	206d0f18-a2ec-4f68-9ef6-e4a98909e28a runid=ed1de13037eb1bcfeefc20d46af38743bdac68e6 read=3632 ch=124 start_time=2020-02-10T16:03:18Z flow_cell_id=ACE547 protocol_group_id=barcode_test sample_id=barcodes_fish H-(1,10),h+(2,-1) h1 H-(1,10),h+(2,-1) h1_131.88158713807252	AAATAAATATTGATATAAAATAGGTCACCTCACTCCAGCAGGATCAAAAGAAAAAGTATTGAGGGCACGATCAGTTGAAAGTATTGTGATACGCCGGCGGCTAAGACGAGGAAAGATAATAGCAGAAGCATAGCTGTAATTAGGACTACTCAAACAAAAGAGGTGTTTGATATTGTGAAATTACAGGAGTTTTATATTAATAATTGTGGTAATAAAGTGGTACTCCAGAATTGATGGGAAATTCCCGTAGATGAAGAAAAATAGTAGGAGTCCTTAGATTAACTAGTATGAGCGAGTTTCCAGCTAAAGGGGATAAACAGTTCAACCTGTGCCAGCTCAGCTCTACCCCAGATGATGCTAAAAAGAGCAGAAAAGATGGAGAAATCAGAAACTTATGTTGTTTATTCGAGGAAGAAGCCATATCTGGGGCATATCATTAGAGGAATGAGTCAGTTTCCGAAGCCTCAATTATTAGTGGTATTACTATAAAAAATTATTACAGCGTGTTATGTGACAATCACATTATAGATTTGATCATCACCTAGAAGTGCGCCAGGTTGACTTAGCTCTGCTCGAATGAGCAGGCAAAACTATTCCGACTATGCCAGCTCAGGCACCAAATACCAGATAAAGGGTGCCAGC	6598?;*%%')*780,/891,,.3150*,*1%%/%8+,++/353==<+%(52+'%*2313712-%&%'+)+2$+$%%'*%'0001..+,))#$%),3&&>@=D<==&&$+&,1%)79?:33-+0&'&%'((-13656?,,/18:(%..>49/*,?EF3,%&-0<.-7,?827;=23.0'('*%')*'%0&984,+-/11'$$$$'62.,7:1..'&%+''7#&&%7=-.546,*&&%$/997401/(<@:=++*',-.<474425#'.)5**+*-%$%%&$##&%%$)&&&&$%%5%C1(=7$**<@++'+D:49:),-5.16<.:<:1.&440)#$&&$$$%&()-'$4;700*-%#%381'%%#*17*242(7?::;8,3+%+*'''*;555(((5)<CE@3343&)4'&*%*(&,*)$&-40&&/+(%$'3968:,(,1.%9((*)(9$4$@<*8**7.43+9;7;<7020'0'),+.0*'1/2:63)1-24102&%&(783-&)%&')<;>A4/90.0),428$7@B>;<BA736)2+442548?3&''),)4D0B42112*C;+0+'35('.&#$*..*'$'+*)*)&&)')(101.$#'(%'&&)*'100/5=>0,,(+$#+-/0)$*%:/()1*+	131.88158713807252	0.13032756671012583
274	2d896d3e-3306-4da0-86d9-f9ce6f2c8b1c runid=ed1de13037eb1bcfeefc20d46af38743bdac68e6 read=60828 ch=95 start_time=2020-02-11T00:39:07Z flow_cell_id=ACE547 protocol_group_id=barcode_test sample_id=barcodes_fish H-(2,11),h+(3,-1) h1 H-(2,11),h+(3,-1) h1_101.06794574501724	AGAATAAATATTGATATAAAAATGGGATCACCTCCTCGGCAGAAGGATCAGAAAAGGAGTATTGATTTTGATCAGTTAAAAATATTGTGATACCGCAGCTAAGACGAGGAAGAGATAATAACCCAGAAGCACAGCTGTAATTAGGACACTCAAACAAAACGGGGTGTTTGATATTTATGAAATTGCAGGAGGAGTTTTATATTAATAATTGCGTGGCAAATTAATTGCTCAGAATTGATGAAATTGGCTAGATGAAGAGAAAAGAATAGTGAGGTCAACAGATGCCCCATGAGCGAGGTTTCCAGCTAGGGGATAAACAGTTCAGCCTGTGCCAGCTCAGCTTCTCTCCAGATGGTGCTAAAGAAGCAGAAAGATGGAGGAAAGTGAGAAACTTATGTTGTTTATTCGAGGAAGAAAGCCATGTCTGGGCACCAATCATTGAAGAATGAGTCAGTTTCAAACTCAATTATTAGTGGTATTACTATAAAAGAAAGTATTGCAGCGTGTGCTGTGACAATCACAGTATAAATTTTGATCATCACTAGAAGTGCCAGATTGACCAGCTCTGCTCGAATGAGCGAGGCAAACTATTCCGACTATGCCAGCTCAGGCGCAATACGAGATAAAAAGTGCCG	(-+88:.&$$$'-;3/,9?965--%*#)*++,.8<'6$---,))/48))($)(&$%%&'.1000$$($#122>2147.410,,,.264$%&&%%%"$&%'/(-0&&%(%&.1')559688(%*$**,(#',.1',+*+&&#$&,-+%*10,/3-:CE.%$#%(.:1&A+%$'$$)"%%%10-%-%$%.010*#)%41))'))*2256.-/'-/1$%'22>3<:96=9;)A:(5,,.89886-''*%&+(%&8333384$(94'$&5--*+$$)52A4)377,.()&&&(//,.+((04:>:&860-+,$)*%%$%&$$'/0*620@?=43$*/'1?+<4()),'#"%&/$%1++-;<:>BE/%'%,,--4>3,>=>51/1,3((+-/%),**,-488<85,@<,D8940.4$'&(%&0984,)'3'%&&%$#$$$18/57&&+'/5,,2.*5(/(-',%'%*&/+++-+*,)+,'(-,025<=?>BDB*,40%#/&$$#%&%./8598//58<:9A1-,*&($3.,1/(.0+')((8/;@;<0:(*&%4&$%$)#$+%$#'+&-0<>,(/9**8(((3''%%%''&%%'&*06:,$$,/&&$$&+/36,38%%(,+'(%&%*;5>@:+)6=A;A1	101.06794574501724	0.1446723744291802
35	3830d2fc-58ab-4918-adc7-21b83233363f runid=ed1de13037eb1bcfeefc20d46af38743bdac68e6 read=36352 ch=43 start_time=2020-02-10T21:03:06Z flow_cell_id=ACE547 protocol_group_id=barcode_test sample_id=barcodes_fish H+(3,10),h-(2,-1) h1 H+(3,10),h-(2,-1) h1_184.81525370907744	GCGCAGCACATCTCGTATTTGGTGTATGAGCCGGCATAGTCGGAACAGCCTTAAAGCCTGCTCATTCGAGCAGAGCTTCAAAGTCCAACCTGTAGTGCGCCTGGTGATGATCAAATTTATAATGTGATTGTCACAGCACACTGTAATAATTTTCTTTAGCAGTAATACCACTAATAATTGGAAGCTGAGCGGCTCATTCCTCCTAATGATTAATTTTGAATGTAGCTTTCCTCGAATAAACAACATAAGTTTCTGACTTCTTCCTCCATCTTTTCTGCTTCTTTTAGCATCATCTGGAGTAGAGCTGGAGCTGGCACAGGTTGAACTGTTTGTCCCCTTTGGCTGAAACCTCGCTCATGCTGGGAGGCATCTGTTGACTATCACTTTATTTTTCTCTTCATCTAACCGGAATTTCATCAATTCTTGGAGCAATTAATTTTATTACCACAATTGGTGTATAAAACCTCTGCAGTTTCACAATATCAAACACCCTTTTGTTTGAGCGGTCTAATTACAGCTAATGCTTCTGCTATTATCTCTTCCCGTCTTAGCCGCCGGTATCACAATACTTTAACTGATCGTAACCTCAATGTATTTTCTTTGATCCTGCTGGTGACCCATTTATATCAACATTTATTCTGATT	1$$'&%&'$066-75;123/*19)%$"$$+/2-'*/13,'7*;,/,,0/(&'838(==<62<:*2)4'$3012)72260*(&%%%;6-363(#&.:1('&%&%*.1.,++585'$(6(768?@:8*),0335'')(+))(('+675+75<>@?><:,%%)/'*+,((>?<955404013,((&&&,&$$$&-<?A=D@371&552'/*+.1*'*-+*''6''&$+%%''.')-*,62;;6?C.-201$52:*:46.668786$'&024<BB@7379.8858:B8815=<>B>:;44&*451%%&146708862($$$%/,6-2+/22'493%&&*%##%#(4384./-114;7@=D@?2-3/1,'%$$,,01,)++%%$$%-$"%)&'(:AEBA?=@9*,(5).%*'''(&24C;629&6&A@FG=<$*-0<1A=?9B@=//1-64/34114$$1$%(&..63(&&)*+))&*/+'$'--0-)3*(-,7=<I&7262+-*.//&&2.-),'&)$$%$$%$#%###%)***,*0899=<9@G6<868:,.1'(()=51>J611',01**DJKC:/+..,(9(02/-/.>3'$#'$*00..440342243922/)./-443,3525.89B=-01&A=46;?9;:=@	184.81525370907744	0.11544686215883732
51	d8f94caa-cd7f-4fd9-8f37-22dc716da8f1 runid=ed1de13037eb1bcfeefc20d46af38743bdac68e6 read=39271 ch=122 start_time=2020-02-10T22:38:02Z flow_cell_id=ACE547 protocol_group_id=barcode_test sample_id=barcodes_fish H+(0,8),h-(3,-1) h1 H+(0,8),h-(3,-1) h1_176.71347469725768	GCACCCTTTATACGTATTTGGTGCCTGAGCCGGCATGATCGGAACAGCCTTAAGCCTGCTCATTCGAGCGGAAAGCAAGTCAACCTGTACTTCTAGGTGATGATCAAATTTACCAATGCGATTGTCACAGCACACGGCACTAAATAATAATTTCTTTATAGACTGGCCGCACTAATAGTGGGCTTCAGGAAACTGACTCATTCCCCTAATGATTGGTGCCCCAGATAGCTTTCCCTCGAATAAACAACATAGTTTCTGACTTCTTCCTCCATCTTTTCTGCTTCTTTTAGCATCATCTGGAGTAAAGCTGGGCTGGCACAGGTTGAACTGTTTATCCCTTTGGCTGGAAACCTCGCTCATGCTGGGGCATCTGTTGACCTCACTATTTTCTCTTCATCTAGCCGGAATTTCATCAATTCTTGGGCAATTAATTTATTACCACAATTATTATTATAAAACCTCATGCCAAATTTCACAATATCAAACACCCTTTTTTGTTTGAGCGGTCCCTAATTACCAGCTGGCTCTTTGTATCTCTTCCGTCTTAGCCGCGCCGGTATCCTGTGCGCAACTGATCGTAACCTCAATACTTCTTTCTTTGATCCTGCTGGAGGTATTGTTTATATCAACATTTATTCA	%%%**+#&&&$$,01++-=/13,*'()*)($%#&&%%%,.,%,,+,9;:66$*'6663>>>;++8&$*$$2$))$&+((6;6*=>8($#%(3($$,121-+/2.36&&')&)%+)&$%$*79;<58**++*)#%&(##$%,./%%+().--0+.-.+0.1'#*(%%$$"##$()(()$4&',+,.*&10'.5556.3/728<7?9,.5626346159,100-(+$#+#&7:96873<.31340149)*+)+,1468961+,''+4-/)%(27?@A=5=?69:?:0A788;=87C;99//0'5;C:7.<=9()$&*-)((*29E9;9?AA99AA6/064$/6(-&&&%+,&8:78)),-(&(')+49466668*6'35674=741+%.60.3342782A2%.)/'*&&'/:<48<4;3;866.%0/1324,),8;*,-277****$,++.)#&%*29948:&7$$$"$%$"(+42**,-240'6655<215'2,..1/7=73,$))0''4%(+.+/($&%))($##,&%,0#.54;51->5313456%&%&)'*36+5:3%%'##%'%''/*+/.,*,%%',-/.:6/00-.50/3<=EH<,:447+<?B>762*1)))$*208;/-60&8<=CD8?43%	176.71347469725768	0.12601302425312313
200	d0c3051b-3459-4b36-8656-43485d03af4e runid=ed1de13037eb1bcfeefc20d46af38743bdac68e6 read=49921 ch=122 start_time=2020-02-11T00:14:02Z flow_cell_id=ACE547 protocol_group_id=barcode_test sample_id=barcodes_fish h-(0),h+(3) h1 h-(0),h+(3) h1_123.80908528191358	AATCCAGAATAAATGTTGATATAAAATGGGGTCACCTCTCCTTGAGGATCAAGAAAAGTATTGAGTTACGATCAGTTAAAAGTATTGTGATACCGGCGGCTGAACGGGAAGAATATCAGCAAACTGGCGCCAGCCAATTAGGACTGCTCAAACAAAAGGGGTGTTTGATGTTATTGAAATTGCAGGAGGTTTATATTGTAGGTGTGAAGTAATAAAATTAATTGCTCCAAATTGGTAGAAATTCGGCTAGATGAGAGAAAAATGGTAGGGTCAGCAGATGCCCAGCACGCGGAGCAGGGGTTTCTGGCTAAAGAGATAAACAGTTCAGCCTGTGCCAGCTCAGCTTCTACTCAGATGATGCTAAAGCCTTGAGAAAAAGATGGAGGAGAAGAGTAAACTTATGTTGTTTATTCGAGGAAAGCCATGTCTGGGGCACCAATCATTAGAGGAATGAGTCAGTTCCGAAGCCTCAATTATTAGTGGTATTACTATAAAAGAAAAGAGTGAGCGTGTGCTGTGACAATCACATTATAAATTTGATCATCACCTAAAAAGTGCACCAGGTTGAAGCTTAAGCTCTGCTCAGGCAAAACGGACCAAGAACTGTTGACTATGCCGGGCTCAGGCACCAAATACAAAGATAAAGGGTGCCAATATCT	86'':'&(0-?DF<==;BA>E?EE4/%%++&,,/8:.0'(($%)$*0.,9:7(87<19@8232*/%&/23)$=),*,/<7*,6::<:<=9440*,3$$320-)$$%1505.$0)%##%'+,&$&''(%##$'*').&&(%,.*55$$18:6'>BB.&-1,247:DC66++4*&%&'-,*(+*--?A8@48>;:1212%"%$%3%-/)(),,)(-'&(+,,%%')%(*03)%,-')*$#(2+?46,39:?=833)%,$)4464))21+'&67?/*..1(-+&%#%)%%"%&*&%'*+0:'2:A2+*$*)(+.$/"+)'))&((+57A9+97422')*$&8./'(%&%$%&#+357569;=BD5>4(&%$$%$)$5=83$2::<9,7)6&48'%%)&),(()8;;1%1$73$/.20+6.$'$'BC:0/.=5+-2.2302?::C3451*'4,/7&&%)%=(8(,(<(())20+8./,0646,(+)&+1((*.-215;2%''46&%&#($&%/1<::;8:1.$&$-3080-.),4578;&88112:69A;85'')$-.+2'&(**',.?*(&&###$&$$$02.+33@)*)&65+&''(##%*(%%$$').&%20)33182-$$+'/,2,%%%0.0.(($%'$)7665%.),+%138,/2599	123.80908528191358	0.13654198606159507
254	f0b8b140-c5d9-4c49-8163-bf8bad8afd7c runid=ed1de13037eb1bcfeefc20d46af38743bdac68e6 read=17467 ch=31 start_time=2020-02-10T18:02:26Z flow_cell_id=ACE547 protocol_group_id=barcode_test sample_id=barcodes_fish H-(3,11),h+(1,-1) h1 H-(3,11),h+(1,-1) h1_107.88550004752109	AGAATAAATGTTGATATAAAAATGGGGTCACCTCCTCCAGCAGGATCAAGAAAAAAGTATTGAGGTTACGATCAGTTAAATGTTATTGATACCGGCAGCCTAAGACAGGAAGAGATAATAGCAGAAGCACCAGCTGTAGTGGGACTGCTCAAACAAAAGTGTTTGATGTTAATGAAATTACTGAGAGGTTTTATATTAATAATTGTAGTAATAAAATTAGTGCTCCAGAATTGATGAAATTCCGGCTAGATGAAGAGAGAAAAAATAGTGGGGTCAGCAGATGCCCCAGCATGAGCAAGGTTTCCAGCTAAAGGGGATCGAAACAGTTCAGCATGCCGGCTCCAGCTTCTACTCAGATGATGCTAAAAGAGGCAGAAAAGATGGAGAAGAAGTCGAAACTTATGTTGTTTATTCGAGGAGAAGAAAGCCATATCTGGGCACCAATCGTTGAAGAGAATGGAGTCAGTTTCAAGAAGCCTCAATTATTAGTGGTATTACTATAAAAAGTATTGAAAGCGTGTGTGTGACAATCATTATAAATTTGATCATCACCTAGAAGCGCACCAGGACGACTCAGCTCTGCTCGAATGAGCAGGCGCGAACTGTTCCGACTATGCCGAGCTCAGGCACCAAATACGAGATAAAGGTGCCACG	4,/*())(&'&)-8/;:@>42)((&(*&6-./-&*)-;55236=*%=<00;C>&$*&4566,'(1>3878-&($(&+&,*&$&/%$&2,'')($&$%&%$&%.()&&-6+;2022,,'#$$#$$%$$##"$%)-.())(1)254,%%%(773*,-.-'-62)*)+)++4&%%%),*%%('%$$".,*,3420...,.,*)*%$%)+'78>4352&(&(&%*%%))54%23589858)/433(.(25:<==3334(-+,+()C;6(%%)4'''-(<6&*/('-,777,2*,+,+)%()%('$3,(4,:>?@<$/2;7-%##%&$%'.6992'&%$&''$32/&++%')/+%#%,72510201+&,-2.'%%$*-.+86*$75:=.4')6.6/344#(+&))*8560/;4EA<E570.6-+,,%&*-(%''(220:3/(&%$#%',01&$'//7'%)(+&&&%$$1$8%'1:+)$%),//-8+)),//400:/1-+)+&1485897(%(@113&+'&-30,01'$($*',7646)),/,3.+68;8305//93-**&%'%(+++++-&,)%#&$%$%&&.078370:%$'#$#,''1%$$##$%%&$&4.4+5356-,+*%'$4(7-/,*+-0+(3,,.255:9<<'',2$##$#)	107.88550004752109	0.15507144776152323
135	3357521c-9d7e-419d-aba5-3f92ed7fad1c runid=ed1de13037eb1bcfeefc20d46af38743bdac68e6 read=12599 ch=40 start_time=2020-02-10T17:16:30Z flow_cell_id=ACE547 protocol_group_id=barcode_test sample_id=barcodes_fish H+(0,7),h-(3,-1) h1 H+(0,7),h-(3,-1) h1_140.04369645433093	CTGCTTATCTCATGTTGGTGCCTGAGCCGTAGCATAGTCAGGGTGACCTTAAGCCTACTCGGCTGAAACAGAGCTAAGTCAACCTGGTGCACTTCTAGGTGATAGTCAAATTTATAATGTGATTGTCACAGCGCCTTCATGTAATTTCTTATAGTAATACCACTAATAATTGAAAGCCTGACGGCTCATTCCTCTAATGATTGGTGCCCCAGATATATTTCCCTCAGATAAACAACATAAGTTCTGACAGCACACTCCATCTTTCTCCAACTATTTGGCATCATCTGGAGTAGAAGCTGGAGCTGGCACAGGTTGAACTGTTTTATCCCCCTTTGGCACATTTGCTCATGCTGGGGCATCTGTTGACCTCACTATTTTTCTCTTCATCTAGCCAAAGAATTTCATCAATTCTTGGAGCAGGTAATTTTATTACCACAATTATTAATATAAAACCTCCTACAATTTCTAATATCAAACACCCCCTTTTTGTTTGAGCAGTCCTAATTACTGGCTGTGCTTCTGCAATATCTCTTCCCGTCTTAGCCATAGGTATCACATTAACTTTTTAACTGATCGTAACCTCAATAACTGCTCTTTGATCCTGCTGGAGGGTGACCCCATTTTATATCAGCATTTATTCT	.2-$%12;92>+++536/,,-/,../3'%#$%&*4597:'0&)*,'%&%,+)%%&%#&-.($*)('&#(+)&5956,(56%#/'/*.7-)*)7<;438;>;,%%%+:42.,1/4016,,-;3<>;7:**+)*,121//%%$&&$$%&'%&'',%,9633213,%(1,4+,,'#%$$"##&%*.(69>59;#((7,,*&'%'9(6;%--,$&&%$%$#)+73:&*)%%'$&)&,/*.-/1'(),(%)%$$"$#%%&0=CDCEJI33$#%'$&,$&-&$--0=?2&&&&+$12+%'&%,-/3(32,)66323-(3&23651+)70&/..9.-'$.2)(%$$$#%+%.:;4/(/0/7=AB64?@;?=@76//4-44;FGFC4132?B)0-:<-&$%''%$/%89771141<0?>=;,(*&,+%%,030;=:4+.5/-,-...1-')-373157?/517)-'#$%'#+/,$'%0./*44$%,11440(;>@A29@<;7:9:A''A02++-,%%&+$&,((((2//&&%$/2<=59C(*.16@EB?&0/0($$)09/*7+*+#%$$%.0124:75:9/,,&)/,214=5'((#%+#")'-*$'*--0.*$('/19,.384771*,/1.-0&*'<1%414>?667.-	140.04369645433093	0.13699478479719038
218	139292a2-84e0-4611-9a7d-1bed190c97f4 runid=ed1de13037eb1bcfeefc20d46af38743bdac68e6 read=55932 ch=81 start_time=2020-02-10T23:39:33Z flow_cell_id=ACE547 protocol_group_id=barcode_test sample_id=barcodes_fish h+(2),h-(0) h1 h+(2),h-(0) h1_117.21039540291443	CCATCTCGTATTTGGTGCGCGCGAGCCGGCATAGTCGGAGACAGCCCTTAAGCGCACTTTCATTCCGGCAGAGCTAAGAATCAACCTGGTGCACTTCTGGGTGATGATCAAATTTATAATGTGATTGTCACAGCACGCTTTCGTAATAATTTTCTTTATAGTAATACCGCACTAATAATTGGAAGCTGGAAACGACTCATTCTCAGTAGTTGGTGTACCAGATGTAGCTTTCCTCAGAATAAACAACATAAGTTTCCCCGACTTCTTCCCTCCATCTTTTCTGCTTCTTTTAGCATCATCTGGAGTGAAGCTGGAGCTAGCTGGGTTGAACTGTTATCACCTTTAGCTGGAAACCTCAGCTCATGCTGGGGCATCTGTGACCTCACTATTTTTCTCTTCATCTAGCCGGAATTTCATCAGTGCCAGATACATTATTTTATTACCACACGAAATTATTAATATAGGCCTCCTGCACCAATTCTGCAATATCAAACACCCTTTTTGTTTGAGCAGTCCTGATACAGCTGTGTTCTGCCTCATCTCTTCCGTGTAGCCGCCGGTATCACAATACTTTTAACTGATCGTAACCTCAATACTTCTTTCTTTTGAGTCCTGCTGGAGGTATTATTTATATCAACATTTATTCTGA	&&%/4+*')'(+337?6$)(&#$#),.%*',+.-,8%'$&&'*(2-,%(&&($#&#%%,-0(-8(6*-,-./2512(%&%*<5)1/'..-0./78+4(.(07++4.5.A@=?=D>,;=87.&31033/>))*)%%#&'''&6001'%-/0858;=>:)%&%)+'(-33+)++).146,-9',&&%$&&)&'%%%&)*5(-+.'/'$#%-%'#%-$$"#%%&%$##%##'/4+**3($$/342389(/.4;96;@9,/*&&%+-,,/:4643%(28@?>3.&)(&/25=:971562.3-0,**+$)-'&'%#('*$$%$%%$%#)3?1%)),/)74$%5'()()',,(<4.+-.+'((%%+,+(%(/3$*.35+'.#$(0/+((976;((B@B>845>;4,-51($&&'&(..2;;96)+$6'%$%&$##%&%*&$61-,&()('$$*%&0,.1<--/932,')&%*-5-./+#$%,)$'(&#$()$-.+572'&(..-$'....$&)))0112--1-'%'&)+*&)&(%#')'-0/25=>FDAI?86)&&.0&/0,-&$&8)17256,))//1+/20.,-+*)%'0/784950--00,&%'98::74'&%%%*)5;@.4#)+'%$&&,2>:8@?;8-119?:;B5;5<=	117.21039540291443	0.16175315349051578
83	b6553093-29bc-442e-b5d4-43d17691551d runid=ed1de13037eb1bcfeefc20d46af38743bdac68e6 read=65823 ch=121 start_time=2020-02-11T01:57:47Z flow_cell_id=ACE547 protocol_group_id=barcode_test sample_id=barcodes_fish h+(0),h-(2) h1 h+(0),h-(2) h1_161.05614820322293	GGATATTGCTTTTACTATCTCGTATTTGGTGCCTGAGCCGGCATAGTCAGGAACAGCCTTAACCTGCTCATTCGAGCAGAGCTAAGTCAACCTGGTGCACTTCTAGGTGTTGATCAAATTTATAATGTGATTGTCACCTTTTACGCTCGTAATAATTTTCTTTATAGTATACCACTAATAATTAGGCTTCGGAAACAGCTCATTCCTCAATGATTGGTGCCCCAGATATATTTCTGAATAAACAACATAAGTTTCCTGACTTCTTCCCTCCATCTTTTCTGCTTCTTTTAGCATCATCTGGAGTAGAAGCTGGAGCCTTTTAGTTGAACTATTTATCCCCCTTTGTGGAAACCTCGCTCATGGGGCATCTGTTGACTCCACTATTTTTCTCTTCATCTGTGGAGATTTCGTATCTGAATTCTTGGAGCAATTAATTTTATTACCACAATTATTAATAAAACCTCCTACCAACTTTACACAATATCAGCACCCTTTTGTTTTGAGCAGTCCTAATTACAGCTGTGCTTTATAACTCTTGTATCTCTTCCCGTCTTAGCGCCGGTATCACAATACTTTTAACTGATCGTAACCTCAATACTTCTTTCTTTGATCCTGCTGGAGGAGTGGCCCCATTTATATCAACGTTTATTCTGATT	-=.*)%&$##$$$#"%(773<$$#%;513B=@C94)22)32.-,/-)6%16()()44411''2331-76+30/0,)((-$/0/221479--0-)'?7*1=@15,&*)+&*,42081:ACF,1))(+%&77:<2-<-./-..)'$#$-((7@ADF@AJK?BKL;3--+/*'(+,-+&51+,(*-#'*..,'%'%&$$$&;=>@DD9>4*'.%)399')5+---&,,65,(((*,2$,,86=6):>2>;9B86275&*+0+%%.&01,.'*.356::>2/-+**05333(&%--1/573@@@:&14-$&%+5460%+'%%'('#'#&%$$$.$$-2*35:<2,"&$$%'()008:601,2?22&(/677;A>):'*%+&&7.:96@@CD6:;=KE?<;80/+++0$(12++%%),.#&(&0,2::/4&$'(+(,'''6665565++##%%&)4135,66798456/40"#$###),-,,/37492+/#$#$''($+)(0/1/,-.-00<''+:1'*-)''&$(''%"$%-&%&$%,#$%$*-9621+;=?;444-1.((&+.+8<1-3''($**.25469/).))37.02256.:7369..36444755000**,,:886+$/'#*,&%%%%$',0.**--42*&&$&%,./;&&%)/	161.05614820322293	0.13089082779931427
116	fed36aa9-f4f0-400f-8bb5-f41981eec297 runid=ed1de13037eb1bcfeefc20d46af38743bdac68e6 read=17687 ch=66 start_time=2020-02-10T17:54:19Z flow_cell_id=ACE547 protocol_group_id=barcode_test sample_id=barcodes_fish H+(1,5),h-(0,-1) h1 H+(1,5),h-(0,-1) h1_146.30694354079205	GCACCCGCTATCTCGTATTTGGTGCTGGGCCGGCATAGTCGGAACAGCCTTAAGCCTGCTCATTCGAGCGAGAGCTAGATCAACCTGGTGCACTTCTGGTGATTATCAAATTTATAAATATGATTGTCACCTTTTTCTTTCAATAATAATTTTCTTTATAGTAATACCACTAATAATTGGAGGCTTGGAAACTGACTCATTCCTCTGATTGGTGCCCCAGATATAGCTTTCCTCAGATAAACAACATAAGTTTCTGACTTCTTCATCCATCTTCTCTTCTTTTAGCATCATCTGGATAAGCTGAGCTGGCACAGGTGAACTGTTATCCCCTTTAGCTGGAAACCTCGCTCATGCTCAGAATACAGTGACCTCACTATTTTTCTCTTCATCTGGCCAGATTTCATCAATTCTTGGAGCAATTAATTTATTACCACAATTATTAATATAAAACCTCCTGCAGTTCACAATATCAAACACCCCTTTTGTTTGAGCAGTCCCAGTACAGCTGTGTATAGTATCTTCCCGTCTTAGCCGCCGGTATCACAATACTTTTAACTGATCGTAACCTCAATACTTCTTTTCTTTGATCCTGTACTGGGTGACCCCATTTTATATCAACATTTATTCTGGTT	-'')*('#))>C=D;=65746'7&**,$-.-,-)(&).480943,,0,*))&)%>>6/;>0,1*8*&0%%$#%./3-$$6=8.7:8206--.6;/6.(1?A:AE72:;<:4;4)/+'%&&&*1-5*$5))+)*)((##%+%/'#319;=@D<;:>HD-()*0/&&(*,(,1-(%%$$'.)',1000'%&)&+(+'*/037;*.*)$%&'*$$73993%/1)(%"$$$(.-'*+7$$0144%/1%+-*,&/&2)/&--(((&''%&)*24674.+,'(879?:5)...,)$%$$&$$$$#*-0''%34.44312.-3383,0,&))79:=:'303/112//0/)++0-6<851)$($#($'###$$%&%(('**&..036:??9/'7862<1%(&('&$#'<70*>9;86?:;32,----$43/145()*,)(+032035127634278;-/.0355-(($(+%#&()**%$&*'*+-/-'$.-,-670.*$$$0$$/#$#&&%(&',%+#&%#'$--/.04,2,266--%221-,.$8>75>244.*)')**'&%%/)129+341%'&:<46+%@B>??;;>EKD1/7847/$#68'%&(%$$$$#&'56766:8;;(37:?A7>594;<C;	146.30694354079205	0.14192004613643297
183	efcaa583-2054-47ac-98e1-2b0659780189 runid=ed1de13037eb1bcfeefc20d46af38743bdac68e6 read=5020 ch=108 start_time=2020-02-10T16:10:38Z flow_cell_id=ACE547 protocol_group_id=barcode_test sample_id=barcodes_fish h-(3),h+(2) h1 h-(3),h+(2) h1_128.15154929785515	AAAAATCAGAATAAATGTTGATATAAATGAGGTCACCTCCTCCAGCTAGGATCAAAGAAAAATATTGAGGTTACGATCAGTTAAAAATATTGTGATACCGGCAGCTAGACAGGAAGAGATAATAGCTTAGAAACACAGCTGTATTGGGCTACTCCAGAAGCAAAGGGGTGTTTTGATATTGTGAAATTGCAGGAGGTTTTATATTAATAATTGTAGTAATAAAATTAATTGCTCAAAATTGATGAAATTCCGGCTAGATGAAGAGAAAAATAGTGAGGTCAACAGGATGCCCCAGCATGAGCAGGGTTTCCAGCTAAAGAGGGATAAACAGTTCAGCCTGTGCAGCTCAGCTTCTACTCAGATGATGCTAAAAGAAGCAGAAAAGATGGAGGAAGAGTCAAAGAAACTTATGTTGTTTATTCGAGGAAAGCCATATCTGGGACTCAATGTTAGAGATAGGTCTGAAGCCTCAATTATTAGTGGTATTACTATAAAAAGAAAAATTATTACAGCGTGTGCTGTGACAATCATTATAAATTTGATCATCACTAGAAGTGCACCAGAGTTGACTCAGCTCTGTCGAATGAGCAGGCTTAAGAGCTGTTCCGACTATGCCGGCTCAGGCACCAAATACAGATAAAGGGTGCCAA	.;?A70@4+2@@HB?71%2%-898::C87&6/,2*,,)-1,%/($#$$',1.==2)-,7,(&)*)*55%(9&'&--'>'1&(*.%(%--.0*0&(-/0/-,+-/7()87570=-6*.>>9;(%&'$$$'&*'$+)))$(*%$&#%$($$$'$-,75*1-&:CA'*&)(212;3$=<898;1522*%$%$#$1,&749@C?-%%+,0,****,4-%,,/'&22/9@FB84;;8'><.),#*)'%*;<&86)4-30311:*)),+5%3??<2///.'/+*.<4'**-$(($$$##)+*...0)'''//,;;'7/0(+73%-%.>8:766.4;DB-*%"%$&&0*-/0%'/(&(*.)&&$*2%*#%-.11.3293%*%$*0012:5+)E:;>6=3-6)-).-('%&//,./0==?22=?F0=A87%&%'&)&)67982/0)')'$##&&%%)4(+&(%$##%,-/*&,3(34(4&)$*5695'@34=434+%%*58=<&$,&$$*(),'%%*,+(;=<4,/''%%2001'79388+&*&&+-$&'+/*((%$%2,/,68+''(.3*#5$&'&'(#$*)+3,&&2-.;55.2//.39983-)$+0/'95/1+<;8<1122.4>4@(*(%%##9>60*(((;;==+(*0?965;7	128.15154929785515	0.13338916891637612
234	95104c14-9dc3-41a2-87d2-60e0162cd4f2 runid=ed1de13037eb1bcfeefc20d46af38743bdac68e6 read=31937 ch=61 start_time=2020-02-10T20:17:49Z flow_cell_id=ACE547 protocol_group_id=barcode_test sample_id=barcodes_fish h-(1),h+(2) h1 h-(1),h+(2) h1_114.37100943701718	ATAAATGTTGATATAAAATGAGGTCACCTCCTCAGCGAGATCGAAAGAAGTGTGAGGTTACGATCAGTTAAAAGTATTGTAATGCGGCAGCTAAGGCAGGAAGAAGATAATAGCAGAAGCACAGCTGTAGTAGGACCTCCAAACAAAGAAGTGTTGATATTGTATGAAAGTACAGGAGGTTTATAGTAATAATTGTGGTAATAAAATTAATTGCTCAGGATTGTTGAGAATTCCGGCTAGATGAGAAAAAATAGTAGAGTCAGCAGATTCTTATTGCATGAGCAAGGGTTTCCAGCTAAGGATAAACAGTTCAGCTATTGCCAGCTCCAGCTTCTACCTCCGAATGATGCTAAAAAAGCAGAAAGATGAGGAGAGAAGTCAGAAACATATTTGTTTATTCGAGAAAGAGAAGCCATATCTGGGGCGCAATCATTAGGGCAGTCCAGTTTCAGAAACCTCAATTATTAGTAAGTATACTATAAAGAAAATTATTGAAAGCGTGTGCTGTAACAATCACATTATAAATTTGATCATCACTAAATTACCAGGTCGACTTAGCTCTGTGGGGCGAGCGAGCTTGAAACTATTCCGACTATGCCGGCTCAGGCACCAAATGCAGACAAAAGGGTGCCGATGTCC	3-:>B9987FCD=:C;'8,,)-30</())&)%.+%"$$%1+3#*))$%%)4(31)(&4((+/+,3'.,/0//*&-//21-%&)&#$'$$(%&-,)&$$--)*'-,./01/08'01.1.&.+*,/8:68(%7&-*/($(':5*-6@8)'**+?+,,39675942+*5<..'5&(*2(()'>D@.))+=EB==238+2/1<E7332+)25251799.6/$##),0924'/5424&2.57>>?;222-22BA?2++,,&&$3/4&$%)%%%'$%%$$&%$&('(&(,&%*3474+6.$##%%-5589<+2485/;6$&"%&'*(+'/9:2;1(%).)$%&')%6)*455.++116;/-*'$%&''(%'##$#&%$#&$(('*.*'-*-*,%$%4391816=38.(/%+($%&))(<<055287%-,-'(-/'-7)),&2&&&#'&&629?@-2('''$#$$.*&%(.+-,'*'$%#%)&2473@=*'072'%+*)+$,'%,33@7=334/,&%%(53:*%%%&;>GB??B:;76<79:.*%(*&'4$(--,(%"''+*$.,643,)&$'''#%&%$$$(&&&%%&')*)+.*&$''-2))41/7>.8&)'$$$4438$$%%&0#4>0&%'$'&/00-/0//-	114.37100943701718	0.16003553022886133
100	a2521fd1-9f58-44ec-8389-aafb333a13fd runid=ed1de13037eb1bcfeefc20d46af38743bdac68e6 read=21962 ch=68 start_time=2020-02-10T18:55:00Z flow_cell_id=ACE547 protocol_group_id=barcode_test sample_id=barcodes_fish H+(1,10),H-(0,9) h1 H+(1,10),H-(0,9) h1_150.6371695748884	GCTGCTATCTCGTATTTTGGTGCCTGAGCCAGCATAGTCTGAACAGCCTTAAGCCTGCTCATTCGAGCAGACTAAGTCCAACCTGGTGCACTTCTGGGTGATGATCAAATTTATAATGTGATTGTCACCTTTACGCTTTCATAGTAATTTTTCTTTATAGTATGCCACTAATGGTGGAGGCTTCGAAACTGACTCATTCCCTCTAATGATTGGTGCCCCAGATGTGGCTTTCCTCGAATAAACAACATAAGTTTCTGACTTCTTCCTCCATCTTTTCTGCTTCTTTTGGCATCTAAATACGGTAGAAGCTGGGCTAGCTGAGTTGTTCTTTGCTCCTTTAGCTGGAAACCTCATCATGCTGAGGCATCTGTTGACCTCACTATTTTTTTCTCTTCATCTGGCAGATTTCCTCCAATTCTTGGAGCAATTAATTTTATTACAATTAATATAAAACCTCCTGTAATTCCACAATATCAAACACCCTTTTGCATTTGAGCAGTCCTATTACAGCTGTGCTTCTGCTATTATCTTCCCCGTCTTAGCCGCCAGTATCACAATACTTTTAACTGATCAGTAACCTCAATACTTCTTCTTTGATCACTGCTGGAGAAGAGTGACCCATTTATATCAACATTTTATTC	,)(%%();?7:/1*),;)4:=277.$#++*,,+0384/.&,'1--396=:62&/)),34C8;0<43)$$%$01//*%%A75;=8,,6-.6((<<0'&36+*---,??583;935>8=69/.690,5($%$%&$)''390/$$%$*-14:=><?CC-,).-/0%$53363/-''(<21$'(,,+(&&&%(((+83)67<')&5=>5548989$,6/-,,%(*+%$$%)/344+..0%%206727C292/2.-'9(.%+&%-4.35+8:+<+&(8;:89:0/15=?@:9(0-,*'$)*'))''+)(&))'.20,40))&+-,'2),(&(#'40.65)'"%$$(')%$'*&#)(*#*46840*-%4>>63/+$/29:33,1%%1-49:<=;943799755:&)133/7BC3%(+'5.49@A>@.1'&/1:5;?8795.'$(%')')2%620*7:7//,11&)$#()*.$&$$%'(('(&'-12010$.+)%$&-.+(+).0/'',&'$%%&&'%%$$#""$$%()0'$'/,)5.4463/6*27.+*+(*,*:C71;,,1/./,-.,,0&598.*,&&$1157.@>234643+'+'),)*)'<'%(&#$&''$(*)%*)*$)))*/3.,44441%135<?=./29	150.6371695748884	0.13022339843770123
101	30164762-e676-4564-a58b-279b6cf3f8fd runid=ed1de13037eb1bcfeefc20d46af38743bdac68e6 read=3481 ch=122 start_time=2020-02-10T17:30:37Z flow_cell_id=ACE547 protocol_group_id=barcode_test sample_id=barcodes_fish H-(1,8),H+(2,11) h1 H-(1,8),H+(2,11) h1_150.43274239811726	AGAATAAACGTTGATATAAATAGGGTCACCTCCTCCCAGCGGATCAAGAAAGTATTGAGGTTGATCAGTTAAAAGTATTGTATTACCGCAGCTAAGACAGGGAAAGATAATAGCAAGCACAGCTGTAATTGAGACTGCTCAAACAAAAAGTGTTTGATATTGTGGTAGGAGGTTTTATATTAATAATTGTGGTAATAAATTAATTGCTCAGAATTGATGAAATTCGGCTAGATGAAGAGAAAAATAGTGAGGTCAGCAGATGCCCCAGCATGAGCAGGGTTTTCCAAGGGGATAAACAGTTCAACCTGTTGCCAGCTCCTTCTACTCGAATGATGCTAAAAGCAGAAAAGATGGAGAAATGGTCAGAAACATGTTGTTTATTCGAGGAAAGCCATATCTGGGCACCAATCATTAGAGAATGAGTCAGTTTCCGAAGCCTCCAATTATTAGTGGTATTACTATAAAGAATTATTACGAAAGCGTGTGCTGTGACAATCATTATAAATTTGATCATCACCTAGAAGTGCACCAGGTTGGTGGCTCTGCTCGAATGGGAGGCAGGCTTAAAATATTCCGACTATGCGCTCAGGCACCAAATACGAATAAAAGTG	*'&)-55-01:?=?@=?A9,&&$#,-4-/.-576*8%)($'62(()'%(&%(44-076)%6')$+95;57-1*((.//054&#%-)+'$$+()-.2*&&/5/,.)'$(('''%$,*#$%'%$66351%%'%$*643..1/365>EE4-&0@88B01+*)*5(/,*2/-30,15;4-1:A:<A>?D++.('(28:/,452.0%'$'$#&..&.,,/99./13$0&($(*)6??996,'4'6=FA100):1/**&=,%,04+-*/'''57DE92-)%%%258870%-&0%-)>6597/2486.66%+-((#$-.27==;,(%&%#&'*4**C?9AB=8:96'%'7:5>G;&4D;;674'.'##/.=-,00(')%%423>A>=B03(&3+)33.7+651.-$%-)&&'-*,8:9C@844:.=652/)01:6?4/2)).)568'=@GG2223--0/*)6,/;A?/().)%(*$+5663))+++()*0/=000.551/0+)-&-2...0**0/4248**,)*+&($''7;2-//52+7=2+%&&3;=EI4-4/%(*''+'%&'%&)(#$$*+$'&&*2*.,&+-0(%%',(+%1600-.20.,,()%9:=?-$+94	150.43274239811726	0.10561774186313044
182	0a513fc5-5ac4-4b2d-a70a-d947981b26bf runid=ed1de13037eb1bcfeefc20d46af38743bdac68e6 read=37545 ch=58 start_time=2020-02-10T21:35:17Z flow_cell_id=ACE547 protocol_group_id=barcode_test sample_id=barcodes_fish h+(0),h-(0) h1 h+(0),h-(0) h1_128.54329114650537	AGGACATCAACTGTAATCTCGTATTTGGTGCCTGAGCCGGCATAGTCGGAACAGCCGCCCAAGCCTGCTCATTCAGGCGAGCTAGAAGTCAACCTGAATTGCGCTAGGTGATGATCAAATTTATATTATGATTGTCACATACGCGCTTTCGTAATTTTCTTTGTAATGTACCACTATTAGTGGAGGCTTCGAGCTGACTCATTCCTCTAATGATTGGTGCCCCAGATATGGCTTTCCTCGAATAAACAACACCAGCTTCTTCCTCCATCTTTCTGCTTCTTTTAGCATCATCTGGAGTAGAAGCTGGAGCCTGGCACAGGGTGAACTATTTATCTACCCTTTGGCACAAACCTCGCTCATGCTGGGGCATCGACCTCACTATTTTTTCTCTTCATCTAGCAGAATTTCATCAATTCTTGGAGTAAGTAATTTTATTACCACAATTATTAATATAAACCTCCTGCAATTTCACAATATCAAAAACACCCTTTTTTGTTTTGAGCAGTCCTAATTTTGGCTGTGCTTTGCTATCTCTTCCCGTCTTAGCCGCCATTATCACAATACTTTTAACTGATCGTAACCTCAATACTTTCTTTCCTTGATCCTGCTGGAGGTGACCCATTTTATCAGCATTTATT	+0E3**)%%##$$+0/9;;=))))*(('4-20/+'&%%&+))()0461/%-..510*)($%%%&)+6=:<342*%%($$$,-)*&+')6<4+<><5%%%&&+,,.***28;332/553+.2)1./&(%&+08;754$$$#&(,$+(+:4,%&&)(,)+,,.,%&($$%%&48;:;1&''-763/.*&&*)'$$'&*064;-8=*,,://.,12=?.16+111(.82,,()-1ADD5<1:759482.17#%$$&&'%&*,/3'--.@:=?BA2**&-03567.(%'&'35478;:1(&0'&***5/2/'+.&+)&$$$%&($%(%'$%)+96,$.##+,+',($&%%%%+5,/+.%**5499331+2??944$&//./+('*37?>=;=>.?B<5/-2*&%'(1369@>3,@463@:67)'$%%,'$$%*,1-%,-/-+(,-.(,/'$%>:4*%&((++,687.51/-E<42:=-'-''#'..)'-102*<7/.&2552-'%&++8&&>(4,35,)%39<'9)$$%&#%+&=B71;C3?:48740$+*(*+,'&''('$&'',+&&0.*%,),*))4),1)356>=11*%,//0232%*"&5666:7<6662(().(%$&%',--,*'3.(6797%/;7	128.54329114650537	0.1365548636081473
291	0338d503-74da-4459-98fe-c2b15e6373dc runid=ed1de13037eb1bcfeefc20d46af38743bdac68e6 read=70043 ch=108 start_time=2020-02-11T02:07:35Z flow_cell_id=ACE547 protocol_group_id=barcode_test sample_id=barcodes_fish H-(3,11),H+(3,11) h1 H-(3,11),H+(3,11) h1_97.05216083412304	ACCAGAATAAATGTTGGTGATCCCCTCCTCCCAGCGGATCACAAAAAGAAAAGTATTAGAGTTACGATCAGTTAAAAGTATTGTGATACCACAGCGGCTAAGACAGGAAAGAATAATAGAACACAGCTGTAGTGAGACTGCTCAAACAAAGGGTGTTGATATTGTGAAATTACAGGAGGTTTATATTAATAATTGTGGTAATAAAATTAATTGCTCCAAATTGGTGAAGTCAGGTTAGATGAGAGAGAGAAAAAATAGTGAGGTCAGCAGATGCTTTAGCTTGCCAGGCGAGGTTTCTGGCCAAGAGAGGATAAACAGTTCAACATGCCAGCTCAGCTTCTCGGATGAAGTATAAGAAACTGCAGAAAAGATGGAGGAAAGAAGTCAGAAACATATTTGTTTTGTTGAGAAAGCCATATCTGGGTTAATCATTAGAAGGGACGGGTTCGTTTTCAGTACTCAATTATTAGTGGTATTACTATAAAAGAAAATTATTGCAGCGTGTACTATGACAAATCACATTGCAAATTTGATCATCACCTAGAAGTGCACCGGAGTTGACTTAGCTGCTCGGAATATGAGCAGGCTTAAGGCTGTTCAGCTATGCCGGCTCAGGCACCGTGGAATAAAGGTG	+6&;<22--11-,8*%$(,)23:)(2$)%+&%(*%&+)%%'-14-)%%//*&$%$')$'$,&(%373192+368K?.-1/0158576323&#$)##'$'*..'%&,(*0(%#&%'%#&$&$&**+'+*,+,*+$%54888&+;4(((*A/(+/.%7//,(('('))*+('*)))9-(6;6CA934&':322-.16+2-2/'&'%#&246/.10/0->6&%%&('($(*$,*$.+<+..7''&'%%$(($*.;;60,-//''+97=8(,-*%/&),/+%$#$$'$&(*,&&&*+=@;60+)$$*.)$4'1+9=@=7:;A6173%+'+.+3.3=09.0.042*4%+)''&&$'$#''$'''$%('((7@9.)7)(**,,&.%&(&+.;+*2/+'+'&&(/%+4)$*&0)87%'&$(-45/*,'()'+,6;<>%%&10,()*%'$&$&('#$$'+$%%#%$$'782345349-@85;<6:5>>4:ED-&):>86/8((*$$$%##+$$$%&$$&'*.-'%%%$%')$$'%$%'$-97494@2.(34'**';+('''%*#$$%&%"#$&#"$$$**&,&)%%#%%&$$((%%%(&&#),);*,)*,46--72'+28>>=><<6&%$%($239@.'(*)	97.05216083412304	0.1816203515318233
120	9f17b697-09df-4f77-bdf8-f6d364e18bb0 runid=ed1de13037eb1bcfeefc20d46af38743bdac68e6 read=5023 ch=38 start_time=2020-02-10T16:10:19Z flow_cell_id=ACE547 protocol_group_id=barcode_test sample_id=barcodes_fish H-(2,6),H+(2,10) h1 H-(2,6),H+(2,10) h1_145.77685468890087	AGAATAAATGTTGATATAAATGGTCACCTCTTACTCAACGAGATCAAAAGAAGTATTGAGTTACGATCAGTTAAAGTATTGTGATACCGGCAGCTAGGAGCAGAAGAATATGCAGTGCACAGTATCAAATGACTATAACAAAGAGGTGTTTGATGTGTGAAGTGCAGGAGGTTTATATTAATAATTGTGGTAATAAAATTAATTGCTCCAGAGTGATGAAATTCCGGCTAGATGAAGAGAAAAAATAGTGAGAGTCAGCAGATGCCCAGCATGAGCGAGGTTTCAGCTAAGGGGATAAACAGTTCAACCTGTGCCAGCTCCAGCTTCTACTCAGATGATGCTAAAGAAGCCAGAAAGATGGAGGAAGAGTCAGAAACTATGTTGTTTATTCGAGGGAAAGCCATCTGGGGCCAATCATTAGAGGAATGAGTCAGTTTCCGGCCTCAATTATTAGTGGTATTACTATAAAGAAGTGACCACGAAAGCGTGTGCTGTGACAATCATTATAGTTGATCATCACCTAGAAGTGCCAGGTTGACTTAGCTCTGCTCGAATGAGCGAGCTTAAGGCTATTCCGACTATGCCGCTCCAGGCACCAGAATACGAATAAGGGTG	())-/060+,90'':859;<44,&5(02,($$#$)4,%##$*1/7B@6.&'(&++)+1')7(-./11:+-(*,70'799:.+')))++))''1895/.)/00*&&%'/..%$%$%$%$$#%#%$$%*'&$&#"&##%$'3=7&$127(&12.&''(0.()&*-$"$39.31;8-234$%%%(.%$'35(-9;/,7987?A>)*,+24&;4&$%87588798>>699>;5*)9+++,06412I@>.,,05+$-$6881&,1202+'&&*)(((*&&%((4>:N.A<9?5?4&-/60-;A=<<E<.?9(0$0%33445$$#&'(('(.43.(+>6660*../''*8+(*&($'()/6*)>=BDDL024-.42:/*-+&%/6324.71@'>C17,+81,%++)?>/>@=80)1%%96:;&%'0.19738,,0'$3,40;<&5&&$&*7+.)3668/24622)(++8864;;&%(%%5$%#$%%'%%$.0///=@CG?B?567/9<,.0.(+%.')7;B79<-1)-%$(()<).8175=2>+(00.7=>@C9638++5&&&-$$$.===2/'')(%',&+-%()(*&$%(79'<3<96446(&&+&%#&%2,,)'-34,	145.77685468890087	0.1339642754584846
220	505ce979-946b-422e-b647-f0c0328e6578 runid=ed1de13037eb1bcfeefc20d46af38743bdac68e6 read=44896 ch=58 start_time=2020-02-10T22:46:20Z flow_cell_id=ACE547 protocol_group_id=barcode_test sample_id=barcodes_fish H-(0,9),H+(3,8) h1 H-(0,9),H+(3,8) h1_116.37532661164492	AGAGGAAATAAATATTGATATAAAATGGGGTCACCTTTCTCCAGCAGGATCAAAGAAAAGTAATGTTGAGTTTTGATCAGTTAAAAGTATTGTGATACGGCAGCTAAGACAGAGGGAAGAGATAATAGCAGAAGCACAGCTGTAGTGGACTGCTCAAACAAGAGGTGTTTGATGTGTGAAGAGTACTGGGAGGTTTGTATTAATAATTGTAGTAATAAAATTAAATTGCTCAGAATTACAGTGAGGGAAATTCCACGTAGATGAAGAGAAAAATGGTAGGGTCAACAGATGCCCCAACATGAGCAGGGGTTTCCAGTAAAAGGGAGGATAAACAGTTCAACCTGTACCAGTTTCCACTTCTCTCAGATGATGCTAAAAAGAAGCAGAAAAGATGGGAGGAAAAGAAGTCAGGAAACTTGTATTTGTTTATTGAGGAAGAAGCCATATCTGGGACTCAATCATTAGGAATGAGTCAGTTTCAGGAGCAATTATTAGTGGTATTACTATAAGAAAGAAAGAAGTAATACGGCGATGTGCTGTGACAATCGCATTATAAATTTGATCATCACCCTAAGTGCCTGAGTTGAAGCTTAGCTCTGCTCGAATGAGCAGGCTTAGACTGTTCGACTATGCCGGCTCAGGCACCAAATGCAGATAAAGGGTG	-.(&%&(4462,,,-03>89;BD97//%2.)1%%%$(724&?1)'+2).'EGA+'0:6%'+.)'&#%((%%-('3-(5$0$%.A1&%0213+-%&$$#$&#%*(),/**,//)33175*.::;=8.7*01.&,&*%$$/.1%$$&&+.2885;9595343*'$+2A@BEG98%%2'&)*(1.,7(#%&364720=0+././7;9</+032&'5=8:DA73252)$%'4;3:1-&$$%##&&*2''&$+9.E6+-'#%)'(/%(11,,)&+993,,19&()2.?9(,6(/2)(('$,%-//240++&+,)*84%(%$%--*''*&$6:86:9(55?74?6%735*'$&'$'$$((*'##%%$$$#$&-)*%+/,+1>>.(*%&',.(125%+?778,041&,(%&%'+-71*%/30)**%&&&)86+<4&&)%%&$-/$%(,565266411%%'(')0069*+-%+&4/2//3->+;*+23*,%%&)*(()$%&'.6*,4+*+0302043(33'.-*&&$&*56$2/$$)&&&&)1.)-162+-4-(7%%&$'+&73-/2*14?4/*8-0,).,$$'&$%$$#)#%%$$$###$2536360*</.398.,---1334((##*,;*-($&'+**++(-9+8$$,,,.22,+&&./.>=?E-(14,*	116.37532661164492	0.14597412083096498
292	6b55509f-3474-498c-b59b-755d3dc4c403 runid=ed1de13037eb1bcfeefc20d46af38743bdac68e6 read=46432 ch=34 start_time=2020-02-10T22:20:36Z flow_cell_id=ACE547 protocol_group_id=barcode_test sample_id=barcodes_fish H-(1,9),h+(2,-1) h1 H-(1,9),h+(2,-1) h1_96.9326064235622	AGAATAAATGTTGATATAAAATGGTCACCTCCTCCAGCGGATCAAGAAAAGAAATATTGAGTTACGTCAGTTAAAAGCTATTATCGATACCGCGATAAGACGGGAAGAGATAATATAGAAGCACAGCTGTGAGTAGACTGCTCAAACAAAAGAGAGTGTTTGATATTGTAGAAATTAGGAGGTTTTATGTGAATAATTGGTAATAAAATTAGTGCTCAGAATTGATGAAATTCGGCTAGATGAAGAGAGAAAATAGTGGTCAGCAGATACTTTGCATGGTTGAGGTTTTCAGCTAAAGAGGGATAAACAGTTCAACCTGGTGCCAGCTCCAGCTTACTCCGAACGTGCTAAAAAGAAGCAGAAAAGATGGAGGGAAGAAGTCAGAGGAAAAACATATTATTGTTTATTCGAGGAAAACTTATATCTGGGCACCAATCGTGAAGGGGTGGGAGTCAGTTTCCGAAGCCTCAGTATTAAATGGTATTACTATAAAGAAAATTATTACAGCGTGTGCTGTGACAATCACATTATAAATTTGATCATCACCTGAAAGTACTTTGGGTTGTTAGCTCTGCTCGAATAAAGCAGGCTTAAAAGAAAGGCGCTGTTCCGACTATGCCGCTCAGGCGCAGAAATACGAGATAAAGATTGCCACGATATC	)/.;?GA:--9.6<<988<9962,230678*/-(5&%#&)+%<80*CI?($'&$3545210)/*.%-2*/*0.063&$$$$&%(&'*)()($#(&$/,.5$$,)*/)'&%$'&&%$$#-.#&&&'4=?52'&,,#%(+,)/3-1(&1:;,%&#&$.72')-+333040,)&&&$#$',454+5?5/)$$0&+-03++.&+-630298112(%3-''89.9<9?;6--2+21+-$%%).08+++1),,.*,7-/13,5+$&7%$%&(($$$$%$%',**'#$&%,,495(54,619:.*$6:?4011%4467845*21*)%+%%%*)+617*&$%'$&.$9()90&%&$',4/)($$#**,(3D,%38/-''+-%0-(&))&4$''$%',,)&%'$$(4',.7-?9,02..,3.%*)'##&(&++.#$+)%%%7>54=#2--)1&&%%))%(,(6)3)/9$.%)+%'((-'$+$$$('&%%.43-/3=?70261&54.'$(,'))$$'33;494./*(&+(43:@22//367;3359/('32'5=4761$%)%%&$#$%#$0,1-%##(+36?>.(*2&#$$''%'(()///./&%&(-/&+-$$%((&)$/+1430(',,'(,8&')$$**(/3,**''&$4/37%*##&/01&%*$&*04	96.9326064235622	0.16612939838215152
85	ca7f8b53-6748-4fa3-935f-4b1c86a24575 runid=ed1de13037eb1bcfeefc20d46af38743bdac68e6 read=92 ch=64 start_time=2020-02-10T15:33:36Z flow_cell_id=ACE547 protocol_group_id=barcode_test sample_id=barcodes_fish H-(1,11),H+(2,9) h1 H-(1,11),H+(2,9) h1_160.66739115559892	AGAATAAATGTTGATAAATGGGGTCACCTCCTCGCAGGATCAAAGAAGAAATATTGAGTTACGATCAGTTCGTATTGTATACCGGCAGCAAGACGGAAAGACTAATAGCAAGAAGCACAGCTGTGAGTAGGACTGCTCAAACAAAAAGGTGTTTGATATTGTGAAATTGCAGGAGGTTTTATATTAATAGTGTGGTAATAAAATTAGTGCTCAGAATTGATGAAATTCGGCTAGATGAAGAGAAAAATAGTATGAGTCAGCAGATGCCCCAGCATCGAGCGAGGTTTCCAGCTAAGGGGGATAAACAGTTCAACTGCTGTGCCCGCTCCAGCTTCTCTCGAATGATGCTAAAGAGAAGCAGAAAAGATGGGCAATCGAAACTTATGTTGTTTATTCGAGGAAAGCCGTATCTGGGGCACCAATTATTAATGAAGGAATGAGTCGTTCAGAAGCCTCAATTATTAGTGAAGTATTACTATAAAAGAAAATTATTACGAAAAGCGTGTGCTGTGACAATCACATTATAAATTTGATCATCACCTGAAGTGCACCAGGTTGACAGCTCTGCTCGAATAGGCAGAGCTTAAAACTGTTCCGACTATGCCAGCAGGCACCAAATACGAATAAAGTG	*-+*$$+-04<6;,(&)'$&0/5572::;56-<)((;A1/@@<1(32$))'458:<7:-1+03,,6'.)-(%&%%(#$%(*=>0,)*$%-+%**&;%,$+,#%11..--2+'*'&''(./<63+%#+2'(+48:?C?A=8-0BA7,$(>+-''*&$%#%(#2-38*9;-+,*/)9<<?<9-''')-111$82.<4?A,((15<;>2%6.2-;.,7558>;2-*2,-)6.89<550/15(68+0=86*%%$*#$('305.$0:-773.''%)/0.+%&'(,-((53B>.6%/./6=&1/2&22;9124=;-6)$(+&)-&****#&(-++%'((*'&'%,%%.79AEB:;>=1','-41+++<I6&*:)(($"%'+.$$/,$%%3.**'&,::7>=A<31<$*0))%%+77460*+%#(147,+.%$&$##&'%*-+-''(--/(*)<,,90:@@-/:778+('(),$$(%1''+'0159@DC(*:6=@,A<>>.--+43%'60:0+2392;<4:=21831:89305;+765/0/;,4,/770..(7@,&%$'**,5*,'#,5>A<7790:*($$%%--.&%&$()21(($$$&23249<>>6521)&&1/011285*853--(74,81+,(	160.66739115559892	0.11812075889923383
132	d4c1ca53-7a29-40bf-ae68-3fda9afb04f7 runid=ed1de13037eb1bcfeefc20d46af38743bdac68e6 read=56314 ch=96 start_time=2020-02-10T23:14:10Z flow_cell_id=ACE547 protocol_group_id=barcode_test sample_id=barcodes_fish h-(0),h+(1) h1 h-(0),h+(1) h1_140.8713184928929	GAACCGAATAAATGTTGATGTAAAGATAGGGTCACCTCCTCCAGCAGGATCAAGAAAGAAATATTGAGTTGCGATCAGTTAAAAGTATTGTGATACCGGCAGCTAGGAGCGGAAGAGATAATAAACAGAAGCACAGCTGTAGTAGGACACCTCAAACAAAAGGTGTTTGATATTGTGTAGAAATTGCAGGAAGCTTTATATTAATAATTGTGGTAATAAAATTAATTGCTCAAGAATTGATGAGAATTCAAGCTAGATGAAGAGAGAAAAATGAGTGGTCAGCAGATGCCCCAACCTCGACGAGTTCCAGCTAAAGGGAGGATAAACAGTTCAGCCTGTGCCAGCTTAACTACTCGAATGATGCTAAAGAAGCAGAGAAAAGATGAGAAAAATCGAAACATGTTGTTTATTCGAGGAAAGCCATATCTGGGAACAATCATTAGAGGAATGAGTCAGTTTCGAGCCTCCAATTATTAGTAAGGTATTACTATAAAGAAAGTATTACGAAAGCGTGTGCTGTGTAACAGAAATCACATTATAAATTTGATCATCACTAGAAGTGCACCAGGTTGACAGCTCTGCTCGAATGAGCAGGCCAGACCTATTCCGACTATGCCGCTCGGGCACCAAATACGAGATAAAGGGTGTAA	)2.,'%'08996((603//,*,1,%($$'+1-2+*,,*541<00//.:*&<5,)8-)*63,77;;;(6&*%)-53?*>*+2<1*')))+/,''+'$$$($%/++*%)%#*(3(4***;;;749-'*+%$-$+.239;=)).*8%5;,%%$$'*/+*2;H=.)'7&','6832(*%&%%)(+.*)+*11(*+*./+16911/06:56**-)0+4<CA<DC2-&,68:=<>-4.*%,'134513&('*#-))%%%%)9D664-2*$%&0)A>3%%#,,(&42(.-246-*'$$#)&&$$#$%#$#*$($53:@=:1,**'$/:2.49.55>6<>1,-+,+3)&2*+***-('/)$(2%%6111/1,0-;2&''*-/0-%5=2%24)(%%*&$)&'-$$+-)6///,/'479<66'&/2#)-,:A/--470+$,$$+55?C2?>3*13-+46531)4.-1=-1&,*.-/%?5-,.*'($)/''&%*1-18777221)%$%%)21-.,$$$+((8;>85;<>3&,$+')*),*017,2447:4=2.57(/3=@53337/-,(&)7($$%+).-8+/''-+))**-8270//('',,+1+'')%$$$+'000-*&(,1*))''1/6,21--&00'2--/138@=@C+'&%5*)-+	140.8713184928929	0.11685939662002585
253	9a0510c6-d0b7-464c-855f-53b1866a71f5 runid=ed1de13037eb1bcfeefc20d46af38743bdac68e6 read=40616 ch=34 start_time=2020-02-10T21:28:31Z flow_cell_id=ACE547 protocol_group_id=barcode_test sample_id=barcodes_fish h+(1),h-(3) h1 h+(1),h-(3) h1_109.34933559864558	ATATCGCGCCTTTATCTCGTATTTGGTGCCTGAGCCGGCGCGAGTCGGAACGGCCTTCAGCCTGCTCATTCGAGCGAGCTAAATTAACCTGTAATTGCATAGGTGATGATCAAATTTATAATGTGATTGTCCTTTTACGCTCGCGTAATAATTTTCTTTGTATAAATATGCCACACTAATAATTGGGCTTCGGAAACTGACTCATTCCTCTAATGGTGGGCCCCTTTGGATGGCTTTCCCTCAGATAAACAACATAAGTTTCTGACTTCTTCCTCCATCTTTCTGTTCTTTTGCATCATCCCAGAGTAGAAGCTGGAGCTGGCACAGGTTAGACTGTTTATACATTTGGCTGGAAACCTCCTCATGGGGCATCTGTTGGCCTCACTATTTTTCTACTCTTCATCTGGCAAGATTTCATTATTCTTCTGGAGCAATTAATTTTATTACCACAGGTATTAATATAAAACCTCCTGCTGATTTCATAATATCAAACACCCTTTTTGTTTGAGCGGTCTAATTACAGCTGTGCTTCTGCTGTATCTCTTTACCCGTCTTAGCGCCGGTATCACAATATAACTGATCGTAACCTCAATGCCTGCACTCTTTGATCCTGCTGGAGGAGGTAACATTGCTTTATATCAACATTTATTCTGAT	,$$$%#""###%#)99-A5744591:8:.+.1312+*.&%$%#'&4-;*3&'&'##$$(*++-.*-23727++)(&&#%$$%$$'$$(,**,*((*)(&%$''68778.*3*22*54769;516;>DF3$$**+,'$$(')(&$*...)1..0,,,+,%'%$%*%$)*&&-.(%('.0.,-#&4)&&**'$&%'(&%%%$--/+6;05*:1.('%(.,''#%$#%&(&3+%'//6679:7(9,,-,/20:;,1/-2)40=0.683**7*+').(5:;996<310(%(*+-,)$)246'%%)%$*#$&'&%($#$%-#,21/321129<G:)(((+(*+($$$%#$%%$+)*(+%##%#&$(',+(&6-2,)(11-9--(764<*&((*++-)*%%&37;7:75;1,*(.('%-0)#$#%$&-)#%"&&)%(+-/+2+7-@></.1+$$%%%$%.&*,-48858617&)),725++,,'8(+%$+*0//25/,))))'%*569729.-*-$#)%9'.&&)&$$*3411*#&)&((-0++(33988=)%*+*+45-0132142-+8+(9')($&%$($(+,--2(+-*+.).+*+#""#%#$%0112(++67=?3%%:?9</%-.,&&()')%"%-/*-09>8&+./02&'--)))2	109.34933559864558	0.1676698640665437
52	dc93ecce-243b-4512-a320-77d7dba6282d runid=ed1de13037eb1bcfeefc20d46af38743bdac68e6 read=12656 ch=68 start_time=2020-02-10T17:18:02Z flow_cell_id=ACE547 protocol_group_id=barcode_test sample_id=barcodes_fish H-(0,9),H+(3,8) h1 H-(0,9),H+(3,8) h1_176.63973299230983	AGAATAAATGTTGATATAAAATGGGGTCACACTCCTCCAGCAGGATCAAAGAAAAGTATTGAGGTTACAGTCAGTTAAAAAGTATTGTGATACCGGCAGCTAAGACGGGGAAGAGATAATAGAAGCACAGCTGTAATTAGGACTGCTCAAACAAAAGGGTGTTTGATATTGTGAAATTACCCAGGAGGTTTATATTAATAGTGGTAATAAAATTAATTGCTCAAGAATTGATGAAATTCCGGCTAGATGAAGAAGAGAGAAATGAAAAGTAGTAGTCAACAGATGCCCCAGCATGAGCGAGTTTTCCAGCTAAAGGGGATAAACAGTTCAGCCTGTGCCAGCTCAGCTTCTACTCCAGATGATGCTAAAAGAGGCAGAAAGATGGAAGAAGTCAGAAACTTATGTTGTTTATTCGAGGAAAGCCATATCTGGGGCACCAATCATTAGAGAGGAATGAGTCAGTTTCGAAGCCTCAATTATTAGTGGTATTACTATAAAGAAAATTATTACGAAGCGTGTGCTGTGACAATCACATTATAAATTTGATCATGTCACTAGAAGTGCAGGTTGACTTAGCTCTGCTCAGGCCAGGCAGGACGCAAAAACTCCATTTCCCGCTCAGGCACCAAATACTGAGATAAAGGGTA	14(8=A7:./:2?;4+%%89<87./0+'*+1$'(,-'7*0++*,;9>@9''01)'(68./+++-?*/&&&/?+8+,2C7/,.1**+..'%/)()&+)*+6580.9&%.958=2/+79:4/)'(%#)+.0AC943-/,-../8991*4CB@4CHF0'+14>?;B8:2.-+,)(,/2(-0+((%'4-%)+7<3*#'%&.-,,$9)266@888.4463315-%-3;2&*+244557/<;%<&9&1>B:7=**+0,%$13')(123&&)%$%&'').#(,85*56773.-))&/%17666.*+*0+>/2%&#&'-/>+*-8;<AC4&*+5.5@A.63/+8,/601@(6885562/$%9&;%'=89;?;0/6?/'&%&&157-/5'.0/.$'*3)+'?1-*,)&&'1'':299B3==;3-,-+&.*,86)$$+/013<4010C@60?+,--)1+(0,+4652.%,(9*2)5)%$/44.9<87>447)*.)*1-.0/-0+%&'))/2/+*-+*,%%&%%'55873>6:9=9/160,8-87=??<C856>/509;'(((/,*%*+*.*)%/5'18,+*%%&,,19>>6:;8&*($&&$$$$&&$"#$)'$(%%-1,%%%&%4"(:,6-97341?<82))""%(+611<*('&:%	176.63973299230983	0.10435858484239695
150	5280ad26-bd0e-407b-a5b2-401a69cdc929 runid=ed1de13037eb1bcfeefc20d46af38743bdac68e6 read=2529 ch=51 start_time=2020-02-10T15:52:12Z flow_cell_id=ACE547 protocol_group_id=barcode_test sample_id=barcodes_fish h+(0),h-(2) h1 h+(0),h-(2) h1_135.242680655231	GTCAACGCCTTTATCTCGTATTTGGTGCTAATTGGCATAGTCGGAACGGCCTTAAGCCTGCTCATTCGACAAACTGATCAGCCTGGTGCACTTCTAGGTGATGATCAAATTTATAATGTGATTGTCACAGCACACGCTTTCGTAATAATTTTCTTTATAAATATGCCACTAATAATTGGGGGCTTCGAAACTGACTCATTCCTCTAATGATTGGTGCCCAGATATAGCTTTCCTCGAATAAACAGCAGTTTCTGACTAACATCTCCATCTTCTGCTTCTTTTAGCATCATCTGGAGTAGAAGCTGGAGCTGGCACAGGTTGAACTGTTTATCCCCCTTGCTGGAAACCTCGCTCATGCTGGGGCATCTGTTGACCTCCTGCCCTTTCTCTTCATCTAGCGGAATTTCATCAATTCTTGGGTGATTAATTTTAATGCCACAATTATTAATATAAAACCTCACCACCAATTCACAACCTCAAACACCCCTTTGTTTTGAGCAGTCCTAATTACAGCTGTGCTTCTGCTATTATCTCTTCCGTCTTAGCCGCCATTATCACAGTACTTAACTGATCATAACCTGTACTTCTTTCTTCCAGTCTCCTGCTGGAGGGAGGTATTGTTTATATCAACATTTATTCTG	$*'&#%#%&(-)4>@9:/0*).825E;50($$$%%$*,/-*;*=(.$$#%$$%'#.0238=7=5877,$((%#((#(13%)554-)/'('%('((&(1=8.-3+&21+'.//1./)/+00.25/58/0..-,),$'*,4<86<C>;=5AA@=633+&),*&&&'&$&$$%/.-3''*$,&*03311*&-*79=9?@@<<=;>57+65.256E74=&')%()0..++&&01147-8++.01)'+-$&)%+2-511'$+#$&0324':.000+&&$$&-/131**./-==8>C794,.>4*./**,3,&58</+%$#$&+&((.*$('+;64((,&%$"%&&*''*+%'&'6()6=::3.2&*94;?A@>*8<210/($/&&###$%&$548==<;@8*+$$($%%(%*.3<@9:023+&'**11(E@<>>73/)&$$)'1478;++-/,/('''))11&9$%%%$%($(-2,-.&'&()3+%++()'%&))*%-,)00.-..((,-1//2--.+++$$#"#&$%%#()/48<=0<<>273;>;<22/.()().0**5$$)#%%&&+/64+4316$-/111/+,&)*82591'+,#$%'&52/32??A8-).-%$'&.###$*--)56479'3445,(*3/)(	135.242680655231	0.13251650195134299
168	50267c21-1b04-4962-8137-cf8e43023edd runid=ed1de13037eb1bcfeefc20d46af38743bdac68e6 read=30392 ch=69 start_time=2020-02-10T20:01:04Z flow_cell_id=ACE547 protocol_group_id=barcode_test sample_id=barcodes_fish h+(1),h-(2) h1 h+(1),h-(2) h1_131.86694340546578	CAGCACCCTTTATCTCGTATTTGCGGTGCCTATGAGCCGTATAGTCAGGAACGACCTTAAACCTGCTCATTCGAGCAGGCAGTCAACCTGGTGCACTTCTGAGTGATGATCAAATTTATAATGTGATTGTCACAGCACACGCTTTCGTAATAATTTTTCTTTATAGTAATACCATGGTGGTGGAGGCTTCAAACTGACTCATTCCTCTAATGATTGGTGCTTTGAAATATAGCTTTCCCTCAGATAAACAACATAAGTTCTGAAACTGCCTCCATCTTTTCTGCTTCCTTTAGCATCATCTGGAGTAGAAGCTGGAGCTGGCACAGGTTGAACTGTTTATCCCCTTTGGCTGAAGCCTCATGTGCTCAGGGCATCTGTTGACCTCACTATTTTTCTCTTCATCTGGCCGGAATTTCATCAATTCTTGGGCGAATTAATTTATTACCACAATTGTATTATAAAACCTCCTGCAATTCCACAATATCAAAACACCCCTTTTCGTTTGAGCAGTCCTAATTAGCTGTGCTTCTGTAATATCTCTTCCCGTCTTAGCCGCCGGTATCACAATACTTTTAACTGATCGTAACCTCAATGCTATATGCTTTGATCCTGCTGGGGTGACCCATTTATATCAACATTTATTC	%$,*-==E03@887'500''*/%%&'3+*).##&(.0-,(-34)*/%%.&+%&%''&(-0%%'$*3490843)&$&%%$&$%,(2003)'-:,,---393&&'9=8++*,771**-.+16200/1,-E43>//.*-+%)&&*,542%&-+++,/401(14752./37:0--12$$#$$$*;,+)+244+$%,))()%2*3403&(%22('',**,'&%%#%%$##%##%$(1115<583,4++'$$%%&0((%%(#.(*+%'&&$$+##%++::?AJHC6;0-##$&*(42)335;A74;289&788*--,7;:8)3.,%*.++,'&=$=>>B@8;A=54?@>1%/,$+$%'%)%2329,(&%%&'$$)%%#')+,&&(&$%&),)),/-534<?EAL;>51=8%('+%-$,$166229.4-9634*%+$$%%&)'&&)+$%(++(213''8#%%#%-2<932<><')++./4+9'4&-.*+-2523/')(''&%#&%(*/,/(3,-45=**/69,(3&,011:<DD5;2)'+%00276=?=DEB<;?5.)2./%$$(1?.*;)++,%&-/5436,)/*#%$'04557+=9*$%#&$#$$#"$&$),9:;7,$+(('+-4,>>A5BHH?<61*82799A@3;48	131.86694340546578	0.14306144562754045
272	9d483da3-f2be-449b-9074-6e0c91ec79b2 runid=ed1de13037eb1bcfeefc20d46af38743bdac68e6 read=23077 ch=60 start_time=2020-02-10T18:50:08Z flow_cell_id=ACE547 protocol_group_id=barcode_test sample_id=barcodes_fish H+(1,10),H-(1,10) h1 H+(1,10),H-(1,10) h1_101.34537797439896	GCACCCCTTATCTCGTATTTGGTGTTGAGCCGGCATAAGTCCGGAACAGCCTTAAGCCTGCTCGTCGAGACAGAGCCCCAAGTCAACCTGAAGTGCACTTCTGAGTGATGATCAAATTTATATGTGATTGTCCTTTACGCTTTCGTAATAATTTTCTTTATAGTAATACCGCAATAATTGGAGGCTTGAAACTGGCTCCATTCCTCTAATGGTGGTGCCCAGATATAAACTTTTCCTCAGATAAACAACATAGTTTCTGACTTCTTCTCCTCCATCTTTTCTGCTTCTCTTAGCATCATCACGGAGTAAGCTGGGCCAGCACAAGGTTAATTTGTTTATCCCCCTTTAGAAACCTCGCTCTTTTAGAGGCATCTGTTGACCTCACTATTTTTCTCTTCATCTGTAAATTTCATCAATTCTTGAACAATTAATTTTATTACCACAATTATTAATATAAAACTATCTGCAATTCACAATATCAAACACCTTTGTTTAGGTAGTCTAATTAGCTGTGCTTCTGCTATTATCTGTTTCGTCTTAGCCCGTATTATCTGTCTTTAACTGATCGTAACCTCAATACTTCTTTCTTTGATCTGCTGGAGAAATTTGTATTTACATTTATATCGGCACTGTTTGTTA	%##%&'#%'&567:386679*')'$'%$$&'',+,,.47$$42:/+''(-.-.-'$(*,(,0,%*+'#.%%%&%(*(&%)(#*56/,--$&#(*#'&'.774*%78=:;<83<9/,.1+()(#%'/.4B4&&&$(%$&""'*/2&&'&*/225/-,+*%&)*-..%((-.&'/'%.&&8+/%'&%%($%)&)(-)22&*%25(,'%#%%&'&++),$''%')($#$%'$&).-,*+-7*-1.01,09-4-*22(/.'%%$01=8964$3+/*46;;@E@07-+('("&#&%%//1231..$$')$.21)%738-2'%#"#$$&%&*;)>883-$.75,*+037%.3.%$+-*,.01/:43#$'$&'%&-.-+14)%((5:9446469-=>:0137@E)3672)'#%%*,<<83>696:(0*)##-2+-1.1*B@=:<<<8412826:;8;<)/.,.+,*$#$'(&(')%'+-'$2450.;:6,***-)..$'84#&,%-(%*76&%)%,1:)2*--+&&*(10&)/+'&%&)%'&886/$%#$$#&%(+$$1&)(##&*38:8983;(-.*044:9-,-+*879<ACLL>5-%.%$$$*+,(&&$%-$$$%&))$#(()'$+344,$#$"%$#&&%%.'	101.34537797439896	0.17599142233291695
321	054d2263-f6c6-4d4d-a755-fe3536593cb9 runid=ed1de13037eb1bcfeefc20d46af38743bdac68e6 read=65949 ch=115 start_time=2020-02-11T01:44:26Z flow_cell_id=ACE547 protocol_group_id=barcode_test sample_id=barcodes_fish H-(3,11),h+(0,-1) h1 H-(3,11),h+(0,-1) h1_81.57582895218208	AAGAATAAATGTTGATATAAAAATGGGGTCACCTCCTCCCTTGAGATCAAAAGAAAAGAAATATTGAGGCTACGATCAGTTAAAAATATTTGTGATATAGCAGCTAGACAGAGGAAGAGATATTAGCAGAAACACAGCTATAATTAGAGACTGCTCCAAACAAAAGAAATTGTTTTGATATTGTGAAGTAGGAGGTTTTTATATTAATAATTGTGGTAATAAATTAATTGCTCCAGAGTGATGAAATTTCCATTAGATGAAGAGAGAAAAATAGTAAGAGGTCAACAATTGCCCCAGCATGAAGCGGATTTCAAGCTAAAGGGGATAAACAGTTCGAACCTGTGCTCCAGCCTACTCAGATGAGAGTGCTAAAGAAATAGAAAAGATGGAAGAGTCAGAAAACTTATGTTGTTTATTCAGAGGGAAAGCCATATCTGGAGACTTAATCATTAGAGGAATGATCAGTTCAGAAAGCCTCCAATTATTGAGTAATTACTTCTATAAAAGAAGTACGAGAAGCGTGTGTTTCTTGACAATCACATTATAAATTTGATCATCACCTAAAGAAGTACCAGGTGACAGCTCTGCTCGAATGAGCAGGCAAGAGCTGTTCCACGACTATACGCTCGGGCACCAGAAATACAAAAATAAAGGTG	/%,/556491291$$26<??5,)''..4/:51.2042070+/-',.*867*%)244')02-((')+++')1,4:711,--.3=7&%'(''&('34.(#$&*,-130%+075,7<+5*()600%&+)%)&,.$),,-,-)$&*,+-*)&,)++($*%8<629GB-%'$&$%(%'.,'/(''')&/'+$&(&,*'+)6@,***%%$(&%%)((*,1)4:D<660*1;.)*-+'.$:2'$)..'&&)(&)*+$,($%)-5110()#(-'58K3+%%/.'%%#&0+)#&&($#%$$$%%&+&+*)(&#&'&"%&+$'%&43.2&,',*9694*$$'),6$%&565/7'$+,:,((((((-5334,+)'%%)&*-4:&)*%$%,'1-<)(;9<<#'$$&&:)(0.+&&(),-082$%(),0.(%&#-(%///&.1/83/?43)%&'&&(6'3;9/2$)(%%&3'&#%%$%)**&$+(%-::=%>3--.%$%*'*/,%$%$"%%"%'%)/-%%%$#(&$%&%%&&02812'&''$$'30,,,-;456895.?<>8>50..:145(&'%#&%%''%3$&&%,&'(&%*&9<BAB?;A.,,%%$/**0-.2()(-34&7/'*%%((*'*'#%'7-9%33,+),+#)/.)(#&)(&%/39('/.-	81.57582895218208	0.1685009965343686
36	61ae227c-f10a-47fe-b8a0-dd0a19fe283b runid=ed1de13037eb1bcfeefc20d46af38743bdac68e6 read=284 ch=68 start_time=2020-02-10T15:35:27Z flow_cell_id=ACE547 protocol_group_id=barcode_test sample_id=barcodes_fish H-(2,10),H+(1,8) h1 H-(2,10),H+(1,8) h1_183.51163155689827	AGAATAAATGTTGATATAAAAATGAGGTCACCTCTCCAGCAGGATCAAAGAAAAGAAATGCTGAGGTTACGATCAGTTAAAAAGTATTGTGACCGTAGCTAGACGGGAAGAGATAATAGCAGAAACACAGCTGTAACTAGGACTGCTCAAGCAAAAAGGGGTGTTTGATATTGTGAAATTGCAGGAGGTTTTATATTAGTATTGTAAAATTAATTGCTCCAGAAATTGATGAAATTCCAGCTAGATGAAGAGAAAATAGTGAGGTCAACAGATGCCCCAGCATGGCTGAGGTTTCCAGCTAAGGGGATAAACAGTTCAGCCTGTGCCAGCTCGCTTCTACTCAGATGATGCTAAAAGAAATACAGAAAAGATGGGGAAGAAGTCAGAAGCATGTTGTTTATTCGAGGAAAGCCATATCTGGGGCGCAATCGTAGAGGAATGAGTCAGTTTCCGAAGCCTCCAATTATTAGTGGTATTACTATAAAGAAATTATTACAGCGTGTGCTGTGACAATCACACATTATAAATTTGATCATCACCTAGAAGTGCACCGGGTTGACTTAGCTCTGCTCGAATGAGCAGGCTTAAACTGTTCAAACTATGCCGGCTCCAGGCACCAAATACGAGATAAAGGGTG	.,6BEGA757<6)4;<;=?:84''%,=;C=22//')(&(+-/A71>:8)+1;;-)9:&&&699'.4<015:-)@5448:<90/&(--.0.2/$'($'+,.**4&&--(0,(&2/0/%.)$&#''$%&$-.48(**'**+$-*86=D7><3$7FF1(%2-0:827>5(755696234+$$($&'2(1%%33379;@<<+()$'((',%'&&)&&*3'%&&/$$/+*+9:?ABA<4>>'3$1%86:?=>;625,5*078<;;6%)3572'1<<@:6322&:<=9--,&&)&$)AFD-@<CE>@8(230%%&+%.0420@6+<<>:<=5:5)&&/&)HH8B3.)>12@:<66:5686+'%(('$"#&%:@5&1<88(&'*8,6+109'&,,)+1***)'8?137-0').5$*$&==(%%5622/24,,16:8<&0+.1;75=98(1,7$5%5=)9&%%$/))%:198;,,/(#(''0,*,)>@B@I?0&1/',/((*&(('5;A@987:+01,*+-01-)-).,.1./+$&*'$%75;>F5-%0++,.+1$#$%/%-6@7GAGGE.>:659<C7>55B110.(((//0.65+**'9+3((,$,5@?88%6>B(A8=;88/0&+-/-+114?@EE,.<>@=	183.51163155689827	0.09641491504615934
74	7c045578-7837-4018-ba26-f2a79b36c518 runid=ed1de13037eb1bcfeefc20d46af38743bdac68e6 read=75 ch=54 start_time=2020-02-10T15:33:30Z flow_cell_id=ACE547 protocol_group_id=barcode_test sample_id=barcodes_fish h-(1),h+(3) h1 h-(1),h+(3) h1_165.69833885423634	AAGAATCAGAATAAATGTTGATATAAAATGGTCACCTCTCGTAGGATCAAAGAAAGAAGTATTGAGGTTACGATCGGGTGTTAGTATTGGCGATACCGGCGGCTAAGCAGGAAGAAGATAATAGCAAACTGCTTTGTAGTAGGACTGCTCAAACAAAGTGTTTGATATTGTGAAGTGCAGGAGGGTTTTATATTAATAATTGTGGTAATAAATTAATTGCTCCAGAGTGATGAAATTCCCGGCTAGATGAGAGAGAAAAATAGTGGGTCAGCAGATGCCCCAGCATGACAGAGTTTTCCAGCTAAGGATAAACAGTTCAACTGTGCCGGCTCCAGCTTCTACTCAGATGATGCTAAAGAAGCGAAGAGGAAGAAGTCAGAAACTATGTTGTTTGTTTAGGAAAGCCATATCTGAACAATCATTAGAGGAATGAGTCAGTTTCGAAAGCCTCAATTATTAGTGGTATTACTATAAAGAAAATTATTACGGCGTGTGCCAGCTGACAATCACATTATAAATTTGATCATCACCTAGAAGTGCACCAGGTTGACTTAGCTCTGCTCGAATGAGCAGGAGGCAAGGCTGTTCCGACTATGCCGGCTCAGGCACCAAATACGAATAAAAGGGTGCC	3-+80)<,)/79==4-,5+9/11//++,-+'%/$''*(%$$#(-14.=/,&&++*'(+*889:;836>2.28..+&)%&$%&'%**-3/0'+22*'$,/((57420%$$-88@4*%')173-0)(')$#%%"$%-%,-/1./44370??=@;49<2.-0)&973.**+02,///$+%#%67-4:6'59:?CD99F@;<''*&804:8(&)/9%?@))+(+0)?6('$;:9:9/38<5&-#$%&04:E432&+'2*35@C-))'2+(1+(%$%-,((+///'497761$%%'#.$)754>B8DCF?)-CAE?*..;211/&)(,52//-)00)388&&/82-%(73;D?A;>>>8?B*+0*1'''7-;<*&/$,*.*3/,//'$//=>:9<->(%$%%&)(+2'(>?7<5242)#%,/-//%&&.//2C2D,,-1,7+3,/-=)*25,87+8(%$&*&'%,9;<@;;<0''029B3'&62-).7584((275;06)&&&##$'*,%%/0%',,.4)7'8::6415?;:*/:;0/.-.9@60106)-12.2('''3,48<>1'*-5-*)*(,((+2&.%'**%&%)0%-*,%$)/68897,3<.=567468B4+*(('((.*8=+%)&13.,.	165.69833885423634	0.10679819638180495
201	33d4e33e-0ee7-4bbd-b8ab-8661e41f6db3 runid=ed1de13037eb1bcfeefc20d46af38743bdac68e6 read=59918 ch=34 start_time=2020-02-11T00:19:10Z flow_cell_id=ACE547 protocol_group_id=barcode_test sample_id=barcodes_fish h+(3),h-(0) h1 h+(3),h-(0) h1_123.15195221872399	ACATTGGCACCCTTTATCTCTGTTGGTGCCTGAGCCGGCATGAGATGGAACAGCCTTAGCCTGCTCATTCGGCAGAGCTAGAAGTGGTCAGCCTGGTGCATTCTAGGTGATGATGGAATTTATAATGCGATTGTCACAGCACACGCTTTCGTAATAATTTTCTTTATAGTAATACCACTAATAATTTGGAGGAAGCTGAGAGCGAGCTCATTCCTCTAATGATTGGTACTTGGAGATATGCTTTCCTCGAAGATAAACTTAGCATAAGTTTCTGACTTCTTCCTCCATCTTTTCTGCTTCTTTTGGCATCATCTGGAGTGAAGCTGGAGCTGCTGGGTTGAACTGTTTATCCTTTAGCTGGAAACTACCTCCTTTCATGCACAGAAGTCTGGTGACCTCACTATTTTTCTCTTCATCACAGCCGGAATTTCATCAATTCTTGAGCAATTAATTTTATTACCACAATTATTAATATAAAACCTCTGCGAATTTCAGTATCTAAACACCCCGCTTTTGTTTCGAGCAGTCCTAATTACAGCTGTTAAGCTATACTTCTCTTCCCGTCTTAGCCGCCGGTATCTGTCCGCGCAACCTGATCATGACCTCAATACTTCTTTCTTTGTGTGATCCTGCTGGAGAGGTGACCCATTTTATATCCCAACATTTATTCTGAT	#$%'*+::80/&$&*1;:3:,6226=<472230.+%(.-/%%%%$&(:458946,//%%../42089?23-&&&(#./.%#%%%#).14/%33+,(0$&$&-'%#(4B00544''*%&$((4//(-($%%020-,$%%/+,&.,)%'582()65/449@A98B?=0''',*'+05056296&8758/6924)'$$$#$$#%$&&$,/00$(,&).60('&*$#$)+2+---/+'%'**&&#&(/+-//,.+'5471'"##+$')(0.4,005,9:KJIAE<++.:D@ABJK?3')%"%/3673-%*-3+//.4-/(%'+'%&++,*+&),-)&'$-5<2005:75.53//0-*,%#&%2)'%)*$$)/01*+)*61**,((()(%%$$))+*-)*12*41351$7896+/;C>>,'.%'*(/,+',(48+8729/.,@9<<3'$&*#$(/.2866-./,+',,-$(-**-++./-/23-8:+1$%#$&%34/+&$%&$%#)*$%&)(('$#./219/0)%$$1..8**15/+*0./29:;08*(%$*,'%%#$(#),,:<@70//-0/'(')()&.41.82.(&#$#$&,('$%)),/&'(*''+7.>85&&71.1@8::3(*$&/6350788:66,-$*(,%$$##%(())+&3//A.-$;>ADH3926075-	123.15195221872399	0.15395285763604732
236	19e5d25a-51dd-49cc-8381-08902faed515 runid=ed1de13037eb1bcfeefc20d46af38743bdac68e6 read=48522 ch=61 start_time=2020-02-10T22:44:10Z flow_cell_id=ACE547 protocol_group_id=barcode_test sample_id=barcodes_fish H-(2,11),H+(2,9) h1 H-(2,11),H+(2,9) h1_113.92486934431562	AGAATAAGTGTTGATATCAAAATGGGGTCACCTCCTCCAGCAGGGATTAAAGAAAAGAAGTATTGAGGTTACAGTCAGTTAAAGTATTGTGATACCGGCAGCTAAGACAGGAAGAGATAATAGCAAACACAGCTATGATAGGACTGCTCAAACAAAAAGGGTGTTTGATATTGTGAGTGCAGAGTTTTATATTGTGGTGGTAATAATAAAATTAAATTGCTCAGAATTGATATGAAATTCAGCTAGATGAAGAGAAAAAATGAGTAGAGTCAACAGATGCTGGCATAACGAGGTTTCAGCAAGGGGATAAACAGTTCAACCTGTGCCAGCTCAGCTTCTCTCGGAGATGATGCTAAAGAGACGAAAAAAGATGGAGAAGAAGTCAGAAACATGTTGTTTATTCGAGGAAAGCCATATCTAGGGCACAAATCATTAAGAGGAATGAGTCAGTTCCGAAGCCTCAATTATTAGTAGTACTAAAGAAAATTATTACGAAAGCGTGTGCTGTGACAATCACATTATAGATTTGATCATCACCTAGAAGTGCACCAGGTTGAGAAGCAGCTCTGCTCAGATGAGAGCCAAACTGTTCAAACTGCCGCTCAGGCACCAAATACGGATAAAGGGTG	)1)48?4162>1-...%'-64310-12-7-&))284$@4.))442,$&/:1(+.,&$&&-54148574?6*$$$)6,7+,-=.(,+*,033165/,$$$$+,*4/=*%%-,+0*)+(**)'('%,)$$$%&''/+**#%%$-865055B:;57==+(%-.39(4C1/,**+.%$#%#&$%%(#)(-851++%&#$#%(%437744)%28-,%,*%%'+3%&96(('(+1+&&%)+,'/)5$)3.603.245*1*(*B688...7920+-1=:-37;251-.)'%$#%&&'(,38H30.)&+'**+''%%+,25;7<B?+3.313+$%*.7,60&$020&%&*%($#1./-,0028<+('&$&&&B@62')&&(*+,0(*+&+8;6*-3'%4677588B69;74)**3)2',/'*:;891$*+)'((01867++--&,(+0,3&&&.'3).)1$-$&''/21;=78<9353.7%13.)-)2-&'($,#+,%%#$%%&$$--2.**&'&'500/&%&$#/024/0(.140(&286:=<8,9))&$#&+/178:;3$'(*%&($%*&'376(07>&&6''$%#$$$()$'*'3,.)''&'#%%'=-<331,-,442<45--(>=AC&(%%7-	113.92486934431562	0.14356315773729014
238	c3e8a177-2f56-4ec0-a012-aa582ed8e9cd runid=ed1de13037eb1bcfeefc20d46af38743bdac68e6 read=49157 ch=83 start_time=2020-02-10T23:50:18Z flow_cell_id=ACE547 protocol_group_id=barcode_test sample_id=barcodes_fish H+(1,9),h-(0,-1) h1 H+(1,9),h-(0,-1) h1_113.63216904075452	GCACCCGCATCTCGTATTTGGTGCCTGAGCGGCATAGTCAGGAACAGCCTTAAACCTGCTCATTCGAGCGGAGGCTAAGTCAACCTGGTGCGCTGGTGACGATCAAATTTATAATGTGATTGTCACAGCACACTTTCGTAATTTCTTTATAGCAATACACTAATAATTGGAGGCTTCGAAACTGACTCATTCCTCTATTGATTGCTTGAATGTGGCTTTCCCTCGAATAAACAACATGAAGTTTCTGACTTCTTTACTCCATCTTTTCTGCTACTTTTTAATCATCTGGAGTGAAAAGCTGGAGCTAACAGGTTGAACTGTTTATCCCCCTTTAGCTGGAAGCCTCGCTCATGCTGGGAATCTGGTGACCACCATAACTCTCTTCATCTGGCCGGGTTCATCAATTCTTGGAGCAATTAATTTATTGCCACAGTGTGTATAAACCTCCTGCAATTTGCAATATCCAAACGCGCTTTTGTTTGAGCAGTCCTAATTACGCTGTGCTTCTGCTGCTATTATCTCTTCCCGCCTTAGCCTTAAGTATCACAATACTTAACTGATCGTAACCTCAGCCACTTCTTTCTTTTGATCCTGCTGGAGGAGGTGACCCCATTTTATATCAGCATTTATTCTGAT	2,,,)&$#$8:-=12)*+1/,5(*,**()('440))049*+1$)%%&(%%',*$4557:=B7:64&'*$$(#&-350)&23+,,.++,7.$%%,&&**.((%");9@?J59::45348/02306&'%$#$$&#(,+##&'/26;,>C7.&&$*3/,)**1,5545//25/,15;;30&$%##$%$8>?;8:692>8/((,*-/&#$%&*500.,55578,70.2-/99:4)39$22&&'#/,=61/5,&&200/'##%(1-/&&,8;9693;.&',>><+%.1:8<;83%&$%'%)$.9=?=.772%&((*)$%(&'&*07C<6:<>A80%,7&0,+'%,,$.)(&+8=973-&0,0-'%+-.*%(+&%)##($%'$"%$%%(02+'3'*.-/)'%+-&%&64624*),0'$888447,/-03(%&#'%)'((2(,),%#%/,-./6740,,%&))$&)))*$$)&)(((%')6=<;:-6,**145911413,027)(4<689?>822)()/46%&'+>>=7:<.-,())*+')''&&&',0*/3149.*($%'*)'%((,5(+,*.*)3*%%%$##%"#%%))-,%)(;>AA;-/75/3,%()(&&%%%%%&')),0354%(:;;@6%&(5147B	113.63216904075452	0.1468486651417263
296	d100b803-073b-4b64-9084-61ea86ead104 runid=ed1de13037eb1bcfeefc20d46af38743bdac68e6 read=32583 ch=85 start_time=2020-02-10T20:31:28Z flow_cell_id=ACE547 protocol_group_id=barcode_test sample_id=barcodes_fish H+(1,9),h-(2,-1) h1 H+(1,9),h-(2,-1) h1_95.18789206726946	CTTTTATCGTATTTGGTGCCTGAGCCAGTATAATCCGGAACAGCCTTAAAAACTACTGCTCATTCCGAGCAGGACTAAGTCAACCTGGTGCGCTAGTGATCAAATTTAATAAATATTGATTGTCTTTGGCACGCTCGTAATAATTTTCTTTATGGTAATACCACTAATAATTGGAGGCTTCAAAACTGACTCATTCCTCTGTGATTAGTGCCCCAGATATGGCTTTCCTCGAATAAACAACATAAGTTCTGACTTCTTCCTCCCATCTTTTACTACGCTTCTTTTAGCATCATCTGGAGTAGAAGCTGGAGCTGGCACAAATTGAACTATTTGCTCCACAGCTGGGCATCAACTCAGTGCTTTGGAAATCTGTGACCTCACTATTTTCTGTATCTAGCGGATTTTCATCAATTCTTGAACATTAATTTTATTACCACAATTATTAATATCCCAAACCTCCTGCAATTGCCAATATCAAAACTACCCTTTTGTTTGAGCAGTCCTAATACAGCTATTAGCTTCTGTATTATCTCTTCCAGTCTTATATAGGTATCACATTACTTTTAACCAGTCGTAACCTCAATGCTTCCTTTCTTTGATCCTGCTGGAGGAGGTATTTATTTTATATCAACATTGTTGAT	$%%%$&/,(,,*+%-,6:98.4/-+(%$#)*-%$$5)>,7/085-3141+*$()%#&%$+;9<<$450*''-.'&%%&,15.(,3566?6)'&%$,.&&0155727206011+%%&'6+<<))$#$%$%$%&&(1,.1840111@B@<@B+1$$.<>311-,012..-.,,/./(&((((%&+*1445+3.',,2,/-0)*,9679&,8*01/2+30++%%,6>@B7<06-/<>A7224',-+,('(,*(**;;>;A8)-92:91+1)+)(#"'*'%"$($%''%%279=?>:@+./')//.1?:;:<0$-75'&%$%&%$&2-4*'+%'(*'%&&.$$$$&'$''%%$$)%#$$%$'##%'(#'&&&$+*$$),..0:.01215.()-(,'%2)'$#$&#9@774,(A180=?=;&&%$%$$%%-434001..-%#%%$*%$*&''%$%##$'$())(++''&$$($(+.5330400+)$$(++.(055,%6/++')*/&&6')$$$$&$#%&&('#"#%###$#$'%*.1354&-$#))$&#%$#$$,.'%($$'$&,3564.&$$&$&02*,()+-,53&'&$$&(%*,/)463))((,(&*-2332'%)-/,,.*%$,64532.-'$%%)-$"%+24	95.18789206726946	0.18751161664712812
16	303a2742-8c4a-4338-891d-63825a1a82e9 runid=ed1de13037eb1bcfeefc20d46af38743bdac68e6 read=11431 ch=75 start_time=2020-02-10T23:31:05Z flow_cell_id=ACE547 protocol_group_id=barcode_test sample_id=barcodes_fish H-(1,7),h+(0,-1) h1 H-(1,7),h+(0,-1) h1_204.30225680400324	AGAATAAATGTTGATATAAAATGAGGTCACCTCCCTCCAGCAGGATCAGAAAAGTGTGATTACGATCAGTTAAAAATATTGTGATACCGGCGGCTAAGACAGGAAGATAATAGAAACTTTGGCTGTAGTAGGACTGCTTTTCAGAAACAAAAGGTGTTTGATGTTAATGGCAGAAATTGCAGGAGGTTTTATATTAATAATTGTGGTAATAAAATTAATTGCTCAAAAATTGATGAAATTCCGGCTAGATGAAGAGAAAAAAATGGTAGAGATCACAGCAGATGCCCAGCATGAGCAGGTTTCAGCTAAAGGGGATAAACAGTTCAGCCTGCGCCAGCTCAGCTTCTACTCAGATGATGCTAAAAGCAGAAAAAGATGGAGGAAGAGTCAGAAACTTATGAAATTGTTTATTCAGGGAAAGCCATATCTGGGGCACCAATCATTAGAGGAATGAGTCAGTTTCGAAGCCTCAATTATTAGTGGTATTACTATAAAGAAAATTATTACGAAAGCGTGTGCTGTGACAATCACATTATAAATTTGATCATCACCTAGAAGTCTTTCCAGGTTGACAGCTCTGCTCGAATATGAGCAGGCAAGGCTGTTCCGACTATGCCAGCTCAGATTGCAAATACAGAGATAAGGGTGCCGATATGC	6</359DB72=:CB?@CLIB=--%**'4,-.0,3&(0;1&))4?52;1-,+/%&'$%%%%(#%+.):127C@97&%,1(0&-'&+&9:5/&&(-6/2,.((57)+%*01*%%$,6,'')+'$$(#%(%+(43356%%&24-B4../059N;)(8>;<E433%%5&'$%$(()$,*-)0,**.23A8@EA>0//-/62,---156/288.-3666589++.40.;=:%('')0.-2<=;>>2135799;B//0:59*79@@B94))*)'&%(#%+$#&$0:39:6/.(3*9;620)&&(79E/92$56=?,./5A7361$03382?5&973'##%',*1'2,&&&,.+($%55<:763,+*-10*(''&&9E5('(*79>5CE$3+,368)&/2-''(---%%$(.(+.-05:@*1/3$(36BB8>?=@81;B=<=5>E41=;;<50==0*60//-%((8:B0:-30,()(=<//1/-//$-#&3.-0,/79>FB5)7?A9>@;).%"#'&&.+'&*<,5:48:8;IB<?;5368;CI:?-?;/%-=<@C@?:6&#+)((##'&&;1>DG?;0*+209BCDD7=7-)$$$*$%%%&'%&&$%*)&/A9;:7388'&%/%:>/8+.(')$-8@/)(&%$'9<9>6*8:91<I>=D@;%#	204.30225680400324	0.11372442638078656
34	b7d44735-b344-4a9f-8876-b32fa47dcde7 runid=ed1de13037eb1bcfeefc20d46af38743bdac68e6 read=40065 ch=121 start_time=2020-02-10T21:46:26Z flow_cell_id=ACE547 protocol_group_id=barcode_test sample_id=barcodes_fish H+(0,9),h-(3,-1) h1 H+(0,9),h-(3,-1) h1_185.45545338847327	GCGCCTGTATCCTGTGGTTTAACAACCATATTTTATTGGTGGCGCTATAGCCGCGATCATTCGTGCCGAGTTATTGTGGACTGCAATTAGTCGAACCGAATTTTTCAGCAAATGACCACACACGGTTTGATCATGGTGTTGGCGCTGTGATGCCGCTGCCTTTGTCGGTTTAGCTAACTGGATGTTGCCTTTGATGATAGGAGGCTTGAATGTGGCGCTACCACGGATGAATAACACTGAGTTTTTGGATCTTGCCGTTTTGCCTTTTCGTAGCTGTTATCCTCTTTACAGAAGGTGGCAGCTAACTTTGGATTTGGACCTTCTATCCCCGTTATCAACTAAATGCAGTCCCGACAGTACTGCGATGTTGTATTCTCCGGCGTACATTTAATGAGGATCAGTTCGATAATAGGCGCGATTAACGTCATCGTGACTATTTTAAATATGCCTTACCAGGCATGACATTAATGAAAATGCCAATGTTCGTGTGGACCTGGTTAATTACCGCATTCCTATTAATTGCTGTTATGCACCTTGTTGGCGGGAGTGCAGTGACCATGATCTTGGACCGATAAATGTTTTGGTACCAGTTTCTTGCTGATGCTGCCTTTTAAGCGGTGGCGATCGGTACTCTTCAACATATATTC	*#$)*+787##&##()$*+&'&()%%--/1/13)()*)*+&*&'&'&$)'&&&&+3234689:B<86.))%(&()-0001.2-76658281;**23.00003249@6134,.)+-*)%)$%%$&0(.)4417$%%&-&1)(646?=<<63+*))%#'(,,0/-037-/6@997>0<06:BHH;6<5259:>/9//8.((1.&'%##%&&)''%'*('$$#$$$%+,).//634/$01.0&:*/==<8:?=68/.4;:7>::266*8:98(.+%$*(+$)$$)$$*+)%/5.17+97()$$%)4&%"%&%,5(()07A:/0.1*(-<?>H:69?2/3,.*/34.$$)))2152&(''0:2-,*((+-*2.&25)2497989(5=;79>CCCA(('2?<8@9;=+::AAC+%%+2---0/.08*44/<..6'*5099=AB@::=843-)'&#$$%$$&$#$$''))++,-/110/5&&(<;512?1:)6.*48;23/.-4++.,3389.533:$*'(,.0**-$#$$%&.61..+,()($%(4&&(&#'6'''/034..*(*,42..%%+10(')*+%$%98.'((5.5<.A8DB043&$+(1))))/++*-1(&#+(**0$'&+.)<2649B=8;0?4$876/)).+8	185.45545338847327	0.12968089847813033
88	01d8c631-5c0e-497c-a021-690cc0a4d331 runid=ed1de13037eb1bcfeefc20d46af38743bdac68e6 read=3211 ch=7 start_time=2020-02-10T15:59:29Z flow_cell_id=ACE547 protocol_group_id=barcode_test sample_id=barcodes_fish H-(1,9),h+(0,-1) h1 H-(1,9),h+(0,-1) h1_159.6611296658675	AGAATATATGTTGGAAAAATTCCGGATCGCCGCCAGCAGCATCAAAGAAACTGGTACCAAAATACTTATCGGTCAAGATCATGGTCGCTGCACCTGCCACAGGCATAACAACAGTGTAGGAATGGGTAATTAACCAAGTCACACGAACATTGGCATTTCATTAATGTCATGCCCGGTGCGCGCATATTAAAACCGTCACGATGACGTTAATCGCGCCATTATCCGGGCAGTCCCCATTAAATGTGCGGAGAAATACAAACATCGCAGTACTGTCGGGACGTATTTAGTTGATAACGGGGATAGAAGGTCAGCAAAGGATTGAGGCCGCCACAACTACTGTAAAAGTATTAACAATAATGAAAAAGGCAAACGGCAAGATCAAAAACTCAGTTGTTCATCGTGGCAGCGCCATATCTGGCGCTCTATCATCAAAGCAACATCAGTTGGCTAAACCGACAAAGGCAGGCGTCACAGCGCAAACACCATGATCAAACCGTGTGAGGTGGTCATTGGTTGGCATTCAGTTCGACTAATTGCGGTCGGGTTGGAATAACTCGCTTTGAATGATCATGACCATAGCGCCGCAATAAAAAACATGGTTAGCTAAACCACAGATAGGCTGCCA	+,+168286-%3,<,4-((#%$,+0;6513)3328212$**.?D=&*79*%%+06,)*,1::70)9:3.>2;3=5&03-60++411(/0+'(,,+)''((()++10A-//&''-;23'/.&.*)%*463>@>0..&$)(6&&%$(&&()*)*/+-67<C/;@<;;=<G:1110&&02%$&#$$'&&#%';5,%$'(/%))&$#&&()432.<,&--,)()6%%=*1*%%%:;CD<:B==?;:5;%*+**&463//555,47<>,-,2CDED?8@&::.--666:>7;6:967A6.)4.+.++(''(0)A4+5FA,+%#&&$#+111036(0&#&.)+AEDJC-'*/,,.**4=:<B??@>A:2('-0233((2-30&+%.(+2320)6*-)0)%,*+%0)8+.,4=><68%%''*%(.*,=3=:+)3**1*-&&.1$1'$>)4+-*20-4/),(()/??*21//2?/,(4)((A;49<9-07=:%&)4/;/-&6:*4&*.&')9:;>E6<=*(:.*$#&#'0'>(0;4/336++.3%%0+=(-(,(/$4AEI;521,&&&'%$#$$*260'&#+.)')$&(22)6C<676*)0'$.--(:''%%&/412/42452,&-4>A?<=;	159.6611296658675	0.10934131913495322
105	ca23aa6c-3084-4b4e-9995-f925f11a613e runid=ed1de13037eb1bcfeefc20d46af38743bdac68e6 read=62204 ch=121 start_time=2020-02-11T01:23:39Z flow_cell_id=ACE547 protocol_group_id=barcode_test sample_id=barcodes_fish H+(3,11),H-(2,10) h1 H+(3,11),H-(2,10) h1_149.39909068103495	GCACCTTGTACCTGTGGTTCAGCTTCTGCATATTCCTATACTCGGCAGCTCTCGTTCGCCATGGTGATTCGCGCCGAACTGTTCCAGCCCGGCTTGCAGATCGTAGCCCCGGCGTTTTCCAGCAGATGACCACCATGCATGGACTGATCATGGTCTTCGGCGCGGTGATACCGGCGTTTGTCAGCTTCAACGGCAGATGATCCATGATCGGCGCGCCGGACATGGCTTGCCGAGGATGAACAACCACAGTTTTTGGCTGCTGCAGGCATTCTTGCTGCTGGTGTCGACGCTCACCGCAGGTGCTGGAGGTTGAACTTCAGCTGGACTTTCTGCGCGCCGCTTTCTGGGAAACATATGCGCGGCGTGACTTGCTTTATTTTGCCATTCATTTGATGAGTATCAGTTCGATCATGAGACGATCCAACGTGATCGCTACCATTCTCAATTTGCGTACCCGGCATGGCTCTGATAATACCGCTGTTTGTCTGGACCGCAGCTGATCACGGCGTTCTGCTGATCGCAGTGATGCCAGTGCTGGCCAGGTAAGTGACCATGATGTTGATGGATGTTCACTTCGGCACCAGCTTTTTCAGTGCGGCGGGGGCGGTGACCAGGTGCTGTTCAGCATGTGTTC	*%$&$$%#$%000217:F+2870/8?A2+($$%++1-%%%)+34,&&30+,)(*-0<2./('(&&88<101++*).01>E5C?%A5,>>7.3#$(*..02-=)'$,.++%&*111C77,;3*22)7654:?256)*)(/1-5-515-);%%%)67:43%-43.-25;.&&==17-38E350=%--352'#%%('(+%*'2:<;+-14/3$*((+255'%-,'&$%$*/.;?6,.)1(('))-'*)&./72BB?=/5:989=$-$%46=BD3137DGB??..<5.60-'&-5=5=>0**.+.$##'+$+(#%'&%#%)3$=<<<62$$99=9*277<><'01<8/%%('-8,47644535&&%(*+:699:$)*.4&&(/(,9=//01$'*%1,((%;C><5*2)1A><4;'%&$(#&*=&&1'#$%(,*,0'&'')0,-)%&-)%%))10-.'.'$$&$$#%49/>/2$%%'%%(+:=@<;D:4.)/6<2+)$%%-)')(/9./04.01.;.11/736:*&&.123/.//)9>=;9*5.((.471.4655>B<689,,#&*6/204$$4$$%$%(+$,++01-.+-/24*:,25=223++%3,6&&543310&/($&%'/A)>:4<=127+9-0	149.39909068103495	0.11677442473171813
214	8eef6172-1426-4f33-bd56-6e0046242bae runid=ed1de13037eb1bcfeefc20d46af38743bdac68e6 read=67079 ch=34 start_time=2020-02-11T01:18:44Z flow_cell_id=ACE547 protocol_group_id=barcode_test sample_id=barcodes_fish H+(0,10),h-(2,-1) h1 H+(0,10),h-(2,-1) h1_119.26265738519474	GCACCCTTTATCTCGTATTGGTGCGCAGGCCGGCATAGTCGGAACAGCCTTAAGCCTGCTCATTCCAGGCAGTTCTGCAGAAGTCAACCTGGTGCACTTCTGGTGATGATCAAATTTATAATGTGATTGTCTGGCACGCGCTTTTCGTAATAGTTTTCTTTATAGTAATACCACTTCAGCAGTGGAGGCTGAAACTGACTCATTCCTCTGATTGGTGCTGAATATGGCTTTCCCTCCGAATAAGTAACATGGTTCACGACTGACTTCCTCCACATCTTTTCTCTTCTTTGCATCATCTGGAGTAGAAGCTGGAGCTGGCACAGGTGAACTGTTTATCCCCCCCAGCTGGAAGCCTCATTTCATGCTGGGGCATCTGTTGACCTCACTATTTTTGCTCTTCATCTGTAGCCCGGAATTTCATCGAATTCTTGGAGCAATTAATTTTATTACCACAATTAATATCAAACCTCCTGCAATTTCACAATATCAAACACCCTTTTTTGTTTGAGCAGTCCTAATTAGCTATTAACTATATGTATCTCTTCCCGTCTTAGCCGCCAGTATCACAATGCTTAACTAGTCATGACTGCCTCAGTACTTCTTTCTTTGATCCTGCTGGAGAGAGAGTGACCCATTTTATATCAACATTTATTCTGA	)%&A@<'*,(01+/'$$$%)8;0%#'&&-*(&1//.6-(8+1).12--((*,+$<=<>(,>9>?%'%&(%%$+,'&%(($)'&36*%-+(&+A99:11484)159:78756+-,/:1645.%$-3=<B3.:$%$'$#'(+-??=34%%&''(&253255;:1,-'+/(%%45.''-'.+)*1701$%%#'$$%$#%+)<<?1EF.2(5)$$010,2,())(+'&(+1))/:;=:2&+-+*))%'&'%&'(('-%'$$-(%&$#$()$*0-7*&23379331%1575431#&,46/+8'+%($-*&(%*8@?:$;=2;,))()0*1*-.+1),D@501>/+'$$*.(((&$*%-,++$%',46;;674*1/,+-67.&7)886.2&$)%(,21*11,.*-32.-&&#)%-($,('0+2,41,3#&&C?;:=/-&3884361*)+'&$$&'0.55;003(*%%'"$,)02('**&))&%421%%%0/,+2&(,+554<%6@BB>52@>3+$''6&&(<81/2&../&&')&&&$#$##''9=<BG>01)/9958&,*)++-'8</)4#$$&%##+*,(&$$',/((%$""#&(+/,#%&//0-21633465=//1.*00/::2$)()%*-5459)%-6641,,24712?BIF9=55-/.	119.26265738519474	0.15442053012044188
248	52c34a7b-ad28-4b13-a32a-8a0e77dc6060 runid=ed1de13037eb1bcfeefc20d46af38743bdac68e6 read=24854 ch=8 start_time=2020-02-10T19:04:04Z flow_cell_id=ACE547 protocol_group_id=barcode_test sample_id=barcodes_fish H+(0,11),h-(0,-1) h1 H+(0,11),h-(0,-1) h1_111.91295980428826	GCACCCTTTATCGTATTTGGTGCCTGAGCGGCATAGTCGGAACAGCCTAAGCCTGCTCATTCGAGCAGGAAACTAAATCAACCTGGTGCACTCCTTGGTGATGATCAGATTTATAATGTAATCGTTACCTTTACACGCTTTCGTAATAATTTTTCTTTGTAGTAATACCACTAATAGTGGAGGCTTGGCCCAAACTCATTCCTAATGATTGGTGCTCGATATAGCTTTCCTCAGATAAATAACAGCTTCCTGACTTGCCCCCATCTTTCCTACTCAGCATCATCTGGTGTGAGAAGCCAGGCAGGACAGGTTGAACTATATACTGGCGCTGGAAACCTCGCTCATGCTGGGGCATCTGTTGAGCTCACTATTTTTCCCTTCATCTGGCAGGAATTTCATCAATTCTTGGGGCAGTAATTTTATTACACAATTATTAACATAAAACCTCCCAGCAATCTCACAATATCAAACTCCTCTTTGTTTGAGCAGTGCTATTACAGTTGTGCTTCTAATATCTCTTTAGTCTTATGCCAGTATCACAAGCCTTTTAACAGTCGTAATCATATGCTTCCTTCTTTGATCCATGCTGGAGGGTGACCCCATTTTATATCAGCGTCTATTC	'%&+23*506618D7787,)$&//++('%&+*($$')//915339A652-:7661/7947-7'&&$%&$'%$%%&'*))((())'%4*+476$'$(055$$)&,-95%0%4-434..,+932;%46.'('(%%#%('(.202+,+(&'*&+,,+1020$$$&',($$((-74%$$%(61-.+'#$&'&%$#(&$$&%*%.%)(-,+-.:<0-5)'%(%--(%%'%&)+&*29(':9>@53>77;)''*#'%&$$$%"###$#1:;<=6'+.$"$&$0565@=??431<6)))$%(((($(%''/3/++.-:,)'-45)"#$#"$&,#)),))'+045*21<=<97328266:80,AC16/(&#$(*+*2<?A==94@90A978A;52....*1*;07982.'%0*/1*/4255&'')$-,.1'*1%/02//1%%')$&)0<;;3@?@-=&+-.87<?17**+&$&%)(%%351-,+*+-.39.&$$%++4&/34),(00;03%*%&&&(+'$14=?<9:0#(..+-,$$$%%%*5&$.&*+'%$%%')'%#'&'8://2284&++('$$$,.>BCCB3%%%%9%&%1853.(('),(,+*$%).00540,8-())4=<.7.3	111.91295980428826	0.15627799374022067
318	d65b2649-de1c-458b-8513-538af7376688 runid=ed1de13037eb1bcfeefc20d46af38743bdac68e6 read=67489 ch=106 start_time=2020-02-11T01:44:44Z flow_cell_id=ACE547 protocol_group_id=barcode_test sample_id=barcodes_fish h-(0),h+(3) h1 h-(0),h+(3) h1_86.70407294688825	AAAAATCAGAATAAATGTTGATATAAAAATGGGGTCCTCCTCCAGCAGAGATCAAAGAAAGAAGTATTGAGGTTACGATCAGTTAAGTATTGTGATACTACAAGCGGCTAAGACAGGAAGAGATAATAAGAAGCACAGCTGTAATTAGGACTACTCAAACAAAAGGGTGTTTATTGTGTGAAGTGGGAGTTTTATAGTAATAATTGGTAATAAAATTAATTGCTCCAAGGGTGGTAAATTCGGCTAGATGAGAGAAAAAATAGTAAGGTCAACAGATACCCAGCATGAGGCAGGTTTCAGGCCAAGGGGATAAACAGTTCAGCTCTTGCAGCTCTGGCTTCTCAGATGATGCTAAAAACTAGAACAGATGGAGGAAGAGAATCAGAAGCATCATTGTTTATTCGAGGGAAAGCTATCTGGGGCGCAATCACTGAGGAAATGAGTGTGGTTCCAACCTCAGATACTATTAATGGTATTACTATAAAGAGTGTGGCGTGTGCTGTGACAATCACATTACTCGGAAATTGATCATCACCTAGAAGTGCACCAGATTGACTTAGCTCTGCTCGAATGAGCGGGCTTAAAAGAGCTGTTCCGACTATGCCAGCTCCAGGCACAAATACGAAGATAAAGGGTGCAATAT	**+0/*04)11457A1181*04;:;;997335/0)),++.,&,1),//++766=4''%40'1*&'&$%'$('7'&,0/'<).*4.4&2--.,2;;;0%&&--%&(()'(&$'*%%36$*%&<:<=:79)$'&$')*,219/.1%%'%&13))#%.9=:.@HF-$**-+12=1##$&(%&%&%%(#&'#1%5?:2*&(.*'())(*,358//7801+2(%%*$###&+*%--.,)+)('%((''7/536(((%'%%(CA4323./..)0,=<001.&$###%)*.*&(&(%%%%)&A+5''('%*-'+7A?:<=-44540#%$())*,&'*+723'%'#$.'%)&(56452*&02>9-0-+()0-=><@99*3'&1:,(-'$'%'$'&##''$#%-).42,02485=96(++$#(,.,'),/-$%))'12+-+''()'&$#%%&&%&$%==&9$&./(7)$#%""%##%%$$&$),+-%+-/,,4*%$'/%'+'''%'(634954&+,3&,(),+--%$%$&%&#%*%#('*-:4?A5.&'$+5($$#'&*"$&')0003(*/=9+'6<0,-$%#%%%&&##&,2,'%%%1.'1))&**-04/00'$(9;%=2(.-)*-/,))$%$&&//06)'*('##+((*$	86.70407294688825	0.17813156421141568
322	3f9cdb8f-5036-4e8e-875b-4943a9f7104d runid=ed1de13037eb1bcfeefc20d46af38743bdac68e6 read=22291 ch=120 start_time=2020-02-10T18:32:12Z flow_cell_id=ACE547 protocol_group_id=barcode_test sample_id=barcodes_fish H-(0,7),H+(1,11) h1 H-(0,7),H+(1,11) h1_81.05323930577161	AGAATAAATGCTGATATAAAAAATGGGGTCACCTCCTCCAAGCAACAGGATCAAAGAGAAAAGTATTGAGGTTGATCGATTAAAAAATAATGACAGCCAAATACCAGCGGCTAAGACAGGAAGATAATACTTAGAAACTGGCTATAGTGGGACTGCTCAAACAAAAAGGGTGTTTTGATGTTAGTAGCAAAAATTAGGAAGTTTATATTCTTAGTAGTAATAGATATTCTCAAAGTGATGAAACTCGGCTGAATGAAGGAAGAAAAATGGTAGAGGTCAGCAGATCTTTAGCATGAGCGAGTTTCCAGCTGAGAGGATAAACAGTTCAGCCTGTGCCCGGCTCCTTCTACTCCAGATGATACTAAAAAAGCAGAAAAATGAAGGAAGAATGAAACTTTCATGTATTTATTCAGCCAGTCCAGGCATAATCAGTAGAGAATGAGTCGATTCAAACCTCAGTGTGAAGTGATATTACTATAAGAAAATTATTACAGCGTTGTGCTGTGACAATCATTATAAATTGATCATCACCTAGAAATTACTAGATTGACTAGCTCTGCTCAGGCGAGCAGGCTTGAAGCTGTTCCGACTTTATGCCAGCTCAGGCACCAAATACGAGATAAAAAGGTACCAGACT	4)6*%%.10/97:5.4.:A3/15-,/13485526011$)(&$&&%#'+01/<3(%08'63)$&+'')/-64<4(247-,0??@.*,'%%$'(%$&($&).(%%&-%+%%5713,7,$$3;%-61//,*+#$%'%')%$$&//)'$$&,&9;6.03(+3312BFB/)')'22+;@@<77((8(&%'#))/2)/&,.)44&)+%90'&&)*%$&+$2$+//*('#$%&$+(*343&,6/(+*).&%%*$+-5('74441-%%-*7A:3)$$&,&'$(+(40$*++)*$$&$(--0..--&%%/%+'%..),,%(-$5:/*,0+,-0/1&%$$$$&/+,'#(2<=$*#(,'&$)$0),=22-)),&*9;41+)/62@C7'&%$#),+&,)-*$#%%%##&&"$$$+$$&8464/'$$$#$&'$%%$%$$./38+&/(()()1''&443&'()'&)'&)'41&9-,%%$*,''$$$&($$))77$-/(()+.-.'%&&%%#(%0#"%$$'*(),0--46($%$%%*).551:=8=7:4.1/.,/,63)*$02(%$$&&&&.-*53<3%'&'')('()('')*,&10*8/',(&'),181/,0*9@+:7-+))'))(.+)%&%'//6:*&%'/.)*+$)-),	81.05323930577161	0.17669204720108994
324	146827a5-46b7-4ad8-b516-2e8aa381d3cb runid=ed1de13037eb1bcfeefc20d46af38743bdac68e6 read=49333 ch=121 start_time=2020-02-10T23:16:25Z flow_cell_id=ACE547 protocol_group_id=barcode_test sample_id=barcodes_fish H+(2,8),h-(3,-1) h1 H+(2,8),h-(3,-1) h1_75.62137279966727	GCACCCTTTATCTCTCGTGTTGGTGCCTGTGAGGCCGGCATAGTGGAACAGCCTTAAGCCTGCTCATTCAAAGCATTAAGTCAACCTGGTGCTAGGTATTGGTCGGTTATAATGCAGTTGTCACTGCGCGCACTAAATAATAATTTTCTTTATAGTACCACTGTGGTGGAGCTGGGCGTTAATTTCTCTAATGAGTTGGTGCCCCAGATGTAGCTTTCCCTCAATGAAACAGCATAAGTTTTCTGACAGCTACATCATAACACAGCCTTTGGCATCATCTGGAGTAGAGCTGGAGCTGGCACAGGTTGAACTGTTTATCCCCCTTTGTGGAAACCTCGCTCATGGGAATCTGTTGGCCTCTTTATTTTCTCTTCATCTGGCGGAATTTCATCGTTGGAGCAATTAATTTTATTACACAATTATAATATAAAACCTCTTAATTTCACAATATCAAGCTTCCCTTTTGTTTGAGCAGTCCTAATTACAGCTGTGCTTCTACTGTTATCTCTTCCGTCTCAGCCATGCGTATCTGTACTTTGTGATCATGCTTATTCACTTCTTTTCTTTGATCCTGCTGGTGGTATTTTATATCAACATTTATTC	%#%%&$#$$):=/95(-.)<520647=>:,%$*/1/066-((&$%'$%((.998863+6750*+714/(&*%&&&&)$$),<5+56/+)*$#&$0*%%%%+$$1(%6)1./%$#$$('<)**$"#%####""#(%%$'-+-1-/202.341(&',-&10+%&%$&*60.)(+/+%%#$#$%$(-)*&*%$%"##'(++$>,595+*051)&'3@CE>=81)-'%$&*-#$(&'%$%('+42)%$,(&&$)-)&,*),,-)(&$'%&##')%8>:5B50;0/-$*))#&(,224%(331*(&'),+6(,-5?;7(30566:80,(47$(('+.'$'&(&,32&(%&%$&,1.'-%'&,-,.&&$'09<5;?BD2@-')%'+))/+/*/-/021$"'',*,//'%)%)%*('&())&''(&#)(&-8:62;;22&(%+'*4:=?:100321/+-.($$$$%'$#(89=5=/%()((9%%--5-,.%'')&&+61))+''%*+%)+16+*264)./?954,%+-($#"$.(*+$#%&$%(&$$&%%3$&%$%&$'('$%)**-34,(%'%()%-(%'...&*%#$%,4:7<:423622556457>B	75.62137279966727	0.19109957747213063
326	64093e6c-8b6a-43b6-bed1-f44d7a99ac9b runid=ed1de13037eb1bcfeefc20d46af38743bdac68e6 read=72456 ch=29 start_time=2020-02-11T02:27:18Z flow_cell_id=ACE547 protocol_group_id=barcode_test sample_id=barcodes_fish H+(3,10),h-(0,-1) h1 H+(3,10),h-(0,-1) h1_71.62718314121423	GCACCCGCGCCCTCTCGTGTTTTGGTGCGCACGAGCCGGCATAAGTCAGGCAGCGACACCTGCTCATTCGAGCAGGCGGCTAGAGATCAACCTGGTGCGCTTCTGGTGATGATCAAATTTTATCATGCGATTGTCCTGGCACGCCTCGTAATAATTTTCTTTCGTAGTAATACCACTAGTAATTGGAAGCTGGAGCAGCTCATTCCTCCTAATGATTGGTTGCCCCAGATTATGGCTTTCCTCAGATAAACAGCATAAGTTTCTGCAGCTTGCCTTCCTCCATCTTTTCTAGCTGCTTTTAGCATCATCTGGGGTAGAGAAGCTGGAGCGCTGGCTGGCTGGGTGAACTATTTATCCCCCTTGGCTGGAAACCTCGCTCATGCTGGGGCATCTGTTGACCTCACTATTTTTCTCTTCATCTGTGATTTCATCAATTCTTGGAGCAATTAATTTTATTATGTAATTATTAATATAAAGCCTCCTGCAATTTCACAATATCAAACACCTTTTTGTTGATCCTAATTAGCGTATGCTTCCTGCTATTATCTTCCGTCTTAGCCGCCGGTATCACCAATGCTTTTAACTGATCGTAACCTCAATACTTCTTTCTTTGATCCCTGCTGGAGGGAGAGTGACCCCACATTTTATATCAACATTTATTCTGGT	-''()%$#%%$#$+%/,+,/0+'-54$+('&%&'+))%&%%$'%,,7%##&&&%$%'&333/+.<,11/,))%%)($''.0*&'%'(62-<;43182&%#%(%$(1/70/4-'5--*,0*)%$#((*/+**+:%%''($##%%%$'*/5>4-0'*,,).*,)$$$%%'(-*+..*2./$''$$'0-'()(+%%$&%%+575(++*#$$*'%$$$#%'#0',*)(''')'$%')$((.2616-7)(+%(*'(0%-(-.$$(-,.&$%&%$%%#$%#,*.*477>@>91,70($#%$$2433%3129@96>61'',**'%%&%'&/.3%(#&"$$%$&%('&$'(),+.-.%%)2%''4'*&%)((##%&''$23170:??--+#%&.3,/033,,$&%))+/5*$&(.9>D@A;6C-4'--%%$&&$*+1-'.,0&:99A01++'('%****75.*$%%$#'('/.+(*.,21//-'&)),.21(),%+4*2(*+)**234.')'..+28633$%,,=@513&&(%-11-(&(22*-..--03.1'%%)103&4627*.,*(())2;,$2%$()(&&)564/+#$%''-3+-6567/@6(&&)+'/335555*%)/04.(*&',/(,-%%+%%%)(++++-'3FE@:--.-/*$$'&)6*962=.3@	71.62718314121423	0.1824576768939443
